id,split,path,duration_sec,text,sampling_rate_hint,ALDi,ALDi_bin
1bbc72f2-ed56-444b-9fea-7d7aee39c450,mediaspeech,../data/mediaspeech_ar/AR/1bbc72f2-ed56-444b-9fea-7d7aee39c450.flac,,الدوليه بجامعه واشنطن شكرا جزيلا نهايه الجزء التلفزيوني من نقطه حوار استمروا في الادلاء بالراي اونلاين لكن الحديث يتواصل علي راديو بي بي سي معي انا محمد عبدالحميد بشكل مباشر بعد قليل,,0.017984,low
0e92276f-20ac-44d4-a4ab-034156c3080c,mediaspeech,../data/mediaspeech_ar/AR/0e92276f-20ac-44d4-a4ab-034156c3080c.flac,,مساله اخري يعني ضروري انه واحد يذكرها نحن نواجه تحديات كبيره قد تكون الاصعب علي العصر او او التاريخ المعاصر بالنسبه لليمنيين وهو شيء ولما حضرتك تسميهم الاخوان وبعدين,,0.246833,low
d751a6a1-1362-408b-9079-1090fa478186,mediaspeech,../data/mediaspeech_ar/AR/d751a6a1-1362-408b-9079-1090fa478186.flac,,لف الشرائح الاجتماعيه فهي تشهد و تلاحظ هذه العنصريه الهيكليه و التحرش الهيكلي و هذه هي المساله التي تعتبر الدافع الاساسي لهذه الاحتجاجات,,-0.003591,low
15de5fc3-cb6a-477c-8d86-74ed26ea9cf3,mediaspeech,../data/mediaspeech_ar/AR/15de5fc3-cb6a-477c-8d86-74ed26ea9cf3.flac,,وهي خمسين بالمائه من المصفوفه تعيين المحافظ لم يقم الانتقال باي شيء مما عمل و هذا واضح و بما قامت الحكومه من جانبها معالي الوزير لان بصراحه كل ما يخشاه المتابعون للشان اليمني ان تتحول عدن الي صنعاء جديده,,0.004319,low
42682233-3e5f-4166-840d-4fcddad4bb1f,mediaspeech,../data/mediaspeech_ar/AR/42682233-3e5f-4166-840d-4fcddad4bb1f.flac,,لكن في نفس الوقت هل القطاعات ما قادره عليهم تحمي البلد لا بالعكس قطاعاتنا قادره و عندها القدره و عندها القابليه بان تحمي العراق و تحافظ علي سيادته و تحافظ علي كرامه المواطن,,0.373121,mid
33190658-6a77-4cf7-9cf5-5609ba8de065,mediaspeech,../data/mediaspeech_ar/AR/33190658-6a77-4cf7-9cf5-5609ba8de065.flac,,اليوم انا قلت لك انه معركتنا هي معركه الاستخبارات يجب ان نركز علي الجهد الاستخباراتي علي ذكر الاستخبارات لاحظنا في الاونه الاخيره يعني اصطياد رؤوس تابعه لتنظيم نعم داعش,,0.030173,low
aa882652-7225-4441-ac7e-4542aedb6ca1,mediaspeech,../data/mediaspeech_ar/AR/aa882652-7225-4441-ac7e-4542aedb6ca1.flac,,موسكو استمرار التنسيق مع انقره من اجل ارساء حل و وقف لاطلاق النار و رسم درب العوده الي المفاوضات الليبيه انطلاقا من مخرجات برلين الحل الليبي من البوابه,,-0.005804,low
56eeb046-dadb-4401-a759-db24aa8c0ed3,mediaspeech,../data/mediaspeech_ar/AR/56eeb046-dadb-4401-a759-db24aa8c0ed3.flac,,هناك محاوله لتخفيويف المتظاهرين كان هناك شائعات اطلقت طيب قبل اسبوع بان طيب التظاهرات ساعود اليك ساعود اليك دعني دع,,0.034948,low
46d04763-4cde-4d5c-956a-1ce18bdefae1,mediaspeech,../data/mediaspeech_ar/AR/46d04763-4cde-4d5c-956a-1ce18bdefae1.flac,,المغزي من ذلك واحنا النهارده كلنا شايفين احنا اصلا مفروض ان المؤسسه التشريع ومستسقي الرقابه اللي هو البرلمان هو المدافع الاول علي الحكومه وايضا هو الذي يضع السياسه العامه للدوله,,0.540959,mid
2af94157-5f91-4fc2-bb88-6665b50dcd01,mediaspeech,../data/mediaspeech_ar/AR/2af94157-5f91-4fc2-bb88-6665b50dcd01.flac,,استمر وهذا ما حصل واليوم ا اذا كان هناك هدنه فهي هشه لان المصالح العسكريه والسياسيه لا زالت مستمره لم يتم التوافق عليها وبالتالي تركيا اا لديها اولا وهم النصر,,0.033794,low
b7fcac46-d14e-44f8-9adf-79ec0a3cbdd6,mediaspeech,../data/mediaspeech_ar/AR/b7fcac46-d14e-44f8-9adf-79ec0a3cbdd6.flac,,حياكم الله مشاهدينا الكرام قال مؤتمر المانحين الدوليين لليمن الذي تستضيفه الامم المتحده والسعوديه ان اليمن علي حافه الهاويه وان كل المؤشرات تفيد بسرعه انتشار فيروس كورونا المستجد في,,0.003859,low
e16b0521-d90f-4b10-8152-00568f6279b4,mediaspeech,../data/mediaspeech_ar/AR/e16b0521-d90f-4b10-8152-00568f6279b4.flac,,حرب انتم لا زلتم تخوضون هذه الحرب البعض وصفها بالمعارك الجانبيه وهي معارك تخرج عن اطار المعارك المرسومه من قبل قياده التحالف العربي هل هذه المعارك ستثنيكم عن,,-0.004942,low
4020842e-4ec5-428a-8f4f-5c740774ffbc,mediaspeech,../data/mediaspeech_ar/AR/4020842e-4ec5-428a-8f4f-5c740774ffbc.flac,,تقنيه صحيح كل الدول لا يمكن ان تاتي باولوياتها جميعها وتطرحها خارجا بحجه ان اننا الان في تقشف وانما هنالك ترتيب لبعض الاولويات لكن دا,,0.070124,low
1b6ca648-5be8-461f-9fb9-29e7ae3e0292,mediaspeech,../data/mediaspeech_ar/AR/1b6ca648-5be8-461f-9fb9-29e7ae3e0292.flac,,لم تتصالح مع نفسها حتي اليوم لازلنا عنصريين حتي الانظمه التي نراها تواجه العنصريه اغلبها تتعاطي في محاربه العنصريه تعاطيا نظريا تحكمها,,0.023933,low
7b563d94-632f-4c58-b866-6ead65c2f514,mediaspeech,../data/mediaspeech_ar/AR/7b563d94-632f-4c58-b866-6ead65c2f514.flac,,ولا نتكلم بعد عن مراحل عن جائحه كرونا ونتائجها لكن نحن امام مرحله كبيره اما هذه المرحله تكون الولايات المتحده الامريكيه تفرض شروطها علي المنطقه او بدات بالتراجع من المنطقه هي امام مرحلتين,,0.172134,low
33e02095-b34c-4867-b367-ed8655de79f2,mediaspeech,../data/mediaspeech_ar/AR/33e02095-b34c-4867-b367-ed8655de79f2.flac,,الجماعات الارهابيه تغيير المعطي الاستراتيجي للنظام الايراني كل ذلك وهذا الامر غير متاح حتي بالنسبه لايران لذلك لا اعتقد ان هنالك امكانيه للوصول الي نتيجه في فتره وجيزه اصلا فلنتذكر بان المفاوضات ما بين الولايات,,-0.004577,low
66c6e2e8-0160-453c-9212-9f96daea5890,mediaspeech,../data/mediaspeech_ar/AR/66c6e2e8-0160-453c-9212-9f96daea5890.flac,,خلق توازن داخل البيت الليبي هذا التوازن يقود الي استقرار سياسي ويصنع مؤسسات سلطه ومؤسسات تشريعيه ومؤسسات سلطه تنفيذيه ويقود الي,,-0.005491,low
4e52454e-f25e-43fc-b8d2-6072ac73169d,mediaspeech,../data/mediaspeech_ar/AR/4e52454e-f25e-43fc-b8d2-6072ac73169d.flac,,اقسي من السابقه ما الذي يسعي المشرعون الجمهوريون اي الاتيان به من جديد في هذه التشريعات التي يسعون الي اقرارها في الكونجرس اا هو طبعا,,0.001474,low
12078071-52e1-42b8-ad9c-ba3a7f7fdecb,mediaspeech,../data/mediaspeech_ar/AR/12078071-52e1-42b8-ad9c-ba3a7f7fdecb.flac,,للمنظومه القانونيه لتويتر ذاتها ولدي انا مستندات قانونيه كيف ان بعض الاشخاص قاموا بالقذف والتشهير ضد اشخاص معينين وقاموا بتقديم شكوي و ازالت,,-0.000932,low
feebb831-5aaa-4bf7-a240-3782124d1427,mediaspeech,../data/mediaspeech_ar/AR/feebb831-5aaa-4bf7-a240-3782124d1427.flac,,النهضه التكنولوجيا اللي موجوده في الفتره اللي فاتت خلت انه مساله تقييم العميل او انه علاقه العميل الوثيقه بنا عن طريق التقييمات الفوريه بعد كل عمليه بقت هي دي,,0.683769,high
e212b416-dfc4-4c18-8525-6195c6f39108,mediaspeech,../data/mediaspeech_ar/AR/e212b416-dfc4-4c18-8525-6195c6f39108.flac,,اتصال مع ال مع حكم ال مع غرفه فيديو لكن للاسف الحكم لم يعلن عن وجود ركله جزاء علي الرغم هناك اعثار وهناك وهناك يعني تريبينج اللي هو ضرب القدمين اعتقد نعم نعم من الخلف وبالتالي,,0.166874,low
7d22a12a-aa3d-4c4f-8f83-dceb5807b780,mediaspeech,../data/mediaspeech_ar/AR/7d22a12a-aa3d-4c4f-8f83-dceb5807b780.flac,,اسماء يضيف الشركات و الا العقوبات مستمره من زمان بعيد صحيح هناك تدهور اقتصادي انا اعتقد كلما زاد الضغط علي حلفاء ايران ستجبر هذه الحكومات لان الحكومه في لبنان حكومه ليست,,0.013663,low
f729a29e-bbb8-4358-a7b1-a7ec654093f7,mediaspeech,../data/mediaspeech_ar/AR/f729a29e-bbb8-4358-a7b1-a7ec654093f7.flac,,ترهونه اذا ما تم ضرب هذه الخطوط ستكون المساله بالغه الصعوبه بالنسبه له ما راي حضرتك يعني يعني دعيني اقول ال الامور بدات تتحول لغير صالح حفتر منذ قبل معركه ال لل اا قاعده,,0.238279,low
01388319-1b89-4b53-8e43-c89a5f24b03e,mediaspeech,../data/mediaspeech_ar/AR/01388319-1b89-4b53-8e43-c89a5f24b03e.flac,,بلاد بما يفوق قدره منظمه الصحه العالميه لا تسلم نكبه اليمن الا لاخري فبعد سنوات من الحرب الطاحنه بين المتخاصمين و نشوء صراعات في داخل الاحلاف نفسها يرزح اليمن تحت,,-0.002189,low
5b4f2245-87f9-4596-bba6-443e24578c45,mediaspeech,../data/mediaspeech_ar/AR/5b4f2245-87f9-4596-bba6-443e24578c45.flac,,تتاثر به جنوب المتوسط المرتزقه اليوم الارهابيين اللي جيء بها من من سوريا هؤلاء سيشكلون غدا وليس بعد غد سيشكلون مشكله لاوروبا هؤلاء سيتوجهون بقوارب الي اوروبا هؤلاء ارهابيون,,0.002561,low
2a7cea1b-5c3e-4659-a00c-cb9c0914faad,mediaspeech,../data/mediaspeech_ar/AR/2a7cea1b-5c3e-4659-a00c-cb9c0914faad.flac,,لضيفي الدكتور محمد حيدر بعدين ساعود لحضرتك دكتور محمد حيدر ما رايك في هذا الطرح الذي قيل الان في اطار انه البعض الذي ينتقد هذه الاجراءات يري انه بدل الغلاء المعيشي كان لابد وانه بدات الاجراءات التقشفيه,,0.162565,low
9842d188-0f03-4345-839e-47c96195c6ee,mediaspeech,../data/mediaspeech_ar/AR/9842d188-0f03-4345-839e-47c96195c6ee.flac,,وصول معدلات الوفاه لارقام خياليه تقتضي بعض الاجراءات اللي هي مطبقه في الكثير من الدول بالمناسبه ليس فقط الدول العربيه فقط ما الذي يقلقك هذا صحيح من ذلك تحديدا,,0.057367,low
547ce59c-84c4-4235-a59c-7560782a9958,mediaspeech,../data/mediaspeech_ar/AR/547ce59c-84c4-4235-a59c-7560782a9958.flac,,وكاله نور نيوز الايرانيه عن جهات امنيه مطلعه تقارير تفيد برصد اربع سفن حربيه تابعه للقوه البحريه الامريكيه مرفوقه بطائره حربيه متجهه الي منطقه بحر,,0.073429,low
ebf171fb-7045-4c5f-869a-169190d9be5c,mediaspeech,../data/mediaspeech_ar/AR/ebf171fb-7045-4c5f-869a-169190d9be5c.flac,,امريكيه لتحذير لاي سفينه تقترب من السفن اوالبوارج العسكريه الامريكيه لنحو مئه متر انها سوف تكون هدفا وسوف يتم التصدي لها هل هذه الخطوه الامريكيه الان ما يتعلق بسماح لهذه السفن الايرانيه بالوصول الي,,-0.003288,low
5868e9dd-fa68-46ef-a2a1-cbbf0a840cbb,mediaspeech,../data/mediaspeech_ar/AR/5868e9dd-fa68-46ef-a2a1-cbbf0a840cbb.flac,,اكثر من عشرين فهذا ليس قليلا نظرا لشراسه المعارك و القتال الجاري الان في ليبيا شهاده الفريق سؤالي ما هي الاخطاء الاخري التي اا يعني لاحظت,,0.033016,low
a7c44fa6-95d6-4913-8059-3f2ab4e02d9a,mediaspeech,../data/mediaspeech_ar/AR/a7c44fa6-95d6-4913-8059-3f2ab4e02d9a.flac,,هندسيه واقعه لا تقت لا تقبل الجدل هذا ليس تحليلا ولا اا يعني تخمينا اا وبالتالي يعني حكايه الكهرباء هذه لا قيمه يعني لا قيمه لها علي الاطلاق لانه هذا السد منشا كبنك,,0.124555,low
06f65741-2519-474b-93e4-b50e421cce26,mediaspeech,../data/mediaspeech_ar/AR/06f65741-2519-474b-93e4-b50e421cce26.flac,,اليس اعلان الاداره الداخليه خروج عن بنود اتفاق الرياض بالعكس هو واحد من طلب من مطالبنا في اتفاقيه الرياض ان تؤال اداره الجنوب للجنوبيين,,0.000465,low
f9d40c95-a8df-41f3-9254-dade1261e788,mediaspeech,../data/mediaspeech_ar/AR/f9d40c95-a8df-41f3-9254-dade1261e788.flac,,العمليات المشتركه و القياده رئاسه الاركان في الجيش العراقي سالتهم هذا السؤال مدي الحاجه للقوات الامريكيه تحديدا و القوات الاجنبيه عموما انتفت الحاجه كانت جواب انها غير محتاجه بل ان,,0.027044,low
c8123f51-5ece-45ae-a989-b947b3096f99,mediaspeech,../data/mediaspeech_ar/AR/c8123f51-5ece-45ae-a989-b947b3096f99.flac,,اكثر حالات الاصابه بين طاقم العمل بالمستشفيات سببه المخالطه المجتمعيه يعني السكن واماكن الطعام و استراحات الاطباء وهكذا احنا يعني ثاني يوم بعثنا خطاب,,0.228964,low
5175461d-3127-4834-8690-41b89937bd0e,mediaspeech,../data/mediaspeech_ar/AR/5175461d-3127-4834-8690-41b89937bd0e.flac,,منتخب الاماراتي علي مبخوت الذي حصل علي جائزه هداف البطوله مبخوت سجل هاتريك في مرمي اليمن وهدفين في مرمي المنتخب القطري ليصل للرقم ثلاثه عشر في تاريخ مشاركاته ببطوله الخليج واصبح يفصله,,0.092198,low
d99fb279-3783-41ec-b8e6-9259e7406abb,mediaspeech,../data/mediaspeech_ar/AR/d99fb279-3783-41ec-b8e6-9259e7406abb.flac,,ناشطه حقوق المراه تطالب حقوق المراه دائما فعرضت صورتها هي علي علي الفيسبوك طبعا نعم ومكتوب وهي عاريه مثل ما ذكرتي وكاتبه انه جسدي هو,,0.10331,low
44556308-d88b-4df4-a50e-cbe051bb389a,mediaspeech,../data/mediaspeech_ar/AR/44556308-d88b-4df4-a50e-cbe051bb389a.flac,,اذا هناك هناك في ليبيا الان المطلوب هو ايجاد ايجاد حل ليبي ليبي المشكله في في ليبيا هي حرب الوكاله ان تدعم سراج يعني هي ان تدعم تركيا ان تدعم امريكا السراج هي ان,,0.0054,low
e4e06a60-1a5d-4403-a863-2f3edea1e395,mediaspeech,../data/mediaspeech_ar/AR/e4e06a60-1a5d-4403-a863-2f3edea1e395.flac,,صحيح انه فاعل في الميدان صحيح انه يتحكم ب بنسبه كبيره من الاقتصاد ال اليمن ولكن انا اعتقد انه الموضوع اكبر من الحوثي واكبر حتي من بعض الدول الم,,0.015645,low
c7e1ceb1-0431-4d55-a1d8-ca472d54379b,mediaspeech,../data/mediaspeech_ar/AR/c7e1ceb1-0431-4d55-a1d8-ca472d54379b.flac,,ينبغي للامانه الصحافيه ذكر النقطه الوحيده التي تم ارجاء الحديث بشانها دكتور كريم مصباح عضو مجلس النقابه العامه لاطباء مصر انا ممتنه لحضرتك اشكرك شكرا جزيلا قبل ان اتحول الي المزيد من المشاركات الهاتفيه اعرض لبع,,-0.004285,low
7a746689-97cd-4213-84f6-c2375b0ac240,mediaspeech,../data/mediaspeech_ar/AR/7a746689-97cd-4213-84f6-c2375b0ac240.flac,,هل يبعث هل يبعث التليفون تبعك اي معلومات انت لا تثق فيها طبعا هذا الموضوع يحتاج الي بعضا من ال اا من التوجهات التقنيه طبعا بس يعني البعض يقول مثلا,,0.261043,low
80deef7e-ab53-478a-a14d-3b16a424e6d0,mediaspeech,../data/mediaspeech_ar/AR/80deef7e-ab53-478a-a14d-3b16a424e6d0.flac,,شديده الاهميه ساطرحه علي حضراتكم في النصف الاخر لها علاقه بحقوق المواطنه بمقابل نسبه معينه تدفع من الضرائب و هو اجراء متبع عالميا كتب في تغريده هو هذا احتمال قائم,,0.000731,low
311da984-1496-4b98-944f-4b1019abfae9,mediaspeech,../data/mediaspeech_ar/AR/311da984-1496-4b98-944f-4b1019abfae9.flac,,اقتصاد يعود لاي وجهه النظر التي استمعنا اليها قبل قليل ان هذه اجراءات احترازيه و ليست اضطراريه بالتاكيد بعد جائحه كورونا هو يكمل و عوده المنشات المختلفه للانتاج الكامل و سداد ما عليها سيتعافي الاقتصاد و يعود,,0.015614,low
093822a5-c300-40f0-9cd2-0d3f5a98c769,mediaspeech,../data/mediaspeech_ar/AR/093822a5-c300-40f0-9cd2-0d3f5a98c769.flac,,يعني طرف منتصر في هذا الصراع و كلهم في في النهايه سيذهبون الي طاوله المفاوضات اذا كان هناك تخبط فرنسي وهو قد محتمل يعني يعود الي تعقد المساله الليبيه و تدخل جميع,,0.088972,low
f7455f13-6796-4b07-a3b1-d01ef430419d,mediaspeech,../data/mediaspeech_ar/AR/f7455f13-6796-4b07-a3b1-d01ef430419d.flac,,عن نفس الشيء بسوريا بالمناسبه من خلال الحصار من خلال طبعا الاحتلال من خلال دعم الميليشيات الكرديه من خلال دعم داعش من خلال دعم جبهه النصره هذا ما تفعله الولايات المتحده الامريكيه اما ما تحدثت,,0.006062,low
5aa7084e-7151-4738-8dbc-069d992be151,mediaspeech,../data/mediaspeech_ar/AR/5aa7084e-7151-4738-8dbc-069d992be151.flac,,السفينه البريطانيه في الخليج الفارسي كان سببه ان البريطانيين اوقفوا السفينه الايرانيه في مضيق جبل طارق وبكل صراحه نعم يعني علي الرغم من ان,,0.024019,low
9dddab29-6daa-4582-9ec6-17fecf7b83c6,mediaspeech,../data/mediaspeech_ar/AR/9dddab29-6daa-4582-9ec6-17fecf7b83c6.flac,,استخدام هذه العماله ال ال المهاجره والاتجار في البشر والان ندفع نحن شعوب الخليج ندفع هذا الثمن مع الاسف الشديد اليوم لما اسمع الاحصائيات التي تعلن,,0.071849,low
15be7cf1-d7a3-4ed5-b26d-294e0b3f0122,mediaspeech,../data/mediaspeech_ar/AR/15be7cf1-d7a3-4ed5-b26d-294e0b3f0122.flac,,كثير من المرونه من اجل هذه التفاوضات لانه يعتبر هذا التفاوض هو مكسب له انتخابيا وهو يحتاج الي هذا المقصد خارجيا اذا نحن اليوم امام مرحله اقليميه معقده وبالتالي نحن,,0.000475,low
6c8381a2-09c5-4935-97d5-743e1ee71893,mediaspeech,../data/mediaspeech_ar/AR/6c8381a2-09c5-4935-97d5-743e1ee71893.flac,,هذه هي السياسه الاستثماريه المحافظه كلمه محافظه و مخاطره كلمه حساسه اذا القرار في صندوق يتخذ بناء علي دراسه واضحه و بناء علي تحليل واضح,,0.007006,low
591e91f6-13a6-43bd-b778-0e1a8f81006e,mediaspeech,../data/mediaspeech_ar/AR/591e91f6-13a6-43bd-b778-0e1a8f81006e.flac,,تمريرها في حاله يعني الاتفاق في داخل الكونجرس علي تمرير هذه الحزمه الجديده من العقوبات ما لم تتجه ايران الي بعض التنازلات التي من بينها امكانيه الحوار مع واشنطن,,-0.002756,low
acb2486f-df72-43eb-bb4f-a8e499ba0190,mediaspeech,../data/mediaspeech_ar/AR/acb2486f-df72-43eb-bb4f-a8e499ba0190.flac,,او جهاز مكافحه الارهاب او ابناء العشائر اللي يحقق النصر هم العراقيين نعم بس احنا اعاده التموضع و اا هناك يعني تقليل في تواجد التحالف الدولي اا نعم,,0.414235,mid
8961ac33-dba5-4d77-bf8e-5388504e2009,mediaspeech,../data/mediaspeech_ar/AR/8961ac33-dba5-4d77-bf8e-5388504e2009.flac,,مسيطر تماما عن المباراه بغياب التام لمنتخب البحرين حتي حتي الكوره من الخلف يعني كان في صعوبه لمنتخب البحرين انه يوصل لمرمي المنتخب ولكن هذي حال الكره قدموا مستوي صراحه يعني قبل البطوله الكل ما كان,,0.254363,low
bf37f86f-efdb-4299-b7fd-6447bc9e71a2,mediaspeech,../data/mediaspeech_ar/AR/bf37f86f-efdb-4299-b7fd-6447bc9e71a2.flac,,مثل اليابان وعندهم كان بعض الاعفاءات لكن نفذوها نفذوا العقوبات من دون الاستفاده من الاعفاءات اذا الجمهوريه الاسلاميه الايرانيه خلال الاشهر الماضيه ليس,,0.11754,low
18ff4d63-2a12-45a3-8eac-0be9ec83274a,mediaspeech,../data/mediaspeech_ar/AR/18ff4d63-2a12-45a3-8eac-0be9ec83274a.flac,,بالفعل والتي اضرت كثيرا بالاقتصاد الايراني من وجهه نظرهم ردا علي سؤال حضرتك انه هذه العقوبات والتشدد فيها سوف يؤدي الي مزيد من الضغط علي ايران,,-0.002412,low
1196be05-d35d-4d9a-bd89-719daf2557bb,mediaspeech,../data/mediaspeech_ar/AR/1196be05-d35d-4d9a-bd89-719daf2557bb.flac,,التي قام بها وزير الخارجيه الجزائري مع الوزير المصري والوزير الوزير التونسي ومع كثير من الاطراف المعنيه بالصراع في ليبيا وهناك اليوم كذلك التواصل,,-0.004105,low
828e41cb-8112-48d6-8668-acb68777ae3c,mediaspeech,../data/mediaspeech_ar/AR/828e41cb-8112-48d6-8668-acb68777ae3c.flac,,متحده كانت قد عرضت علي ايران مثلا في بدايه انتشار الوباء اا الكورونا في ايران بتقديم مساعدات اا طبيه اا واقتصاديه لمواجهه المرض ولكن الايرانيون,,0.000137,low
25fc24b3-b250-416e-bc8d-f7ef4b6ec1a8,mediaspeech,../data/mediaspeech_ar/AR/25fc24b3-b250-416e-bc8d-f7ef4b6ec1a8.flac,,لوجهات النظر وللتصور من الدول الثلاثه ثم بعد ذلك انا اقول حقيقه انا دائما اكرر اقول نترك هذه الامور للفنيين وللخبراء بس لن يبقي لن يبقي هناك,,0.179545,low
f52a382e-362b-4275-bb64-57c13a35cd24,mediaspeech,../data/mediaspeech_ar/AR/f52a382e-362b-4275-bb64-57c13a35cd24.flac,,مستوي افضل مما كان يقدمه في التصفيات مع انه متصدر في غي مجموعته لكن ما كان في رضا عن عن الاداء ولا كان في شكل واضح للمنتخب السعودي عكس بطوله الخليج لا شفنا منتخب قوي منتخب متمكن,,0.150707,low
56a1586e-9e58-40e6-87f1-faf5fbb9f4fa,mediaspeech,../data/mediaspeech_ar/AR/56a1586e-9e58-40e6-87f1-faf5fbb9f4fa.flac,,نسمع ااا الفاظ اا صوتيه ولكنهم غير موجودين علي الارض اا امريكان ايضا يتراجعون ويبتعدون عن منطقه الشرق الاوسط وشمال افريقيا رغم,,0.018154,low
e48436f0-bc5f-4cd1-a902-5e188b56f9a8,mediaspeech,../data/mediaspeech_ar/AR/e48436f0-bc5f-4cd1-a902-5e188b56f9a8.flac,,الليبي اللي صدر في النفط يعود اليه تعود اليه الدبابات وتعود تعود اليه العائدات في شكل صواريخ وتعود اليه بشكل طيارات مسيره وتعود اليه بشكل حرق بيوت وتعود اليه في شلك في بشكل,,0.169125,low
c0ba21d7-8a6f-4a9e-ad06-5eb9730b79f0,mediaspeech,../data/mediaspeech_ar/AR/c0ba21d7-8a6f-4a9e-ad06-5eb9730b79f0.flac,,اليوم ما لازم يكون عنا خوف من هذا الامر وقد انه هذه النبته تكون نبته عاديه وهي في معظم الدول نبته عاديه معروف انه هيدي اتجاهها لوين لذلك اليوم نحنا بس نقول انه هي,,0.758178,high
4612cefa-bbde-4f0f-922b-3efcb1223b73,mediaspeech,../data/mediaspeech_ar/AR/4612cefa-bbde-4f0f-922b-3efcb1223b73.flac,,الفساد وحول اليات المعالجه انا اظن ان الكلام عن الفساد والاتهامات للحكومات السابقه وللعهود السابقه باكملها هو كلام سياسي الان المطلوب ليس ان نرمي التهم جزا,,-0.004353,low
e449bbc1-5e7f-4d5d-a984-0e7a90c39fe1,mediaspeech,../data/mediaspeech_ar/AR/e449bbc1-5e7f-4d5d-a984-0e7a90c39fe1.flac,,هو هو اولا من جهه التعارض هو يتعارض مع اكثر من قانون يعني هو يتعارض اصلا مع القانون اربعه و ثمانين لسنه ثمانيه و ستين مم ويتعارض مع قانون المناقصات و المزايدات اللي كان ذا الذي كان يسري في ذلك التوقيت,,0.065573,low
843979ba-859d-4a5d-af16-48354497251d,mediaspeech,../data/mediaspeech_ar/AR/843979ba-859d-4a5d-af16-48354497251d.flac,,ا كيف اصبح العالم ينظر ا الي الي هذه الدوله العظمي ا هذه الدوله التي ا سياسييها ا يعملون علي تمييز اا علي التمييز بين افراد ا بين افراد,,0.004573,low
91c6639b-07f1-412b-a546-addd807881cd,mediaspeech,../data/mediaspeech_ar/AR/91c6639b-07f1-412b-a546-addd807881cd.flac,,بالفعل توجه اا ضربه او تمنع هذه السفن من الوصول الي هذه المنطقه حتي لو كانت تحرسها اا سفن عسكريه اا فنزويليه فانها تستطيع ذلك بكل سهوله الاسطول الرابع,,0.03716,low
ab8d628a-7b9c-47d4-9d22-89a4e846ec45,mediaspeech,../data/mediaspeech_ar/AR/ab8d628a-7b9c-47d4-9d22-89a4e846ec45.flac,,مصر دكتور كريم اهلا وسهلا بحضرتك نحن نعلم انه كانت هناك اربع نقاط تم التباحث بشانها بالامس وان هناك رغبه علي ما يبدو من الطرفين يعني لاحتواء هذه الازمه بس,,0.158347,low
be03074e-c3e9-427e-9f37-bf494786ac60,mediaspeech,../data/mediaspeech_ar/AR/be03074e-c3e9-427e-9f37-bf494786ac60.flac,,عن قراءتك انت لما يبدو تحولا في الموقف الامريكي من طرح خيارات متعدده لاح منها الخيار العسكري كما تابعنا في بعض التقارير المطلعه والمنقوله عن مصادر امنيه مطلعه,,0.007926,low
3cf3f411-0ce9-45e5-9f1e-f331f507d7c4,mediaspeech,../data/mediaspeech_ar/AR/3cf3f411-0ce9-45e5-9f1e-f331f507d7c4.flac,,نحن نعلم ان الجامعه مليئه بالطلاب الشباب و هم ربما المصدر الاكبر للاصابات و كان واضحا اننا كنا بحاجه للتصرف باقصي سرعه مم,,-0.000643,low
3d91dc0f-5b38-4c46-b3a5-f8a63911b10b,mediaspeech,../data/mediaspeech_ar/AR/3d91dc0f-5b38-4c46-b3a5-f8a63911b10b.flac,,يعني لا شك باننا نمر بحاله عالميه من الارتباك امام جائحه كورونا لكن هناك مبادئ حقوقيه ثابته لا تتغير مع الظروف اود يعني الاشاره الي ان الشرع الدو,,0.137708,low
e082fcb2-9d0e-472a-bec2-0d0a932721f3,mediaspeech,../data/mediaspeech_ar/AR/e082fcb2-9d0e-472a-bec2-0d0a932721f3.flac,,عباره عن عيب و بيخاف يبل يبلغ و بعتبرها حاله ممكن يكون يعني يصيبه انه نفور من الناس من هذا الشخص لكن هذا حاله مرضيه طبيعيه زي اي مرض ممكن العلاج منها بكل سهوله ممكن يكون اسهل,,0.63411,mid
f198188c-00cf-439b-b692-925b5ee7359c,mediaspeech,../data/mediaspeech_ar/AR/f198188c-00cf-439b-b692-925b5ee7359c.flac,,وفقا لما يريد هذا شيء غير معقول بدايه لانه لا يملك هذه المنصه ثانيا لان هذه المنصه لديها قوانينها ثالثا لمده ثلاثه اعوام وحتي قبل,,0.001876,low
5bf5a6b1-b197-4744-9414-6839912964d4,mediaspeech,../data/mediaspeech_ar/AR/5bf5a6b1-b197-4744-9414-6839912964d4.flac,,في عدد من المدن التي يسيطرون عليها واعداد المصابين بس هناك مدن يمنيه اخري معالي الوزير ثبت فيها انه هناك كورونا هل يمكن المساواه انه اذا كان الحوثيون اخفوا الارقام وتسببوا بالفايروس او,,0.18889,low
49b6081f-d072-405a-9f78-3d6d865cb895,mediaspeech,../data/mediaspeech_ar/AR/49b6081f-d072-405a-9f78-3d6d865cb895.flac,,لاحظنا ايران طورت برنامجها الفضائي طورت برنامجها الصاروخي والنووي والاقتصاد مستقر في ايران اذا انا اعتقد نعم المهم هي غضب الاداره الامريكيه من الرساله الاخيره التي اتت بها سويسرا الي طهران,,0.001249,low
96611775-c0a2-4069-9346-75fa85b38e38,mediaspeech,../data/mediaspeech_ar/AR/96611775-c0a2-4069-9346-75fa85b38e38.flac,,قامت الجامعات حول العالم بنقل الفصول الدراسيه من الوجود الحقيقي الي الانترنت ا كما انها اوقفت كافه العمل البحثي في المختبرات اا سالتقي بمجموعه من ا الباحث,,-0.003167,low
a0933d24-8354-4cd7-affa-79656118715c,mediaspeech,../data/mediaspeech_ar/AR/a0933d24-8354-4cd7-affa-79656118715c.flac,,لا اظن ان من الجائز ان نقول ان رئيس حكومه لبنان الذي حظي نوع من التصويت في المجلس النيابي حينما نالت حكومته الثقه وحينما انفتحت عليه كل الاطراف ووضعت يدها,,0.072102,low
c042d582-c52c-4362-a68b-c91c31280ef9,mediaspeech,../data/mediaspeech_ar/AR/c042d582-c52c-4362-a68b-c91c31280ef9.flac,,طرف حقيقي يملك ارادته ويريد تحرير دولته وبلده من من الارهابيين ومن الميليشيات ويريد تعزيز ما يعرف بالهويه الوطنيه اعاده احياء الدوله الوطنيه الحقيقيه وطرف اخر,,0.132794,low
30b5cc75-6824-4f22-a140-d400bdbb73d6,mediaspeech,../data/mediaspeech_ar/AR/30b5cc75-6824-4f22-a140-d400bdbb73d6.flac,,ما يحدث الان بسبب كوفيد تسعه عشر انه لم يكن متوقعا واعتقد انه كان يجب توقع حدوث شيء كهذا بسبب التقنيات والبحوث الهائله المتوفره ما صدم,,0.001242,low
e32c2458-bbcb-4de7-9e72-58a943fba5a5,mediaspeech,../data/mediaspeech_ar/AR/e32c2458-bbcb-4de7-9e72-58a943fba5a5.flac,,واشنطن بوست اا يعني اللي هم اهم صحيفتين في العالم في اعتقادي يتابعهم خ سبعين ثمانين مليون ك ك مجموع الصحيفتين و مؤثرين جدا و يلعبون دور مهم في تشكيل الراي العام سي ان,,0.34593,mid
030859a4-8a6f-42d7-9a75-a85950d29124,mediaspeech,../data/mediaspeech_ar/AR/030859a4-8a6f-42d7-9a75-a85950d29124.flac,,اا رده فعل عسكريه ايرانيه شديده اللحن ولهدف الامريكي اكد للايراني لا اننا لسنا في وارد الدخول في هكذا صراع الجيش الامريكي في هذه المنطقه,,0.013781,low
bd9e5b0d-c06f-45dc-b971-96353eece069,mediaspeech,../data/mediaspeech_ar/AR/bd9e5b0d-c06f-45dc-b971-96353eece069.flac,,هذه او هذه الاستراتيجيه او هذا المنطق منطق يعتمد علي قدرتكم فقط علي الدفاع او انكم ا ستنتهجون ا الهجوم للسيطره علي باقي المناطق التي لا تزال,,-0.004405,low
e6606c3d-c43e-4542-a06a-0f849e9ec172,mediaspeech,../data/mediaspeech_ar/AR/e6606c3d-c43e-4542-a06a-0f849e9ec172.flac,,وواجب علي الاطقم الطبيه من اجل حمايته في اتناشر ابريل وبعدها بست ايام صدر بروتوكول من وزاره الصحه بعد ست ايام من الارشادات الاولي غير,,0.036039,low
cd109ec4-0339-452a-8872-2ae3f8578ff4,mediaspeech,../data/mediaspeech_ar/AR/cd109ec4-0339-452a-8872-2ae3f8578ff4.flac,,حياكم الله اختتمت الاحد بطوله كاس الخليج العربي الرابعه و العشرون بتتويج المنتخب البحريني للمره الاولي بتاريخه و انتهت المواجهه بين المنتخبين السعودي و البحرين في وقتها الاصلي بهدف دون,,-0.001431,low
418dda9d-ef76-482f-8dd0-795f183fdc12,mediaspeech,../data/mediaspeech_ar/AR/418dda9d-ef76-482f-8dd0-795f183fdc12.flac,,متحده الامريكيه اللي هو اكبر فرق ومن هم فيه اكبر مما كل ما في اوروبا من اعضاء وفيه عدد كبير من النشطاء العرب,,0.2219,low
940a4b2b-c552-482e-9c83-7898664305b6,mediaspeech,../data/mediaspeech_ar/AR/940a4b2b-c552-482e-9c83-7898664305b6.flac,,من من لبنان والاردن هي بتعكس تماما الواقع اللي اللي نحنا حتي في منظمه العمل الدوليه درسناه من خلال دراسات تقيميه سريعه يعني اجرينا دراستين واحده في الاردن ووح,,0.254424,low
36a02741-0b3f-440d-9ebd-d75eb5d35e25,mediaspeech,../data/mediaspeech_ar/AR/36a02741-0b3f-440d-9ebd-d75eb5d35e25.flac,,اتوقع الا تتعدي عشره ايام حتي يتم السيطره علي المنطقه الغربيه وتبقي امامنا انا ممكن استسمح حضرتك استاذ رامي ان تنضم الي في الجزء الاذاعي كذلك بس اريد ان احصل علي رده فعل من الاستاذ بن بلا لطف من الجبل الاخضر,,0.344075,mid
73985944-7513-457f-952c-7db3d274d1d1,mediaspeech,../data/mediaspeech_ar/AR/73985944-7513-457f-952c-7db3d274d1d1.flac,,هذا الموضوع الذي يحكم به هي القيادات الامنيه العسكريه والقيادات العمليه الامنيه العسكريه في استجوابها الاخير الذي تم ارساله من قبل البرلمان لرئاسه لجنه الامن والدفاع العراقي واستفهمت من القياده,,-0.002583,low
85d10c58-8ce6-4a8c-a2d1-39a7b2984e7d,mediaspeech,../data/mediaspeech_ar/AR/85d10c58-8ce6-4a8c-a2d1-39a7b2984e7d.flac,,النفط وادارها الدوله بدون نفط وعاشوا في هالدوله بدون نفط وتحدوا الاستعمار بريطاني ولم تدخل بريطانيا ولا شبر من السعوديه بدون نفط برجال موجودين هذا,,0.287624,low
51514bbc-966c-4d4f-9e75-05da0ea6a173,mediaspeech,../data/mediaspeech_ar/AR/51514bbc-966c-4d4f-9e75-05da0ea6a173.flac,,العالي وهذا الشيء اللي كانوا يبغوه وهذا الشي اللي راحوا كثير يعني في خاصه في اخر عشرين دقيقه اليوم في في المباراه كان في غياب فاعل لادوار بعض اللاعبين كابتن حمزه يعني كان فيه اشياء متوقعه من,,0.728154,high
f0a94d6c-8b3b-4fd0-a1be-4a237b3dbfd8,mediaspeech,../data/mediaspeech_ar/AR/f0a94d6c-8b3b-4fd0-a1be-4a237b3dbfd8.flac,,اختصار الوقت وبمعايير الرفاهيه التي اخذت في الاعتبار او اخذت في الاعتبار تحقيق جوده الاداء بمختلف اشكال الخدمه طيله فتره الرحلات والي صحيفه الجزيره,,0.005912,low
18c9b1db-026c-46bd-ba0d-2cc82ec364eb,mediaspeech,../data/mediaspeech_ar/AR/18c9b1db-026c-46bd-ba0d-2cc82ec364eb.flac,,المدن الامريكيه هي حوادث مؤسفه حوادث تخريب و حوادث نهب و سرقه فالموضوع يعني كبر اكثر من حجم مصرع شخص اسود في قضيه مينيا في مدينه مينيابلس,,0.307548,low
95cb0d8c-9f22-419f-af99-005242c8557a,mediaspeech,../data/mediaspeech_ar/AR/95cb0d8c-9f22-419f-af99-005242c8557a.flac,,وهو المصور وبت انا الان مسؤوله بشكل كامل عن كل التفاصيل الفنيه في تصوير هذه التقارير ابعاد الكادر مثلا هل اقوم باسدال الستائر او فتحها,,0.188342,low
08f2ff97-89a4-4e73-8398-144de33798e6,mediaspeech,../data/mediaspeech_ar/AR/08f2ff97-89a4-4e73-8398-144de33798e6.flac,,المرضي مم وفي نفس الوقت كما لو كان يعني ميزوا نفسهم حطوا نفسهم فوق البشر ما ينفعش كده انت خائف تعالج انت خائف تواجه انت تحمل الدوله ليه طيب هو لانه هم غائبون عن هذا الحوار يا استاذ حسن هم من وجهه نظرهم كما استمعنا هم يرون انه,,0.698913,high
120f7a21-fa0f-419d-962c-506d81ef1e9a,mediaspeech,../data/mediaspeech_ar/AR/120f7a21-fa0f-419d-962c-506d81ef1e9a.flac,,والاخري حينما يقوم بعقود مهمه لا سيما في الطاقه والكهرباء الذهاب باتجاه اتفاقيات الانفتاح نحن لسنا من ضمن المحور الامريكي ولا نذهب الحرب لامريكا هي امريكا جاءت الينا,,-0.004035,low
5883e66c-9572-4b8b-8f04-07cfde74e67e,mediaspeech,../data/mediaspeech_ar/AR/5883e66c-9572-4b8b-8f04-07cfde74e67e.flac,,خلال اي اطراف محايده اخري عالميه خصوصا في ظل استعداد بعض الدول الاوروبيه لهذا التوجه ولا اظن ان المرحله القادمه من هنا وحتي اكتوبر القادم موعد التمديد قد تكون هناك مساعي,,-0.001391,low
00988a54-9874-49f0-99e7-3058630f94fc,mediaspeech,../data/mediaspeech_ar/AR/00988a54-9874-49f0-99e7-3058630f94fc.flac,,واجي ادفعهم اجار وفي لبنان يواجه الناس الوباء والاوضاع الاقتصاديه المترديه فماذا يقولون وكيف يعبرون عن معاناتهم,,0.388786,mid
0da6cbc8-bb42-4e24-a829-45a1bf1de1bb,mediaspeech,../data/mediaspeech_ar/AR/0da6cbc8-bb42-4e24-a829-45a1bf1de1bb.flac,,هيدي الاراضي وزياده نسبه مساحات الاراضي الخضراء يعني نحنا هيك منكون نحنا صرنا قريبين من اربعميه الف هكتار هيك نحنا من كون فيما لو اقرت الهيئه الناظمه لزراعه القنب الهندي,,0.767278,high
a9eae66d-75c0-4a50-bd2f-5120a46925d4,mediaspeech,../data/mediaspeech_ar/AR/a9eae66d-75c0-4a50-bd2f-5120a46925d4.flac,,شبهه خرق عقوبات الاتحاد الاوروبي المفروض علي سوريا غير ان السلطات جبل طارق افرجت عن الناقله بعد اسابيع اثر تلقي تعهدات ايرانيه بعدم افراغ حمولتها في سو,,-0.000205,low
fc38ca6a-d4ed-49fb-9958-0c5108820100,mediaspeech,../data/mediaspeech_ar/AR/fc38ca6a-d4ed-49fb-9958-0c5108820100.flac,,كل الموظفين ان يكون بخدمه كل اللبنانيين بخدمه المزارعين وخاصه بهيدي الظروف الصعبه وما يخلي المزارع اللبناني عند ما عم يتن عم ياخد مساعده من الدوله اللبنانيه الا يشعر انه نحن عم نقدم له,,0.567342,mid
bce17a06-f343-4480-82f6-9d99b84f61c0,mediaspeech,../data/mediaspeech_ar/AR/bce17a06-f343-4480-82f6-9d99b84f61c0.flac,,مواطن في درجه الخمس نجوم ولم تذكر بالجانب الايجابي انت وضيف الكريم كم تعرفون كم تدفعين الان في بريطانيا ضريبه الضريبه التي سوف نصل اليها هي حلم كل دول اور,,0.011989,low
48de620f-8cb5-4fbd-89c6-82ac886171de,mediaspeech,../data/mediaspeech_ar/AR/48de620f-8cb5-4fbd-89c6-82ac886171de.flac,,اا حصلت هذه التذبذبات بسبب ورود الغاز من ايران من الجزائر من وخاصه من اذربيجان اذربيجان تحتل الحصه الاكبر للغاز علي السوق,,0.006474,low
4ea77fbf-7b1e-431c-ba55-fbc64d69dce5,mediaspeech,../data/mediaspeech_ar/AR/4ea77fbf-7b1e-431c-ba55-fbc64d69dce5.flac,,تركيا مع نشر سبع سفن قباله ليبيا وانتهاك الحظر المفروض علي التسليح تقول الرئاسه ايضا الاتراك يتصرفون بطريقه غير مقبوله عبر استغلال حلف شمال,,0.047506,low
dcf4514f-21fc-437f-b67b-820055b0fc61,mediaspeech,../data/mediaspeech_ar/AR/dcf4514f-21fc-437f-b67b-820055b0fc61.flac,,اشارت الي الطرف الاخر ا و هناك بالفعل تقارير من بينها تقارير كما ذكرت محكمه الجنايات الدوليه تتهم صراحه قوات الخليفه حفتر في الاغلب بانها مسؤوله عن استهداف المدنيين باشكال مختلفه,,-0.005422,low
a23564da-d799-4cf4-bfc9-2b709c2f866c,mediaspeech,../data/mediaspeech_ar/AR/a23564da-d799-4cf4-bfc9-2b709c2f866c.flac,,انترنت واصبحت المحاضرات عن بعد وبقي الطلاب في المنازل اصيب الملايين حول العالم بمرض كورونا المستجد وانا واحد منهم مثل انتشار هذا الوباء تحدي كبير,,0.004556,low
ae9363d0-5815-4ad5-86dd-72a80b400ca6,mediaspeech,../data/mediaspeech_ar/AR/ae9363d0-5815-4ad5-86dd-72a80b400ca6.flac,,لبلادهم الاصليه شجب بعض ال ال الدول الافريقيه في حديث مغاير تماما لاي دبلوماسيه للسياسه الخارجيه وصفها باوصاف لا اريد ان اقولها علي الهواء لكن اكيد حضرتك عارفها,,0.257061,low
b4f9876e-04b0-43c6-9adf-295cef5ba5fb,mediaspeech,../data/mediaspeech_ar/AR/b4f9876e-04b0-43c6-9adf-295cef5ba5fb.flac,,دات ويا كل اخوان اكو تنسيق ويا قياده عمليات بغداد ويا كل الاخوان بالقطاعات وان شاء الله كل هذه الصعوبات تدلل نتمني ان يحل هذا الموضوع الاخير عميد يحيي وربما يكون سؤال شخصي,,0.383999,mid
a10d614d-1efc-4d3b-8c94-7bc9790063c1,mediaspeech,../data/mediaspeech_ar/AR/a10d614d-1efc-4d3b-8c94-7bc9790063c1.flac,,اصابت الدول العربيه والعالم بل وباء عطل مفاصل الاقتصاد وغير مفاهيم العمل كما نعرفها وتداعيات هذا التعطل الاقتصاديه والاجتماعيه ستتوضح اكثر فاكثر,,0.000333,low
bc58a9d3-520a-413c-8b0f-01facbd08c45,mediaspeech,../data/mediaspeech_ar/AR/bc58a9d3-520a-413c-8b0f-01facbd08c45.flac,,المحافظين الاخرين وفق التسلسل الزمني اللي حددته اتفاقيه الرياض يجي تطبيقه للمحافظين الجدد والوزراء الجدد ولا يقدروا يعملوا شيء,,0.465961,mid
76ee6564-caef-4647-b75f-567884b26966,mediaspeech,../data/mediaspeech_ar/AR/76ee6564-caef-4647-b75f-567884b26966.flac,,ليل اننا نريد السلام وهذا دليل اننا نريد سلام الشجعان وهذا نريد ااا ان ان تحل الازمه الليبيه وهذا دليل علي اننا لا نريد تدخل الاجنبيين وعدوان,,0.01606,low
39ba370f-d251-46a7-b871-d7d79b151bb5,mediaspeech,../data/mediaspeech_ar/AR/39ba370f-d251-46a7-b871-d7d79b151bb5.flac,,طبعا في البدء انا اتحفظ علي الكثير مما ذكره ضيفك و اتهم الحكومه العراقيه و اتهم ال ال السلطه التشريعيه ال ال ال العليا في العراق بالكثير من الصفات التي لا تليق به سواء,,0.025049,low
349d596e-decc-40c9-a7ab-93119dbf1d1e,mediaspeech,../data/mediaspeech_ar/AR/349d596e-decc-40c9-a7ab-93119dbf1d1e.flac,,ووصولا للتشكيك حتي في هويه ونسب اول رئيس اا افريقي او من اصول افريقيه للولايات المتحده الرئيس اوباما كل ذلك ليس خطاب عنصري,,2e-05,low
e64c502f-4ce9-4251-ae1b-bf3584e9656a,mediaspeech,../data/mediaspeech_ar/AR/e64c502f-4ce9-4251-ae1b-bf3584e9656a.flac,,والمؤكد ان من يستعين هم الطرف الاضغف الطرف الذي كاد ان يسقط الطرف الذي ذهب الي اردوغان ذهب الي تركيا التي سلمت ليبيا في الفين وحدعش الي ايطاليا وسلمت,,0.001282,low
c61df2ef-83f5-4343-beb9-4c8125e7e1af,mediaspeech,../data/mediaspeech_ar/AR/c61df2ef-83f5-4343-beb9-4c8125e7e1af.flac,,الموضوع ينضم الينا في الاستوديو الدكتور انور الحمادي استشاري امراض جلديه صباح الخير دكتور انور صباح النور دكتور صباح النور يا هلا ومرحبا طبعا مهيره سالت سؤال واحنا قبل الهواء عن الفرق بين النمش والكلف,,0.277947,low
5a8a1ff6-d103-46a0-accc-d865c23a00db,mediaspeech,../data/mediaspeech_ar/AR/5a8a1ff6-d103-46a0-accc-d865c23a00db.flac,,نعود الي غير عدن لان لا نريد ان نشكل عاصمه ثالثه وسنعود الي عدن الان يعني تخليتم عن صنعاء لم نتخلي عن صنعاء وكل ما نعمله الان هو للعوده الي صنعاء يجب ان تعلمي والاعلام يتناسي انه كان هناك,,0.143886,low
83b366a2-fa3e-40ec-a87f-59621d2bf157,mediaspeech,../data/mediaspeech_ar/AR/83b366a2-fa3e-40ec-a87f-59621d2bf157.flac,,ان ان لديكم فكره انكم تسوون شي تقدمون ما يسمي بالغرين كارد او الكارت الاخضر وهي شبه اقامه للجنسيات الاخري لتكون رافد,,0.379166,mid
f56ffac5-7251-4496-8584-d97b7508fb97,mediaspeech,../data/mediaspeech_ar/AR/f56ffac5-7251-4496-8584-d97b7508fb97.flac,,قال البعض ان الحكومات بتلاحق المواطنين بالفعل لكن بدون تطبيقات اصلا نينا شعيب مثلا تري انه اننا نعيش بالفعل في عالم مباح كتبت في تعليق لنقطه حوار لم تعد اصلا لدينا,,0.207166,low
b2be331b-2bc7-44cd-b9eb-6c49d1e914b3,mediaspeech,../data/mediaspeech_ar/AR/b2be331b-2bc7-44cd-b9eb-6c49d1e914b3.flac,,انه يفجر الستديو هي واقعه غريبه بالفعل من هذا المسن الياباني فهو يعني السبب اللي خلاه اقدم ان اصدقائه اقنعوني ان صوته حلو اي يعني وصوته جيد فيعني اقتنع بنفسه اتصل بالبرنامج باحدي القنوات,,0.505694,mid
d1871c83-4c53-42b5-b8ad-bb1c76dc5973,mediaspeech,../data/mediaspeech_ar/AR/d1871c83-4c53-42b5-b8ad-bb1c76dc5973.flac,,جغرافيا محافظه القاهره وبالتالي بات سكان هذه المدن مطالبين بدفع رسوم للدخول او الخروج من وسط القاهره التفاصيل في هذه الفقره مع ضيفي النائب طلعت خليل عضو لجنه,,0.000792,low
f4ecfca0-0390-43ff-8c7d-e01043d77aeb,mediaspeech,../data/mediaspeech_ar/AR/f4ecfca0-0390-43ff-8c7d-e01043d77aeb.flac,,يعني انتوا وقفوا معانا اسمعونا شوفوا ايش قاعدين بتسووا انتوا يعني زي ما هما ما في ما في اسود وابيض احنا كلنا من ولاد الله لازم الوعد واحد يوقف,,0.974105,high
d8db022e-24ca-45e1-96c1-d45bdf3ab2a5,mediaspeech,../data/mediaspeech_ar/AR/d8db022e-24ca-45e1-96c1-d45bdf3ab2a5.flac,,حياكم الله من جديد البحرين بطله كاس الخليج لاول مره في تاريخها والمنتخب السعودي يخسر النهائي الخامس له في البطوله تفاصيل المباراه في التقرير التالي,,0.009124,low
f4743126-263f-486a-961d-0cd4acb2d654,mediaspeech,../data/mediaspeech_ar/AR/f4743126-263f-486a-961d-0cd4acb2d654.flac,,هذا منطقي جدا وان كانت الاجابه عليه اعتقد لا يملكها احد يا استاذ احمد يعني لا احد يستطيع ان يجزم بنحن الان نتحدث عن تكهنات مره اخري بين قوسين لا احد يستطيع ان يجزم كيف سيتم استخدام هذه,,0.010128,low
155869a3-3a59-4ef9-9533-30f77e07e22a,mediaspeech,../data/mediaspeech_ar/AR/155869a3-3a59-4ef9-9533-30f77e07e22a.flac,,رايكم انتم و انا اتفق مع ذلك المملكه لنضع الن الن النقاط علي الحروف اختي الكريمه المملكه عملت الكثير في الحفاظ علي المواطنين و المقيمين,,0.065521,low
d5532011-6f6c-4b75-862c-fa82441a28e2,mediaspeech,../data/mediaspeech_ar/AR/d5532011-6f6c-4b75-862c-fa82441a28e2.flac,,جدا الي الان لم يتم التقييم النهائي لكن نتوقع انه بيكون اكثر من اثنين تريليون دولار امريكي نتكلم علي اكثر من سبعه سبعه ترليون ريال اا سعودي كل هذا كله هذا كله ارامكو,,0.323358,low
50145d59-4b8b-4bab-b0cf-a8b86b18872c,mediaspeech,../data/mediaspeech_ar/AR/50145d59-4b8b-4bab-b0cf-a8b86b18872c.flac,,اليمين المتطرف وما حصل ايضا مع العديد من المهاجرين حتي نقول كفانا عنصريه كفانا عنصريه وننتظر وفاه جورج فلويد او ننتظر من توفي قبلها وننتظر ممارسات من قبل قوات الشرطه في اكثر,,0.024862,low
c6104cc5-431c-4d45-b240-505d5d98d6a2,mediaspeech,../data/mediaspeech_ar/AR/c6104cc5-431c-4d45-b240-505d5d98d6a2.flac,,بعض الاطباء غرقوا مره اخري في الحرب بسبب وباء كرونا عملت بسمه حتي عام الفين وخمسه عشر في الغوطه في ضواحي دمشق بعد ظهر احد ايام,,0.177955,low
74e9326e-ae42-4fec-8205-07cfc1e59294,mediaspeech,../data/mediaspeech_ar/AR/74e9326e-ae42-4fec-8205-07cfc1e59294.flac,,طبعا بنحكي عن مسؤوليه علي حسابات الشركات يعني بدا تدخل في معايير المحاسبه وبتطبق علي الشركات الامريكيه والعالميه اذا الجهه التقرر لن توافق فانت,,0.45855,mid
0d3bbb88-3783-4a8a-994a-f317a281ea4b,mediaspeech,../data/mediaspeech_ar/AR/0d3bbb88-3783-4a8a-994a-f317a281ea4b.flac,,هي تكون حياديه لكن مطالب انها تدافع بقسوه وبضراوه عن اعضائها فكان في بعض اليعني الظلم اللي موجود علي الاطباء بشكل ما او باخر وكان موجود وواضح الفتره الاخرانيه,,0.288546,low
6e2f46e1-ec50-45a2-b077-039c3b225ec0,mediaspeech,../data/mediaspeech_ar/AR/6e2f46e1-ec50-45a2-b077-039c3b225ec0.flac,,بهذا الشان الرئاسه الفرنسيه اكدت انها سياسه اكثر عدوانيه وتصلبا من قبل تركيا من قبل تركيا مع نشر سبع سفن قباله ليبيا وانتهاك ال,,-0.000577,low
e3bab0d5-abb8-461e-a146-35261780cbe5,mediaspeech,../data/mediaspeech_ar/AR/e3bab0d5-abb8-461e-a146-35261780cbe5.flac,,وايضا قوات حشد شعبي بالاضافه الي ا قوات البيشمركه والله اليوم شوفوا احنا كلنا ضمن المنظومه الامنيه العراقيه يعني الجيش والداخليه والحشيد,,0.365776,mid
a5988892-f51f-4e08-93a9-e946e5967e0a,mediaspeech,../data/mediaspeech_ar/AR/a5988892-f51f-4e08-93a9-e946e5967e0a.flac,,العمل في المنظومه الصحيه هي بيئه خاليه من التقدير والاحترام للطبيب هي بيئه خاليه من الوقايه للطبيب بيئه ذات مقابل مادي هزيل,,-0.002264,low
765f085b-99fe-4065-bbd4-f5d6480454a3,mediaspeech,../data/mediaspeech_ar/AR/765f085b-99fe-4065-bbd4-f5d6480454a3.flac,,و المورد الاساسي ما في في شركات هي الاساس ما عاد نزلت في شركات سحبت المواد اذا كانت بالسوق هلا هي المفروض الحاله تدخل الحكومه لان الوضع ابس اصبح لا يحتمل هلا ما عاد صفنا صفينا بمرحله ان و الله بد,,0.477657,mid
ea65741b-9eb0-4dd2-88dd-8f1fbd72d580,mediaspeech,../data/mediaspeech_ar/AR/ea65741b-9eb0-4dd2-88dd-8f1fbd72d580.flac,,بعد ان اقدم موقع تويتر علي اضافه خاصيه التحقق من المعلومات التي نشرها ترامب في تغريدتين سابقتين وهو ما اعتبره الجمهوريون محاوله لخنق اصواتهم فالي اي اين,,0.092761,low
852c6e71-bbe0-405a-b60e-1d7d9346dea0,mediaspeech,../data/mediaspeech_ar/AR/852c6e71-bbe0-405a-b60e-1d7d9346dea0.flac,,يسيسونها ولا يريدون ان يبلغوها لكي لا نلومهم المساله ليست لوم المساله هذه جائحه يجب ان يعرف الناس في صنعاء وفي غير المحافظات التي الان يسيطر عليها الحوثيون اذا كان في هناك حالات,,0.1999,low
6c91bcfc-a0fb-4a2b-9860-128dc948cebe,mediaspeech,../data/mediaspeech_ar/AR/6c91bcfc-a0fb-4a2b-9860-128dc948cebe.flac,,لا تقول انها تتبع الحكومه اليمنيه لديها مشروعاتها الخاصه لديها تصريحاتها الخاصه وبالتالي اعود للسؤال الذي بدات به مع حضرتك هل هناك حكومه في اليمن تحكم اصلا نعم نعم هناك حكومه في اليمن تحكم ولا نريد ان,,0.007846,low
5ed2f114-7ecd-4d6e-a469-6e60506a829f,mediaspeech,../data/mediaspeech_ar/AR/5ed2f114-7ecd-4d6e-a469-6e60506a829f.flac,,افغانستان اا طاجيكستان ادربيجان تركيا لا توجد لا يمكن لتركيا ان تستغني من الغاز الايراني والبترول الايراني اذا هناك الزامات جيده ايران مطمئنه لها نعم لديها مواردها ولديها الامكانات,,0.001288,low
1cef67f6-aef3-445f-a2f0-814d7d626de6,mediaspeech,../data/mediaspeech_ar/AR/1cef67f6-aef3-445f-a2f0-814d7d626de6.flac,,وريا ولا يريد الحل في ا ليبيا طبعا ا هو من لاجل نقطتين النقطه الاول ال الاولي لا يريد الاستقرار لاسعار النفط يريد ان يباع النفط الليبي با اسعار بخثه,,0.064035,low
4d5168e5-5ed7-4398-85b8-625ab3682b0a,mediaspeech,../data/mediaspeech_ar/AR/4d5168e5-5ed7-4398-85b8-625ab3682b0a.flac,,غير منتظمه مغايره للون الجلد الطبيعي و تظهر علي الخدود و الانف و الشفه العليا و الجبهه و تتطور هذه البقع تدريجيا علي مدي فتره طويله من الزمن للحديث اكثر عن,,-0.002148,low
dcd8a7b0-52e4-4065-94ab-60542eaf1b58,mediaspeech,../data/mediaspeech_ar/AR/dcd8a7b0-52e4-4065-94ab-60542eaf1b58.flac,,شكل مباشر دعوني سريعا استعرض بعض المحاور التي اتجهت اليها المشاركات الالكترونيه اليوم مهدي عطيه يري ان دونالد ترامب اختار اللجوء للقوه الامنيه منذ البدايه اصلا في,,-0.001478,low
19c74c42-c312-4278-bea9-9f1f4352fc22,mediaspeech,../data/mediaspeech_ar/AR/19c74c42-c312-4278-bea9-9f1f4352fc22.flac,,تعتقد ان الملف اليمني تتحمله السعوديه والدول ما يسمي بالتحالف العربي لتتحمل التبعات الانسانيه هذا الجانب الاول الجانب الاخر المتعلق ان هناك توجه للحفاظ علي الحوثيين,,-0.005771,low
4eee9810-3005-4876-a8e6-c0a552081594,mediaspeech,../data/mediaspeech_ar/AR/4eee9810-3005-4876-a8e6-c0a552081594.flac,,و ليس لها اي تاثير غير التاثير الاعلامي علي المستوي الداخلي الايراني لا دون ذلك انت تحدثت عن ان اسرائيل ضربت ميناء بندر عباس و او ميناء اخر ولكن ماذا كانت رده الفعل الايرانيه هل ضربتم اسرائيل بعد,,-0.005882,low
05763252-1fea-4f71-82b1-e44004497b71,mediaspeech,../data/mediaspeech_ar/AR/05763252-1fea-4f71-82b1-e44004497b71.flac,,اا هذا التطبيق بل و الزمت جميع المواطنين بتحميل هذا التطبيق اذا ارادوا الخروج من المنزل لاي سبب كان من قطر طالب معي علي الهاتف يا طالب اهلا و سهلا هل تشعر,,-0.002179,low
3e41e1e9-2ead-4046-96b4-aec65c16fd55,mediaspeech,../data/mediaspeech_ar/AR/3e41e1e9-2ead-4046-96b4-aec65c16fd55.flac,,تماما مع الامارات وهو بالمناسبه عكس ما قاله وزير الداخليه وزير الداخليه تحدث عن ان السعوديه مقصره اذا لم تكن متواطئه بسماحها بذلك ان يحدث انا لا اتكلم عن ما يقوله وزير الداخليه انا,,0.062966,low
ea7ddf49-74c0-4fab-aae7-fc60bdb644ff,mediaspeech,../data/mediaspeech_ar/AR/ea7ddf49-74c0-4fab-aae7-fc60bdb644ff.flac,,لا زتا نكسر في مجاديف عشرين ثلاثين نعم بسبب بعض الاسواق مع كامل احترامي لوجه حضرتك المعتد بها والتي سانقلها الي ضيفي بس ارجوكم لا تقحموا بي سي في هذا الحوار لا نحن بصدد مقارنه رواتبنا بما يجري بالسعوديه,,0.262566,low
0e0075cd-0ed4-4b59-b407-a19061e14bac,mediaspeech,../data/mediaspeech_ar/AR/0e0075cd-0ed4-4b59-b407-a19061e14bac.flac,,من وصفهم بالارهابيين الي مكان يسهل فيه ابادتهم في ليبيا تمهيدا لتقليم اظافر الجيش التركي في ليبيا وسوريا في ان واحد وجهه نظره ماجد اسماعيل هو يقول تكتيك عسكري لا يرقي الي مستوي تفكي,,0.269477,low
06b9ca3d-7142-4324-9a98-178fac778050,mediaspeech,../data/mediaspeech_ar/AR/06b9ca3d-7142-4324-9a98-178fac778050.flac,,الحربيه التركيه المسيره من طراز بيرقدار قد اصابت بالفعل بعض منظومات الدفاع الجوي روسيه الصنع بانسر المعروف ايضا انه ليست روسيا التي,,0.000757,low
af2f1447-0a19-4f07-ae82-4ad7a2e3cf6f,mediaspeech,../data/mediaspeech_ar/AR/af2f1447-0a19-4f07-ae82-4ad7a2e3cf6f.flac,,انس لقاء السفير اا قبل يومين لقاء الرئيس تبون مع سفير ال الخارجيه السفير الامريكي بالجزائر نعم وكذلك السفير الالماني هنا بالجزائر بالتالي فالمبادره الجزائريه هي تحاول ان,,0.071727,low
261792c4-0776-499a-8b53-39c6cf6d8f5e,mediaspeech,../data/mediaspeech_ar/AR/261792c4-0776-499a-8b53-39c6cf6d8f5e.flac,,لون غاروس في تاريخ فرنسا وتحدث مؤخرا وقال شيء غريب قال اول مره فوجئت بالعنصريه عندما نزلت في مطار جوهانس بورغ ووجدت صفا للبيض وصفا للسود وانا كنت فر,,0.034933,low
9fa2123f-8310-4920-b53e-e6e67568ff91,mediaspeech,../data/mediaspeech_ar/AR/9fa2123f-8310-4920-b53e-e6e67568ff91.flac,,دي فبنضطر ان احنا نعدمها تماما مم فيعني المقومات كيف اثرت الازمه علي الصناعات الغذائيه اللي طالما حضرتك ذكرت انه في بعض الاطعمه اللي بتضطر تتخلص منها ما فيش ما فيش ما فيش حد,,0.623791,mid
b70a4e5e-9649-4d1a-bb2f-dfcbc1f69cec,mediaspeech,../data/mediaspeech_ar/AR/b70a4e5e-9649-4d1a-bb2f-dfcbc1f69cec.flac,,يه و الذي يؤيد قمع المتظاهرين و جمهور فاكس نيوز حقيقه ا سبعين في المائه من الشعب الامريكي في اخر استطلاعات للرويترز بالامس تقول انه مع حق المتظاهرين و الحق السلمي,,0.136836,low
3578fff9-a4e4-4f16-bd60-2c43e53a62b7,mediaspeech,../data/mediaspeech_ar/AR/3578fff9-a4e4-4f16-bd60-2c43e53a62b7.flac,,طبعا في تحدي كبير جدا بالنسبه هذي ما تنخفظ اليوم اللي بيدخلون علي سوق السكان وعلي الطلب في سوق الاسكان كميه ضخمه جدا تتكلم سبعين في المئه من السعوديين اقل من ثلاثين,,0.518897,mid
40013b5b-a85f-4214-896f-ffac015a4c5e,mediaspeech,../data/mediaspeech_ar/AR/40013b5b-a85f-4214-896f-ffac015a4c5e.flac,,بالمنظر المقبول نعم ولذلك توجد علاجات كثيره لكن مهم جدا فهم الحاله خلال فتره الحمل تكون تغيرات فيه في تغييرات فسيولوجيه طبيعيه معظم الحوامل يمرون في هذه التغيرات من ضمنها التصبغات الجلديه سواء كان,,-0.002014,low
91b3003f-7952-4d47-974f-a2abc81a55ef,mediaspeech,../data/mediaspeech_ar/AR/91b3003f-7952-4d47-974f-a2abc81a55ef.flac,,تويتر جوجل بلاس او علي حسابي علي تويتر رشا قنديل بي بي سي دعوني انوه الي انو هذه الحلقه معنيه بالاساس بالمواطنين الليبيين الحرب المستمره في,,0.313163,low
dabcc31f-5602-4cc2-9f9c-77fca972f5f4,mediaspeech,../data/mediaspeech_ar/AR/dabcc31f-5602-4cc2-9f9c-77fca972f5f4.flac,,الاخطاء مستقبلا يعني غير مقبوله منه خلاص انه اكتشف الفريق وعرف امكانيات الفريق ويعرف كل شيء لانه الان يمكن تصفيات الاوليه بتكون سهله ولكن تصفياته الثانيه حيواجه منتخبات قويه جدا واقوي من,,0.416071,mid
1d6582da-4c4b-4c0e-8ed5-4289570fd535,mediaspeech,../data/mediaspeech_ar/AR/1d6582da-4c4b-4c0e-8ed5-4289570fd535.flac,,سقوط ليبيا في احضان تركيا اي سقوط ليبيا في المشروع الاخواني والاسلام السياسي وهو ما تتخوف منه اوروبا العاجزه حقيقه وبشكل كبير بعد ان تدخلت بقوه ل لاسقاط نظام القذافي,,-0.000167,low
ba89f07c-8135-41fc-9589-5be43b6897f0,mediaspeech,../data/mediaspeech_ar/AR/ba89f07c-8135-41fc-9589-5be43b6897f0.flac,,ستستمر هذه هذا الامر حتي يكون هناك يعني موقف امريكي واضح للغايه وداعم للاتحاد الاوروبي في ملف الليبي اذا ستستمر لان هناك غموض في المو هناك تراجع في الموقف الامريكي الدور,,-0.002976,low
9e7b7591-8839-4645-80e8-d50e8122315b,mediaspeech,../data/mediaspeech_ar/AR/9e7b7591-8839-4645-80e8-d50e8122315b.flac,,انهاء هذه الازمه لانها اولا تضر امريكا تدور الموقف الخطير اللي اصاب العالم وامريكا بعد ازمه كورونا وايضا يعني حتي ستؤثر علي فرص يعني اعاده,,0.225679,low
5bad253d-e475-4253-8898-301c8ba9946e,mediaspeech,../data/mediaspeech_ar/AR/5bad253d-e475-4253-8898-301c8ba9946e.flac,,مارقه عالقانون يتنافي مع الماده تسعه وتلاتين واحد واربعين ميثاق الامم المتحده كما اكدنا اكثر من مره لكن دعنا نركز علي الامكانيات نعم لدينا صعوبات لدينا ارهاب من كثير من الدول من دول الاتحاد الاوروبي,,0.110498,low
83aae6e5-c87f-4d94-ba2e-697cf6aeed65,mediaspeech,../data/mediaspeech_ar/AR/83aae6e5-c87f-4d94-ba2e-697cf6aeed65.flac,,حتي علي مستوي ابسط الامور من من ضريبه المنزل الاسعاف داخل ضمن الضريبه هذه التي ندفعها بشكل شهري لدينا ايضا امر اخر هذه الضرائب ب ب بموجب تمثيل شعبي بموجب برلمان,,0.001158,low
4fb1d03c-f595-4a39-b8f7-fca5ec22326a,mediaspeech,../data/mediaspeech_ar/AR/4fb1d03c-f595-4a39-b8f7-fca5ec22326a.flac,,ارتفاع البحرين علي الوقوع في المحظور الحكم يعلن ركله جزاء امام اعين رونار الفرج يضيع فرصه التقدم اول تهديد للبحرين مهدي الحميدان يفلت من سلطان الغنام,,0.002592,low
d4b448a3-7cc3-46b1-bdc4-5dcf473bd7bf,mediaspeech,../data/mediaspeech_ar/AR/d4b448a3-7cc3-46b1-bdc4-5dcf473bd7bf.flac,,كما شهد قطاع الطاقه والتعدين والقطاع المالي ثباتا في عمليات التوظيف لكل منهما ولكن من الجانب الاخر شهد قطاع التجزئه اقوي تراجع في عمليات التوظيف في الدوله بنسبه,,-0.005344,low
b8f2f501-9814-4742-adf9-9177bf251c65,mediaspeech,../data/mediaspeech_ar/AR/b8f2f501-9814-4742-adf9-9177bf251c65.flac,,الطرف الاول الذي سيتحدث هو الجانب الامريكي نعم والطرف الذي سيجيب والذي سيضمن الجانب العراقي نعم واضح الحوارات متعلقه بالملف الامني نعم نحن نري انه الملف الامني هو بيد المحاور الامريكي يعني هذا,,-0.005107,low
54f68d0e-447d-4409-bab6-5df14a6f660f,mediaspeech,../data/mediaspeech_ar/AR/54f68d0e-447d-4409-bab6-5df14a6f660f.flac,,سا لبنان يستورد القمع القمح وتوابعه بحوالي مليار دولار علي ما اعتقد او اقل يعني سنويا حتكون زراعه حشيشه علي حساب زراعات اخري يعني زراعه لماذا لا يتم تجهيز زراعه القمح البطاطا او,,0.463429,mid
5c2d8a65-92c6-4798-a421-0387d9f12847,mediaspeech,../data/mediaspeech_ar/AR/5c2d8a65-92c6-4798-a421-0387d9f12847.flac,,قضايا اليوم القوه الصاروخيه الايرانيه تخشاها الولايات المتحده الامريكيه والكيان الصهيوني بصوره غير طبيعيه الغواصات الايرانيه البارجات الايرانيه فالامكانيات العسكريه وحتي المضادات للجو لاحظنا,,0.0254,low
c826d8d5-0693-4df5-8743-502343137a55,mediaspeech,../data/mediaspeech_ar/AR/c826d8d5-0693-4df5-8743-502343137a55.flac,,ريه القوه العسكريه الحقيقه الان هي طيب قوه طبعا التدخل التركي مع الارهابيين و المرتزقه الي ليبيا هذه نقطه مهمه التي اثرتها دكتور نزار فيما يتعلق بما وصفته بتفاهم,,0.112658,low
d3bb1e49-f064-49bc-bb29-14677b680c0b,mediaspeech,../data/mediaspeech_ar/AR/d3bb1e49-f064-49bc-bb29-14677b680c0b.flac,,المناطق ربما الي الشرق من من من سرت الهلال النفطي والي اخره وتركيا يعني يكون لها منطقه نفوذ في الجزء الغربي هل هذا وارد من وجهه نظر موسكو علي الاقل,,0.067859,low
a6b84a68-5652-4aa4-8e46-224ae345afea,mediaspeech,../data/mediaspeech_ar/AR/a6b84a68-5652-4aa4-8e46-224ae345afea.flac,,اا لدعم العماله انا ما بقولش دعم المنشات و صحاب الرؤوس الاموال لدعم العماله و للحفاظ عليهم اا سيتم تسريح اكثر من ثمانين في المائه من العماله داخل المنشات السياحيه,,0.402575,mid
1f8276f4-4f3a-4b53-a0ff-4e1686c0008c,mediaspeech,../data/mediaspeech_ar/AR/1f8276f4-4f3a-4b53-a0ff-4e1686c0008c.flac,,انا كنت امشي في اا صالات او في قاعات المحاكم وكان هناك الكثير من الحالات عندما لاحظت تلك الجرائم التي تم ارتكابهم من قبل ضباط الشرطه,,0.138764,low
13c96626-a254-4fd9-9419-f6b200ba4a12,mediaspeech,../data/mediaspeech_ar/AR/13c96626-a254-4fd9-9419-f6b200ba4a12.flac,,ادخال الضوء المناسب وما هي الالوان الافضل للظهور في الخلفيه هذه الامور كلها كنت اشارك المصور اتخاذ القرار بشانها واليوم باتت مسؤوليتي الكامله وكل ما بين يديه,,-0.002289,low
1305bbd2-3e7f-4d0e-a5f2-1847309c49fc,mediaspeech,../data/mediaspeech_ar/AR/1305bbd2-3e7f-4d0e-a5f2-1847309c49fc.flac,,احنا نريد ان نبني جيش حديث مهني احترافي ويمتلك افضل الاسلحه والمعدات الحديثه والغايه من امتلاك هذه المعدات الحديثه هو الدفاع,,0.192057,low
f5be6515-9da0-496d-bab7-3013a9f867aa,mediaspeech,../data/mediaspeech_ar/AR/f5be6515-9da0-496d-bab7-3013a9f867aa.flac,,ميتين الي ميتين وخمسين مليار دولار وانا متحفظ في هذا الرقم يعني متفاءل جدا فيه هناك بعض الارقام وبعض الصحف نيويورك تايمز واشنطن بوست الجارديان تلجراف,,0.186138,low
d6491940-a572-4645-94d3-74d1f1dd99c7,mediaspeech,../data/mediaspeech_ar/AR/d6491940-a572-4645-94d3-74d1f1dd99c7.flac,,من بعض اللاعبين لم تظهر منهم خلال المباراه يعني علي سبيل المثال سالم الدوسري او حتي سلمان الفرج بحكم انهم كانوا مصابين في المباراه لا ما نقدر عبدالله نحنا نقسي علي اللاعبين او نحملهم اكثر من طاقتهم لان المنتخب,,0.338254,mid
6a03772a-1fc5-45b3-801a-c94c628a876b,mediaspeech,../data/mediaspeech_ar/AR/6a03772a-1fc5-45b3-801a-c94c628a876b.flac,,وبعد ذلك نتحدث عن طبرق وبنغازي ممكن اسال حضرتك سياده اللواء الدكتور فايز الدويري عن الجماعات فصائل مصراته يعني اعني وعن الزنتان وما يقال عن انقسام فيها واي من هذه ال,,0.030935,low
df5695c9-bf75-4fd4-8002-d115da1d26ce,mediaspeech,../data/mediaspeech_ar/AR/df5695c9-bf75-4fd4-8002-d115da1d26ce.flac,,المملكه والداعمين لليمن لا لا يوجد لديهم مشكله في الدعم حتي المناطق التي مسيطر عليها الحوثي ولكن ليس كما حصل في بدايه الازمه تذكر لما دعم البنك المركزي بمليار,,0.021609,low
b3677ea7-550c-48ea-ac48-f2c092130755,mediaspeech,../data/mediaspeech_ar/AR/b3677ea7-550c-48ea-ac48-f2c092130755.flac,,الحكومه او الي قلب الطاوله بالعكس كان يعني نحن نعرف بان ثوره السابع عشر من اكتوبر لا تزال يعني تنبض وهي صحيح خفتت الي حد,,0.312607,low
a6a8614c-1d00-488a-a1d0-5c21d7da54eb,mediaspeech,../data/mediaspeech_ar/AR/a6a8614c-1d00-488a-a1d0-5c21d7da54eb.flac,,ايران لديها امكانيه صادرات كبيره واعتقد ان هذا الامر كذلك سوف لا يمكن ان يمرر اولا اذا طبعا ما مرر من مجلس الامن الدولي وهذا متوقع لا,,-0.004049,low
57a6189a-d0c3-4401-8e50-e1787c8eeb96,mediaspeech,../data/mediaspeech_ar/AR/57a6189a-d0c3-4401-8e50-e1787c8eeb96.flac,,ممتازه مشاركه بمشاركه في المجمل تعتبر اكثر من جيد جدا بدينا نشوف شخصيه فنيه للفريق في انضباط ان كان بعض بعض المشاكل ما زالت موجوده في المنتخب السعودي اا الكرات الثا,,0.373741,mid
1c660479-2c64-40e0-997e-d56b82e527a0,mediaspeech,../data/mediaspeech_ar/AR/1c660479-2c64-40e0-997e-d56b82e527a0.flac,,قطعته ان يمسك بقعه معينه من الارض اثنين اكو نقطه مهمه اليوم استاذ اشرف هوموضوع الحاضنه اليوم المواطن العراقي بعد ما شاف من ظلم وقتل وتجويع,,0.329779,low
87b30f17-3f4f-4bcc-9191-63c84cc9ae23,mediaspeech,../data/mediaspeech_ar/AR/87b30f17-3f4f-4bcc-9191-63c84cc9ae23.flac,,فات اموال الشركات بحيث انها ما تخرج لمواط مواطنين لكن مع ذلك كثير من المواطنين الان طلعو بسبب هالازمه خارج العمل يعني الشركات مين قادر يعني شركات ما عندها كلها شغاله في البترو,,0.516719,mid
6c2abf4b-043c-42c1-8eb6-56314b4c3289,mediaspeech,../data/mediaspeech_ar/AR/6c2abf4b-043c-42c1-8eb6-56314b4c3289.flac,,طرح علي طاوله الحوار هذه هو هذا المحل للحديث اصلا يعني احنا عندنا تجربه علي مدي ثلاث سنوات القوات الامنيه تدرك انها لديها تجربه حين ما دخلت العصابات الارهاب,,0.176016,low
983af3c9-df32-4dd0-8d2c-5d9ae7c1d0eb,mediaspeech,../data/mediaspeech_ar/AR/983af3c9-df32-4dd0-8d2c-5d9ae7c1d0eb.flac,,اهم ثلاث مضائق بحريه في العالم تقريبا ثلاثين في المئه من التجاره العالميه في البحر تمر من خلالك الان بعد جسر الملك سلمان بمصر والسعوديه اهم معبر,,0.042975,low
32acdefa-2a1f-4644-9e45-e7266cbe5efe,mediaspeech,../data/mediaspeech_ar/AR/32acdefa-2a1f-4644-9e45-e7266cbe5efe.flac,,الاستدانه ليست معيبه الضرائب ليست معيبه لكن نقول مثلا سياسه حرب الاسعار عندما اقيم سياسه حلب الاسعار انا كيف يمكن ان احكم عليها انا ما بيهمني ولي العهد فلان,,0.234254,low
f2af6907-57b2-4544-80c8-8d29368e9f1c,mediaspeech,../data/mediaspeech_ar/AR/f2af6907-57b2-4544-80c8-8d29368e9f1c.flac,,النجاح في انتخابات سنه اا هذه السنه طيب هنا نفس الشيء ينطبق علي جو بايدن ولا لا الفرق انو جو بايدن ليس هو الرئيس هذا هو الرئيس وهو بيده السلطات هنالك قوانين علي الورق تستطيع وزاره العدل الامريكيه,,0.36597,mid
04959f56-420d-44c3-acee-c01eac191dbd,mediaspeech,../data/mediaspeech_ar/AR/04959f56-420d-44c3-acee-c01eac191dbd.flac,,نعم سيد رايس تحولت هذه القضيه الي قضيه سياسيه وجدل ويعني مناكثه بين الديموقراطيين والجمهورين بين الديمقراطيين والرئيس,,0.137656,low
ed166dbe-1db9-461e-a415-c84e8f7c032f,mediaspeech,../data/mediaspeech_ar/AR/ed166dbe-1db9-461e-a415-c84e8f7c032f.flac,,مو يعني بشكل ما فيش مجتمع ليهم في الوقت الحالي هم موجودين في اماكن متطرقه سواء في اصوان او في القاهره او في اسكندريه فده اثر طبعا اثر بشكل كامل في,,0.585405,mid
0a3ff3a8-a88b-4a21-b687-d5291d863b64,mediaspeech,../data/mediaspeech_ar/AR/0a3ff3a8-a88b-4a21-b687-d5291d863b64.flac,,بليه لترشيد الدعم لكنها لن تطال محدوده الدخل كيف حتعرفون هالفئه محدوده الدخل هذا تحدي و اللي يثبت لهذا التحدي صعب فشل وزاره المياه في,,0.383117,mid
fea3431a-541f-4cec-b217-6c11f26dfd15,mediaspeech,../data/mediaspeech_ar/AR/fea3431a-541f-4cec-b217-6c11f26dfd15.flac,,رئيس ترامب لمعالجه كورونا لان الحياه الان طبيعيه وعدد الاصابات والوفيات قل بصوره ملحوظه جدا اذا ايران تحت العقوبات استطاعت ان تخرج من اخطر,,0.013903,low
8f59dc1f-0272-4c43-a2f5-7b862cbb1b97,mediaspeech,../data/mediaspeech_ar/AR/8f59dc1f-0272-4c43-a2f5-7b862cbb1b97.flac,,ام كمان اكثر تلاصق واكثر ترابط في هاي الجائحه لانه جميع الل الناس وجدت نفسها داخل البيوت معزوله عن العالم الخارجي تقريبا لا يوجد هناك اتصال,,0.543347,mid
92c5be39-69e9-48c6-940f-de9255b5b37f,mediaspeech,../data/mediaspeech_ar/AR/92c5be39-69e9-48c6-940f-de9255b5b37f.flac,,طريق الي اعلان الانفصال مستقبلا عن الشمال يا اخي نحن ما نريد نسمي هذا الكلام لكن هو هو هدف من اهداف المجلس الانتقالي يظل قائم لكن التزامنا,,0.209951,low
1faf792d-bc31-4357-95a8-ab223a03b150,mediaspeech,../data/mediaspeech_ar/AR/1faf792d-bc31-4357-95a8-ab223a03b150.flac,,تاجيل زياره وزيري الخارجيه والدفاع الروسيين الي تركيا تسلط الضوء علي خلافات قائمه وخصوصا بشان مقاربه الازمه الليبيه وبانتظار لقاء الطرفين تؤكد,,-0.004895,low
d297bf30-ba1c-4b89-8470-ffcf178acd91,mediaspeech,../data/mediaspeech_ar/AR/d297bf30-ba1c-4b89-8470-ffcf178acd91.flac,,القذافي تمويل حمله ساركوزي والي ما هنالك دخلت امريكا وبقوه الان الطرف الاقوي في التدخل هما تركيا وروسيا وامريكا برايي لديها مصلحه بالتوافق مع تركيا في,,0.110903,low
74ce080f-cc41-4314-83cf-7e5b8fe5b6f3,mediaspeech,../data/mediaspeech_ar/AR/74ce080f-cc41-4314-83cf-7e5b8fe5b6f3.flac,,الصراعات الممتده التي لا تنتهي ويدفع ثمنها الشعب الليبي نحن في حاجه الي عمليه جراحيه تحدد من هو الخصم اا وتحديدا الميليشيات المتطرفه والارهابيه ومن يدعموها,,0.016543,low
d7b755f6-b42b-4af8-8f45-0bbae4a620ee,mediaspeech,../data/mediaspeech_ar/AR/d7b755f6-b42b-4af8-8f45-0bbae4a620ee.flac,,بير وتواجدت ويانا في كل معركه اللي خاضته قطاعاتنا المشتركه البطله و ا بعد تحرير مدينه الموصل ومناطق غرب اا نينوي تلعفر ومناطق ايضا,,0.324373,low
9fb87396-2c19-455d-a313-c314a69cce6b,mediaspeech,../data/mediaspeech_ar/AR/9fb87396-2c19-455d-a313-c314a69cce6b.flac,,الادق اللي هو بيعمل تحاليل و بيسجل اللي هي وزاره الصحه تمام ممكن استمع يا دكتوره شاديه لو سمحتي حضرتك شويه دكتوره شاديه ثابت ممكن حضرتك نستمع الي طبيب او اثنين اه اثاروا ان يشاركونا في حلقه,,0.646727,mid
48c61fa4-a0ef-4ec3-87ba-0b9ba829326f,mediaspeech,../data/mediaspeech_ar/AR/48c61fa4-a0ef-4ec3-87ba-0b9ba829326f.flac,,بدانا علي ايران نتحدث سفن المن والسلوي سفر الخير لكل العقوبات الامريكيه وصلت للشعب الفنزويلي هناك مستسمرين عادوا الي سوريا اا الحقيقه بدات هناك خطط فعاله وعمليه,,0.056419,low
d05118ac-7663-4886-a480-d5d82ed8dc65,mediaspeech,../data/mediaspeech_ar/AR/d05118ac-7663-4886-a480-d5d82ed8dc65.flac,,التخلص من التلوث بشكل عام وكان ايضا الفيروس عامل لانه ايضا رجع الحقيقه كثير من الامم والبشريه الي حاله,,0.050359,low
2268bc6e-8259-44d5-9acb-140557d0ce6e,mediaspeech,../data/mediaspeech_ar/AR/2268bc6e-8259-44d5-9acb-140557d0ce6e.flac,,من كتاب موسوعي عن الرؤساء الامريكيين هل ممكن يعني في ثلاثين ثانيه او في دقيقه اا نتحدث عن هذا الكتاب اولا قبل ان نطرح عليكم الاسئله دكتور,,0.025652,low
36c3cc97-699e-4863-8c60-fe402b00844f,mediaspeech,../data/mediaspeech_ar/AR/36c3cc97-699e-4863-8c60-fe402b00844f.flac,,المستشفي هو انه زملاء الطبيب المتوفي شاهدوه يموت وطلبوا منه البقاء في المستشفي ولا ايه اللي حصل,,0.39738,mid
c5068a54-420e-4c63-bc12-acb66812637c,mediaspeech,../data/mediaspeech_ar/AR/c5068a54-420e-4c63-bc12-acb66812637c.flac,,دخل اليهود ايضا ولاعبوا دور مهم في كينغ ميكرز في صناع الملوك والرؤساء نعم اعضاء مجلس الشيوخ واعضاء مجلس النواب فالنظام هو نفسه منحاز ضد السودان لم يعط حقوقهم الا بالتعديل الثالث عشر,,-0.0025,low
2cc85434-a501-4b21-b9ab-5c720d21df8a,mediaspeech,../data/mediaspeech_ar/AR/2cc85434-a501-4b21-b9ab-5c720d21df8a.flac,,تمكنوا حكومه الكاظم من انهاء الوجود الامريكي في العراق هذا الحوار اليوم ارحب بضيفي الكريمين من بغداد عضو شبكه الهدف للتحليل السياسي السيد عباس العردو ارحب ايضا بضيف من واشنطن,,-0.003541,low
4fcdcb9a-1b7e-4a91-a8ef-ea2b02756e16,mediaspeech,../data/mediaspeech_ar/AR/4fcdcb9a-1b7e-4a91-a8ef-ea2b02756e16.flac,,اقتصادي وبالملف السياسي وبالملف الامني بالتاكيد هذه المفاوضات او الحوارات ستكون لها مخرجات فبالتالي هي تستدعي ان تكون ل القوي البرلمانيه فيها راي التقاطعات الداخليه انعكست بشكل,,0.000352,low
b1f56530-cb4f-4e2f-9157-ae892fff4050,mediaspeech,../data/mediaspeech_ar/AR/b1f56530-cb4f-4e2f-9157-ae892fff4050.flac,,بيجيف وهو النائب السابق لقائد القوات الجويه الروسيه لشؤون المنظومه الموحده للدفاع الجوي التابعه لدول الاعضاء في مجموعه رابطه الدول المستقله,,0.13777,low
93935ada-3be2-4fc8-867b-c6d355dcc11f,mediaspeech,../data/mediaspeech_ar/AR/93935ada-3be2-4fc8-867b-c6d355dcc11f.flac,,ميزانيه عشرين ثلاثين التي بالمناسبه تم تخفيضها و سنناقش ذلك في النصف الثاني طيب يا سيدتي شوف انا اتذكر ان فان جارنر و هو صحفي في البي بي سي كتب في اوجست,,0.238927,low
73091645-e5da-4e0d-ac81-3783a828931b,mediaspeech,../data/mediaspeech_ar/AR/73091645-e5da-4e0d-ac81-3783a828931b.flac,,في العام السادس معناتو علي الاقل كلفه هذه الحرب هلئ طبعا هناك بعض المصادر تقول انو اكثر انا لست مع هذا الراي اا ممكن قول علي الاقل كلفت هذه الحرب بحدود,,0.366823,mid
574466bf-aa7d-4611-add0-eb488c68f5b5,mediaspeech,../data/mediaspeech_ar/AR/574466bf-aa7d-4611-add0-eb488c68f5b5.flac,,التي تجاوبنا معها بشكل ايجابي لا تسوذي المساله وتجعليها من زاويه واحده هناك اشياء اخري كثيره نريد ان نتكلم عليها نوضحها لجمهور المشاهدين معنا الحديده معنا اتفاقات الاخري مع مارتن,,0.005745,low
41b1e799-af50-4f27-b814-9276bf4e06c9,mediaspeech,../data/mediaspeech_ar/AR/41b1e799-af50-4f27-b814-9276bf4e06c9.flac,,للسعوديه وللعالم المشاكل تواجهنا طموحنا سوف يبتلعها ان شاء الله في السنوات القادمه وضمن ايضا اشارتكم واشرتم الي مشكله الاسكان الي مشكله ضمن الاستراتيجيه الي,,0.062889,low
5cc1e728-68f3-4b46-8ebc-7d242c6ad032,mediaspeech,../data/mediaspeech_ar/AR/5cc1e728-68f3-4b46-8ebc-7d242c6ad032.flac,,متواتره من قبل اسابيع ان هناك حالات مؤكده مخفيه في صنعاء وكان ال الغرض منا انه لا نريد ان نسيس ملف كرونا مثل بقيه ال الملفات الاخري الذي يسيسها الحوثيون وانه يجب,,0.003726,low
a569d09b-734a-41e1-ab29-f1d581e15f2e,mediaspeech,../data/mediaspeech_ar/AR/a569d09b-734a-41e1-ab29-f1d581e15f2e.flac,,لكن دوله عملت ما عليها طيب يا دكتور محمود مستشار وزير الصحه مستشار وزيره الصحه قال انه هناك ستين بالمئه من استيعاب او سعه اسره العنايه المركزه واقسام العنايه المركزه تم,,0.504383,mid
6df35e17-e0e5-42bf-b141-23689839d1e8,mediaspeech,../data/mediaspeech_ar/AR/6df35e17-e0e5-42bf-b141-23689839d1e8.flac,,رونا اولا هل هل هذا صحيح هل قمت بتحميل التطبيق فعلا وطلب منك الدخول علي قائمه الصور والا تشعر بالخوف عندما يطلب منك هكذا بيانات كلا عزيز,,-0.002336,low
20fd9b0c-4b7b-47a7-b9cf-3838e0a2c089,mediaspeech,../data/mediaspeech_ar/AR/20fd9b0c-4b7b-47a7-b9cf-3838e0a2c089.flac,,هذه الرؤوس وفي هذا التوقيت وما هي الاسباب التي ادت الي ذلك انا قلت لك يعني قبل قليل يعني تركزت علي موضوع الاستخبارات يعني شوف ال ا السيد رئيس مجلس الوزراء القائد العام للقوات المسلحه السيد مصطفي الكاظمي,,0.171774,low
6f65b69e-0e9f-4406-a126-d778ffaef058,mediaspeech,../data/mediaspeech_ar/AR/6f65b69e-0e9f-4406-a126-d778ffaef058.flac,,ابا في الجانب الدفاعي بدايه من المحاور قلبي الدفاع الاظهره كان تقريبا المجموعه هذه كلها تتحمل الهدف يعني هدف ما كان بخطا شخصي بقدر ما انو هو خطا في التنظيم الد,,0.143029,low
c80ba03b-8a14-4bcc-8128-2139a8a24b83,mediaspeech,../data/mediaspeech_ar/AR/c80ba03b-8a14-4bcc-8128-2139a8a24b83.flac,,الفخر انني كنت مثالا جيدا بان المراه يمكن ان تكون رائده فضاء واما ناجحه اا لو تمكنت من السفر الي مدينه هيوستن ومقابله ان وجها لوجه لكنت بالتاكيد زرت مركز,,0.005756,low
9de1fcfa-2612-4e91-99a6-cf8df46b6b57,mediaspeech,../data/mediaspeech_ar/AR/9de1fcfa-2612-4e91-99a6-cf8df46b6b57.flac,,داخليه التي استغل دانارا البورصه الايرانيه مرتفعه دائما وناجحه في كل الظروف الصعبه طب دع ننتقل للحديث عن مساعي واشنطن لتمديد حظر توريد الاسلحه,,0.184011,low
985d2ed8-8a09-4e79-a6aa-a960add53ac0,mediaspeech,../data/mediaspeech_ar/AR/985d2ed8-8a09-4e79-a6aa-a960add53ac0.flac,,من هذا الطرف او ذاك علي ماذا تعولون في اعلان قرار الاداره الذاتيه سواء في الداخله في الخارج بسم الله الرحمن الرحيم اولا انا سعيد جدا ان اكون معكم في لقاء,,-0.002701,low
5b4cc2b7-26e4-4159-94f3-cf89e8cd52ce,mediaspeech,../data/mediaspeech_ar/AR/5b4cc2b7-26e4-4159-94f3-cf89e8cd52ce.flac,,القوي الامنيه قالت انها اكتشفت اربع خلايا كان من همها ان تفجر الوضع اللبناني لاسباب قد لا تكون متعلقه باللحظه السياسيه الراهنه بل قد يكون لها تداعيات اقليميه ومنا وم,,0.002156,low
3eebd276-d74b-48d6-87bf-24add037eb2e,mediaspeech,../data/mediaspeech_ar/AR/3eebd276-d74b-48d6-87bf-24add037eb2e.flac,,المجتمع متسامح مجتمع مترابط مجتمع متحاب لا يوجد هناك اي نوع من انواع التمييز سواء كان علي اساس العرق او الدين او المذهب,,-0.004697,low
f6f8fe96-d7c8-43e5-a88d-5214b46a8509,mediaspeech,../data/mediaspeech_ar/AR/f6f8fe96-d7c8-43e5-a88d-5214b46a8509.flac,,مثل العبارات الامارات عفوا و كذلك الكويت و كذلك قطر التي يعني فيها الغاز لكن نحن نتكلم عن ممارسه هذه الدول و نتكلم عن ممارسه النظام السعودي اعطيكي اقارن و بالمثال يتضح المق,,0.002028,low
b2299068-e1d8-4920-a76c-734d32894c46,mediaspeech,../data/mediaspeech_ar/AR/b2299068-e1d8-4920-a76c-734d32894c46.flac,,لا يرغب بالوجود الامريكي في العراق اطلاقا ودليل علي ذلك هو استمرار الرسائل التحريريه التي تصل اليه صواريخ الكاتيوشا او غيرها وحتي الي ليله امس الشعب العراقي يدرك انه اصل الارهاب في,,0.001819,low
4fd9a30f-8d1f-473d-a212-f5b58bc08f33,mediaspeech,../data/mediaspeech_ar/AR/4fd9a30f-8d1f-473d-a212-f5b58bc08f33.flac,,هذه نعمه كبيره للعالم ال الحر وللعال وللبشريه لانه بدا ينخر بالاداره الامريكيه داخليا وخارجيا بسبب سياساته العنصريه بسبب تمرده وعدم التزامه,,0.013079,low
87576865-d4fc-4afe-aa8d-acc08362c288,mediaspeech,../data/mediaspeech_ar/AR/87576865-d4fc-4afe-aa8d-acc08362c288.flac,,العنيفه جدا ستسقط رؤوس كبيره المواطن الان بدا علي اتصال مباشر الحكومه خاطبت كبار الخبراء الاقتصاديين بتقديم رؤاهم الاقتصاديه بدا هناك خطه طموحه لتطوير,,-0.000207,low
6ad34504-6477-4c3d-9fe1-35ae6971c784,mediaspeech,../data/mediaspeech_ar/AR/6ad34504-6477-4c3d-9fe1-35ae6971c784.flac,,اا الدبلوماسيه الجزائريه بان الحل في ليبيا لابد ان يكون ليبيا ليبيا وعلي الجميع مساعده هاد الاطراف الليبيه للقاء وتحديد خارطتهم للخروج من هذه,,0.082304,low
9c59ed5c-721c-4f22-a3a9-d196def56888,mediaspeech,../data/mediaspeech_ar/AR/9c59ed5c-721c-4f22-a3a9-d196def56888.flac,,يعني خمسطعشر في المئه بدل المعيشه هم استحووا ان يقولوا انه خمسطعشر بالمئه لا اي كل من راتبه عشره الاف ريال سوف ينقص من راتبه الف وخمس مئه ريال وبالمناسبه هذه الالف وخمس مئه,,0.549851,mid
22b2d890-d2a7-40f8-aff1-86961a617f40,mediaspeech,../data/mediaspeech_ar/AR/22b2d890-d2a7-40f8-aff1-86961a617f40.flac,,يعلم ان يعني حتي قرار الرئيس الامريكي بان تبعد السفن مئه متر عن السفن الامريكيه او القوارب الايرانيه يعني اذا ما قام بالتصدي للقوارب,,0.066854,low
f8cdfc41-74b6-49e6-84c2-0f2fa9b96b48,mediaspeech,../data/mediaspeech_ar/AR/f8cdfc41-74b6-49e6-84c2-0f2fa9b96b48.flac,,ساخن واضح نحنا واليوم وضعنا اعلان نحنا بهذا الاطار كمان بندعي كل اللبنانيين انه يتواصلوا في مواقع الالكترونيه للوزاره يفيدونا عن اي تقصير بيصير من موظف وانا دعيت,,0.445944,mid
0d95f6e4-3b88-45d5-a185-fdb4ed76e7c4,mediaspeech,../data/mediaspeech_ar/AR/0d95f6e4-3b88-45d5-a185-fdb4ed76e7c4.flac,,و ويناقش الفريق الطبي اللي يطع معه ويختلف معاهم ويقول لك احقن نفسك بال بالمطهرات ويعني خرابيط عنده يعني هذا الدوا اللي الجميع يجمع بانه,,0.582531,mid
b2d18fcc-9237-412d-90a2-f29df0188748,mediaspeech,../data/mediaspeech_ar/AR/b2d18fcc-9237-412d-90a2-f29df0188748.flac,,ان الدور الاساسي يتمثل في وضع السيطره علي الامور و لكن تحت قياده المح السلطات المحليه فان المشكله في الولايات المتحده و نحن نحلل ذلك فنحن نح يجب ان,,-0.003539,low
81ca5fa4-2cb5-4714-b1ae-bac0f3dd4ed0,mediaspeech,../data/mediaspeech_ar/AR/81ca5fa4-2cb5-4714-b1ae-bac0f3dd4ed0.flac,,يعني هذا الامر واضح وتجيب عليه الدول التي تدعم ولكن شيئا فشيئا هذه الحكومه هي باتجاه تعزل النفس عن العالم خاصه بعد الاعلان القاهره الاخير ودعم المجتمع الدولي لهذه المبادره واحنا ندعمها,,0.247229,low
a231b17e-197d-4f51-b127-c16d1d9666b1,mediaspeech,../data/mediaspeech_ar/AR/a231b17e-197d-4f51-b127-c16d1d9666b1.flac,,احنا في تمديد الدستور اا اللي ا يعني اللي كتب واللي صوت عليه من قبل الشعب العراقي ان يكون او تكون القوات المسلحه هي قوات دفاعيه و ليست هجوميه,,0.571549,mid
e5155d0b-04a7-469b-afaa-2ec176c92f17,mediaspeech,../data/mediaspeech_ar/AR/e5155d0b-04a7-469b-afaa-2ec176c92f17.flac,,يعني ربما يكون احد التقارير النادره لاننا في السابق لم نسمع ان منظمه امنستي تتحدث عن انتهاكات حقوق الانسان في الولايات,,0.001928,low
bb00be29-66c0-4cc5-a6ac-0acb2ebe4e14,mediaspeech,../data/mediaspeech_ar/AR/bb00be29-66c0-4cc5-a6ac-0acb2ebe4e14.flac,,يعني يستملؤهم ويريد ان يثبت بان هناك يعني في علاقه جيده مع السود ولكن هو تغريداته ومواقفه وتصريحاته وحتي كلامه عن الدول الافريقيه بانها,,0.159701,low
1e4a0e9d-30eb-4be9-89a8-2b8a713ba5ef,mediaspeech,../data/mediaspeech_ar/AR/1e4a0e9d-30eb-4be9-89a8-2b8a713ba5ef.flac,,لبنان من خلال خطه ماكنزي هو ركز علي موضوع القنب الهندي ولذلك نحنا كوزاره زراعه من اول يوم بدانا وخاصه من خلال مروره بالهيئه العامه للمجلس الن,,0.006187,low
4b4064d1-eef5-4665-aed7-eb903fac99d7,mediaspeech,../data/mediaspeech_ar/AR/4b4064d1-eef5-4665-aed7-eb903fac99d7.flac,,فاللغه فالثقافه فكل حاجه تقريبا خلينا ننتقل لملف التعويضات متي ينتهي ملف التعويضات بالنسبه لاهالي النوبه في مصر هل هناك وقت زمني تتخيله,,0.371003,mid
5881de6f-d5bf-4b36-872a-c2343e15abfb,mediaspeech,../data/mediaspeech_ar/AR/5881de6f-d5bf-4b36-872a-c2343e15abfb.flac,,شبهات الخليج فالاستقالات دي كانت جايه بطريقه او باخري انا عايز اقول لحضرتك ان في اكتر من طبيب كانوا منقطعين عن العمل ولما حصلت ازمه الكورونا رجعوا وحطوا نفسهم تحت التصرف,,0.62596,mid
9e045572-7754-4ddd-a678-88040c160298,mediaspeech,../data/mediaspeech_ar/AR/9e045572-7754-4ddd-a678-88040c160298.flac,,هذه المنظمات في ليبيا او في الاركتيك فيمكن ان تعمل هذه المنظومه في اي ظروف مناخيه و بما في ذلك في ظروف الصحراء او في ظروف الجليد الاركتيكي للشواطئ الروسيه,,-0.004818,low
f487977d-338d-43e3-bb2e-9755582f7339,mediaspeech,../data/mediaspeech_ar/AR/f487977d-338d-43e3-bb2e-9755582f7339.flac,,تركيا هل البانستر التي وجدناها هو دفاعات جويه تصنع في المرج ولا في بنغازي ما ما ما هي اسلحه روسيه وما هو طيب يعني انا انا ما افهمه من كلام حضرتك انك تري وجاهه في هذه التقارير طالما هي,,0.187151,low
8d665716-dae7-4c9f-aed0-a19da0bf5d5e,mediaspeech,../data/mediaspeech_ar/AR/8d665716-dae7-4c9f-aed0-a19da0bf5d5e.flac,,يعني خلاص يصير في فن شو حقيقي عرض علي المسرح يعني خلاص نخلص منه هادي الحاله الكلاسيكيه اذا علي الاقل عنده القدره الشاب او المغني هلا في بعض المغنيات سلكوا مشي حالهم,,0.862551,high
431a97a0-d363-4b51-813b-8a5aacec8a7b,mediaspeech,../data/mediaspeech_ar/AR/431a97a0-d363-4b51-813b-8a5aacec8a7b.flac,,دوله اكثر من دوله اخري مثلا ام عندما تقول الدول الخليجيه نحن نتحدث عن سله واحده ربما تتشابه فيها ذات الاعراض نعم نعم لا لا كل دول الخليج ستتعاون في هذا الامر فيما,,-0.003437,low
7d70cc2a-5537-4395-bf1b-dcad2bae1257,mediaspeech,../data/mediaspeech_ar/AR/7d70cc2a-5537-4395-bf1b-dcad2bae1257.flac,,ولكن اذا استمر الوضع كما هو علي الان عليه الان الامور ستزداد سوءا واذا كنا نتكلم اليوم حسب تقرير المنظمات الدوليه عن الحاجه الي عشرين الي تلاتين,,0.345228,mid
8ce599a1-3946-452b-b549-de22c5dd23b1,mediaspeech,../data/mediaspeech_ar/AR/8ce599a1-3946-452b-b549-de22c5dd23b1.flac,,بضائع فالتغيير قد يطالها مرات عديده في اليوم الواحد تبعا لمتغيرات سعر صرف الليره بعضهم رمي الكره بملعب التجار الكبار والموردين,,-0.000366,low
8e852ada-5767-4e61-983d-f1a35856286c,mediaspeech,../data/mediaspeech_ar/AR/8e852ada-5767-4e61-983d-f1a35856286c.flac,,اعتقد لو كان يعني السيد رياض في الحكم انه لعب معاهم في المجموعه المفروض انه يكون يعني يكتشف هذه النقطه لانه هذي قوته احنا شفنا اغلب الكره العاليه حتي في كراتهم الركنيه ضربات الزاويه اسامه كانوا دائما,,0.492946,mid
54f60e8d-d9a4-42fb-b04b-6987d6572d6f,mediaspeech,../data/mediaspeech_ar/AR/54f60e8d-d9a4-42fb-b04b-6987d6572d6f.flac,,ضحينا باراضينا وضحينا بحاجتنا عشان خاطر مستقبل مصر وعشان خاطر السد العالي فالمفترض يعني انو يكون في تقدير لذلك اا كان هناك من فتره خلاف حول قطعه من الارض حول,,0.640962,mid
c4e2c47d-09c3-4d18-8c1d-cac40ae30d33,mediaspeech,../data/mediaspeech_ar/AR/c4e2c47d-09c3-4d18-8c1d-cac40ae30d33.flac,,تفاقمه انو الحكومه كمان تتحمل مسؤوليه في اي مناطق تسيطر عليها نعم موضوع كورونا موضوع عالمي ومؤسف ومساله دخوله لليمن حتي اكون صريحا هي,,0.442618,mid
ce7c5fc7-392b-4906-99c2-d7f838a8a74f,mediaspeech,../data/mediaspeech_ar/AR/ce7c5fc7-392b-4906-99c2-d7f838a8a74f.flac,,الطائرات عندك المسيره جهاد احنا لازم نطور نفسنا ولهذا احنا في حاجه مستمره الي التدريب والتسليح وبشكل يعني الاسلحه المتطوره والحديث,,0.6135,mid
800d24c1-c481-41da-aa8f-a386958766c6,mediaspeech,../data/mediaspeech_ar/AR/800d24c1-c481-41da-aa8f-a386958766c6.flac,,من قبل في اكثر من مناسبه يعني عدم الارتكان الي علاقاتها بالامم المتحده في اتخاذ ثلاث قرارات تنص من وجهه نظرها الجوانب الامنيه وملفاتها السياسيه الكبري,,0.080014,low
51092ca6-86e5-4120-81ac-4df11d9e244d,mediaspeech,../data/mediaspeech_ar/AR/51092ca6-86e5-4120-81ac-4df11d9e244d.flac,,في الشارع امام كل الجماهير في مينيابوليس فكان هناك الكثير من الحالات في ولايتنا في ولايه مينيسوتا عندما كان المواطنون الامريكيون من الاصول الافريقيه بدون اي,,0.005015,low
8000d952-d526-4be5-8ddc-2475c4bd1eae,mediaspeech,../data/mediaspeech_ar/AR/8000d952-d526-4be5-8ddc-2475c4bd1eae.flac,,والمقررات المهمه كذلك داخل منطقه الجزاء جيد نروح نشوف الحاله الخامسه نشوف ونركز علي موضوع التهور من قبل مدافع الفريق السعودي انا قلتلك الحالات تكررت,,0.506759,mid
9f171163-70aa-4e5a-9520-8b8a9d0f3803,mediaspeech,../data/mediaspeech_ar/AR/9f171163-70aa-4e5a-9520-8b8a9d0f3803.flac,,كورونا تم تشكيل لجنه مصغره لدراسه المقترحات تراست انا هذه اللجنه التي نظرت في كافه هذه المقترحات البحثيه نعطي هؤلاء الاولويه لاستخدام المباني بشرط ان يحقق البحث,,-0.001223,low
c181cc21-fa77-450d-b7f2-e9907157d8c0,mediaspeech,../data/mediaspeech_ar/AR/c181cc21-fa77-450d-b7f2-e9907157d8c0.flac,,احتجاجات رفضا للعنصريه ودعما للاحتجاجات في الولايات المتحده فهل يصل صوت المتظاهرين عبر العالم الي اذان المعنيين,,0.003169,low
66bb22bb-776c-456c-9a67-4eac5ec5bbe6,mediaspeech,../data/mediaspeech_ar/AR/66bb22bb-776c-456c-9a67-4eac5ec5bbe6.flac,,درجه ساعرض لها خلال هذه الحلقه و اتمني ان استمع لحضراتكم ايضا بما هو يوازي او يخالف ما طرحناه الان مباشره اتحول الي حضراتكم البدايه و الاساس هو شهود العي,,0.063533,low
f645a28a-3e2a-4cb1-944c-29da84a4924b,mediaspeech,../data/mediaspeech_ar/AR/f645a28a-3e2a-4cb1-944c-29da84a4924b.flac,,الساعات القادمه عندما تبدا هذه الجوله برايك هل سنسمع شيء جديد مختلف عن ما هو معروف في المواقف الاثيوبيه,,0.0382,low
7748770d-38fd-46d5-8e3a-b6a7ecb88b4c,mediaspeech,../data/mediaspeech_ar/AR/7748770d-38fd-46d5-8e3a-b6a7ecb88b4c.flac,,الشارع انه قوي وليس ضعيف وكان ادخاله الي قبو البيت الابيض امام الشارع الامريكي بعض الاستهزاء ولهذا هو رد عليهم بقمع طوال فهو لا يتصرف بحكمه رئيسه هو يتصرف,,0.000485,low
cb578088-752a-49db-b5f2-3977994fd949,mediaspeech,../data/mediaspeech_ar/AR/cb578088-752a-49db-b5f2-3977994fd949.flac,,لن اا يكون هناك حل زياسي فالحقيقه ااا الاطراف الليبيه جربت الحسم العسكري وايضا ااا لم يحدس فبالتالي نحن في حاجه الي ليس تفاهمات,,0.097631,low
0a377889-9f71-401f-9e90-3331f26362eb,mediaspeech,../data/mediaspeech_ar/AR/0a377889-9f71-401f-9e90-3331f26362eb.flac,,مناقشه يخلينا نسميها وعرض الاستراتيجيه هو سيقوم بالتسعه الشهر بالانيسكو اا صباحا ستكون ستكون مدعيه كل الهيئات الاقتصاديه وكل ال ال المجالس,,0.240275,low
04e2d2e6-d837-404e-80d0-00731ed32c4d,mediaspeech,../data/mediaspeech_ar/AR/04e2d2e6-d837-404e-80d0-00731ed32c4d.flac,,الوفاق الان الحديث عن الايادي الاجنبيه من سوريين هناك اتهامات توجه للطرفين اتهامات توجه ولدي احصائيات هناك اتهامات توجه لتركيا بانها نقلت ما يقارب ثمن,,-0.004975,low
5dcf5dee-6e2e-4794-95ff-fcea1e5ce18f,mediaspeech,../data/mediaspeech_ar/AR/5dcf5dee-6e2e-4794-95ff-fcea1e5ce18f.flac,,منشا وفقا للتنميه الشامله فانا هيرد هيعود المردود علي الدوله وعلي المجتمع كلو بالكامل طيب سياده النائب الحكومه اكدت انها لن تتراجع عن وضع محطه تحصيل الرسوم في هذا المكان كيف سيتصر,,0.282356,low
08c3655f-733b-4b7c-9103-1263f5ce093a,mediaspeech,../data/mediaspeech_ar/AR/08c3655f-733b-4b7c-9103-1263f5ce093a.flac,,الحظر المفروض علي التسليح الاتراك بحسب الرئاسه الفرنسيه يتصرفون بطريقه غير مقبوله عبر استغلال حلف الشمال الاطلسي ولا يمكن لفرنسا السماح بذلك تقول,,0.01834,low
21d7bafb-a23c-443b-93eb-5ef788dceebc,mediaspeech,../data/mediaspeech_ar/AR/21d7bafb-a23c-443b-93eb-5ef788dceebc.flac,,روسيه من موسكو يسعدنا ان نستضيف حول هذا الموضوع من العاصمه قطرالقطريه الدوحه الاستاذ عبد الله الخاطر الخبير الاقتصادي والنفطي ويسعدنا نرحب معنا من موسكو,,-0.004799,low
ba26b19e-4c85-4bae-af14-3cdcd58fa485,mediaspeech,../data/mediaspeech_ar/AR/ba26b19e-4c85-4bae-af14-3cdcd58fa485.flac,,اهلا بكم الي نقطه حوار جديده انا رشا قنديل بعد تصعيد بين نقابه اطباء مصر و وزاره الصحه و مطالبات باستقاله الوزيره و حملات لتخوين الاطباء المستقيلين بعد تكرار الاعلان من قبل اهالي,,0.002979,low
54d642f0-95af-4700-8d91-77241e3fe54f,mediaspeech,../data/mediaspeech_ar/AR/54d642f0-95af-4700-8d91-77241e3fe54f.flac,,اا انا بستعجب ان في وجود ازمه زي ازمه الكورونا والوزاره تستغني عن جهود سبعتلاف طبيب شاب انا بدعو وزاره الصحه الحقيقه للتراجع عن تكليف الاطباء بالنظام الجديد وعوده لتكليفهم بالنظام,,0.502576,mid
f4015c11-3919-4d5f-a715-caf2e7f89b87,mediaspeech,../data/mediaspeech_ar/AR/f4015c11-3919-4d5f-a715-caf2e7f89b87.flac,,حضرتك لك ملاحظه علي الطرفين اثنين نعم نعم واؤكد ذلك تمام استاذ صلاح الدين خلال لو سمحت ان تبقي معنا سنعاود مره اخري سؤال الاستاذ صلاح,,0.270956,low
56ec4677-5258-42ed-8690-792ad668a4d4,mediaspeech,../data/mediaspeech_ar/AR/56ec4677-5258-42ed-8690-792ad668a4d4.flac,,اليوم ا تستطيع ان تشتري في الذهب من خلال الستيك ماركت الامريكي او النفط من خلال صناديق موجوده في السوق امريكي مخصصه لشراء سلعه معينه او سهم معين عندنا حاجه مشابهه مثلا في السوق السعودي هوصندوق فالكم,,0.051674,low
f12ed8d8-50b7-4d70-9db2-f6d90f12566c,mediaspeech,../data/mediaspeech_ar/AR/f12ed8d8-50b7-4d70-9db2-f6d90f12566c.flac,,للمخالفين تذهب في حساباتهم الخاصه والعذر ان كورونا جائحه عالميه محمد غريب عبر عن ذات المخاوف كون ان هذه التطبيقات يمكن ان تجعل,,0.262159,low
27eb7822-4cf5-4631-a3f2-f2979ed7e669,mediaspeech,../data/mediaspeech_ar/AR/27eb7822-4cf5-4631-a3f2-f2979ed7e669.flac,,تختفي بروحه يعني تخف الي حد كبير تخف وحتي لو من غير علاج فلذلك مهم جدا هذه النقطه لكن ما في شك في بعض العوامل المساعده في زياده الكلف مثلا التعرض لاشعه الشمس وهي نشوفها بشكل كبير عند بعض,,0.274972,low
731f19ae-4f9e-4d86-b628-25e4bcf157b1,mediaspeech,../data/mediaspeech_ar/AR/731f19ae-4f9e-4d86-b628-25e4bcf157b1.flac,,صحفي دحام الاسعد لا زال معنا اهلا بك مجددا دحام الاطباء هنا في فرنسا خاصه السوريين اللاجئين السوريين اظهروا قدرات كبيره في التعامل مع,,0.000753,low
91941f9a-cd52-4f19-9c3e-d6b296f8fac5,mediaspeech,../data/mediaspeech_ar/AR/91941f9a-cd52-4f19-9c3e-d6b296f8fac5.flac,,هنا وهناك و اصوله اكثر من ثلاثمائه و خمسين دولا مليار دولار ال لديها القدره علي الاقتراض نسبه الاقتراض السعودي الي الي الناتج المحلي الاج,,0.035438,low
63e68ddc-2c99-4f8d-9f51-41780c6a315d,mediaspeech,../data/mediaspeech_ar/AR/63e68ddc-2c99-4f8d-9f51-41780c6a315d.flac,,الدولي في الحكومه الليبيه المؤقته الاستاذ عبد الهادي الحويج ساسالك استاذ عبدالهادي عن المبادره المصريه هذه المبادره التي طرحت قبل ايام دعمتها كثير من الدول انتم قبلتم بها الطرف الاخر حكومه,,0.007891,low
30e1500d-2460-492f-aed3-592b4701dbfa,mediaspeech,../data/mediaspeech_ar/AR/30e1500d-2460-492f-aed3-592b4701dbfa.flac,,تتغير بعشرين يناير عشرين واحد وعشرين كل يوم نعم ترامب يبتعد اكثر عن حلمه بان يفوز بولايه ثانيه كل يوم يتخبط فيه ترامب الان اخر استطلاعات الراي تفيد بان برغم انه ماع,,0.091905,low
e537495d-48a7-48f1-912f-325110b6769f,mediaspeech,../data/mediaspeech_ar/AR/e537495d-48a7-48f1-912f-325110b6769f.flac,,هذه التحديات التي تشبه المسابقات العلميه تعطي مكافات و جوائز للرابحين مركز الفضاء واحد من عده معالم اخري حول العالم فتحت ابوا,,-0.004673,low
bd8023cf-7c95-4d49-b010-faa4757433f7,mediaspeech,../data/mediaspeech_ar/AR/bd8023cf-7c95-4d49-b010-faa4757433f7.flac,,تحدث عنها اا خليفه حفتر باعتبارها اا انسحابا تكتيكيا علي بعد اثنين الي ثلاثه كيلو مترات ما اعلنه ااا الناطق الرسمي باسم القائد العا,,0.028244,low
f88ea3c8-c65d-4b89-8fd8-4da420c2eb65,mediaspeech,../data/mediaspeech_ar/AR/f88ea3c8-c65d-4b89-8fd8-4da420c2eb65.flac,,ارقام رسميه صريحه بعد انحصار ازمه كورونا تغريده من الصحفي السعودي محمد القصير قال فيها يعتمد مستقبله مستقبل اعمال الوافده يعني علي التفريق بين العماله الوافده النظاميه وبين المخالفين لانظمه الاقا,,0.32319,low
b1ec0800-af28-4d73-b11c-7ca60462fa99,mediaspeech,../data/mediaspeech_ar/AR/b1ec0800-af28-4d73-b11c-7ca60462fa99.flac,,لا يقول للبنانيين ما هو مشروعه للانقاذ هو قال انه يتراس حكومه وقف الانهيار وتغيير الواقع القائم ولكن في ال في ال في الواقع وفي المنطق لا نري,,0.042288,low
01992550-0cf4-4f4e-adcf-20054c058338,mediaspeech,../data/mediaspeech_ar/AR/01992550-0cf4-4f4e-adcf-20054c058338.flac,,ربما المسال بالدرجه الاولي و بالفعل يعني حصه الولايات المتحده في السوق الاوروبيه ازدادت بشكل ملحوظ جدا اضعاف اا بواقع اضعاف و اكثر و صدرت الي اوروبا,,0.007925,low
c13fe6d9-6a8f-4616-8c4c-d3bcf6bd9886,mediaspeech,../data/mediaspeech_ar/AR/c13fe6d9-6a8f-4616-8c4c-d3bcf6bd9886.flac,,الاطلسي ولا يمكن لفرنسا السماح بذلك بدايه ما ما ما الذي برايك عنت به الرئاسه الفرنسيه في الاشاره الي حلف شمال الاطلسي كان هناك تصريحات مشابهه للرئيس ماك,,0.034678,low
17d44d4a-7083-4fca-b202-36ec3c3be4a0,mediaspeech,../data/mediaspeech_ar/AR/17d44d4a-7083-4fca-b202-36ec3c3be4a0.flac,,وباء كورونا لكن الي الان نلاحظ وانا احد الذين تعرضوا الي هذه يعني الي هذا الامر بعض نقاط التفتيش بعض السيطرات تعرقل هذا العمل وتمنعنا من التجول,,0.162985,low
b0de2428-96ec-44e6-8aa9-e758e6296c99,mediaspeech,../data/mediaspeech_ar/AR/b0de2428-96ec-44e6-8aa9-e758e6296c99.flac,,ووضعها ايضا في مواجهه المد الكوروني ان صح التعبير نجد في بريطانيا علي سبيل المثال هناك دوله لا شك انها تواجه عدد ستين مليون من البشر وخدمات تقدم ناس كثيره مجاني ولكن مع هذا,,0.057107,low
715c780c-be7e-4d97-aaf3-7c76156679cf,mediaspeech,../data/mediaspeech_ar/AR/715c780c-be7e-4d97-aaf3-7c76156679cf.flac,,هاتفيه رصدنا تنوعا كبيرا في الاراء التي عبرتم عنها علي صفحاتنا علي مواقع التواصل الاجتماعي حول موضوعنا اليوم عدد من التعليقات طرح بدائل راوا انه كان يمكن للسعوديه اللجوء اليها لتخفيف النفقات مثلا,,-0.004659,low
e092b3db-901a-4a9e-a4f9-95b800a9e613,mediaspeech,../data/mediaspeech_ar/AR/e092b3db-901a-4a9e-a4f9-95b800a9e613.flac,,هذه المبادره والاسراع في المسار السياسي للازمه الليبيه تستمر حكومه الوفاق وميليشياتها وحلفاؤها في عرقله اي مساع لحل سياسي وفي التصعيد ميدانيا وتتجه الانظار,,-0.005121,low
3233e572-986f-4b98-9113-d6baa2bc2458,mediaspeech,../data/mediaspeech_ar/AR/3233e572-986f-4b98-9113-d6baa2bc2458.flac,,محروم بهيدي المنطقه ومتروك لذلك لجا الي هيدي الزراعات العشوائيه الامر اللي دفعه هو فقط ان تحصيل لقمه عيشه لاله ولابنيه وانما هن,,0.840581,high
7dc0fd4c-7b39-4229-b3c0-e00c356da56b,mediaspeech,../data/mediaspeech_ar/AR/7dc0fd4c-7b39-4229-b3c0-e00c356da56b.flac,,انا امارس رياضه المشي بجانب بيتي هذه المشاركه اذا كما جاءت اونلاين ربما لاحقا سنعرض بعض المشاركات الاخري لكن انا اريد ان اتحول لبعض,,0.001872,low
433b0cd8-0adf-46e5-861c-3b5855ffce7e,mediaspeech,../data/mediaspeech_ar/AR/433b0cd8-0adf-46e5-861c-3b5855ffce7e.flac,,واقيعا العامل الاول موقف امريكي من وزاره الدفاع يتحدث او ينفي وجود اي خطط يعني كان هناك نفي لما نقلتها وكاله رويترز عن مسؤول امريكي نفي وجود خطط عسكريه لمواجهه هذه السفن هذا الموقف الاول من وزاره الدفاع,,0.004619,low
004313ca-fb07-48ac-acaf-7d3521908b39,mediaspeech,../data/mediaspeech_ar/AR/004313ca-fb07-48ac-acaf-7d3521908b39.flac,,في فلوريدا امين عام تحالف شرق اوسط توم حرب ومن لندن استاذ الاعلام السياسي الدكتور مكرم خوري مخول شكرا جزيلا لكما الشكر موصول اليكم ايضا مشاهدينا الي اللقاء,,-0.001803,low
6d3ee579-a59c-4b6c-90d0-775ebb3fc44c,mediaspeech,../data/mediaspeech_ar/AR/6d3ee579-a59c-4b6c-90d0-775ebb3fc44c.flac,,في بيوتهم في في اماكن عملهم اا في مكاتبهم في المشافي الفرنسيه وبنفس الوقت هم يدربون الاشخاص عن بعد او يعطونا معلومات خصوصا عن فايروس كورونا,,0.127118,low
1a1390a8-801d-4643-b616-d909e845a589,mediaspeech,../data/mediaspeech_ar/AR/1a1390a8-801d-4643-b616-d909e845a589.flac,,عسكريه دقيقه وواضحه و لعمل العمله هو من اجل المؤسسه العسكريه انا ما اعمل الي يعني لشخصي و لنفسي والحمد لله والشكر علي كل حال,,0.479799,mid
c9f98c47-be7c-4eb6-a352-5ab3ab129e4a,mediaspeech,../data/mediaspeech_ar/AR/c9f98c47-be7c-4eb6-a352-5ab3ab129e4a.flac,,يكون سبب يعني منطقي ويجب نفاد القانون فيمكن ان يكون من الموضوعي ان تكون للشرطه تلك المعلومات لكن اي جزء من المعلومات المجتمع المجموعه ضدك او او حولك,,-0.003811,low
0c82a25b-4023-463d-83b7-3289969a5c20,mediaspeech,../data/mediaspeech_ar/AR/0c82a25b-4023-463d-83b7-3289969a5c20.flac,,وبالتالي فرنسا فعلت اسوا ما يكون فرنسا الان عاجزه بالكامل ايطاليا عاجزه وهذا ما يجعلهما بحاجه ملحه الي السلام في ليبيا والرغبه بالتاكيد عليه هما يريدان اقل الخسائر يريدان,,0.050548,low
d8eadeb5-cc62-4f9b-8925-5d2ee0729b41,mediaspeech,../data/mediaspeech_ar/AR/d8eadeb5-cc62-4f9b-8925-5d2ee0729b41.flac,,القت القبض علي المسن الياباني واحتمال يواجه عقوبه السجن حوالي ثلاث سنوات نتيجه هذا التهديد يعني ما اعتقد يصير عنا في ارب ايدال لانه كلهم ماشا لله عادي عادي,,0.418655,mid
aadbbdc8-3b9e-47c4-88b1-3e4d04307c5c,mediaspeech,../data/mediaspeech_ar/AR/aadbbdc8-3b9e-47c4-88b1-3e4d04307c5c.flac,,حرب ضد الامورالاجتماعيه الحرب ضد تسلط الدول وسيطرتها وفرض سيطرتها وسطوتها علي الدول يعني سيدي العزيز يعني قاسم سليماني كان يقتحم العراق وقتما شاء يدخل من غير اي,,0.103881,low
dc11637e-6451-4189-8137-69d6f6db6c1d,mediaspeech,../data/mediaspeech_ar/AR/dc11637e-6451-4189-8137-69d6f6db6c1d.flac,,اهلا بكم الي نقطه حوار جديده انا رشا قنديل اجراءات مؤلمه هكذا وصف وزير الماليه السعودي حزمه اجراءاته التقشفيه التي كانت,,0.057739,low
80b6fc70-da42-4791-b8b2-d394fa84cd61,mediaspeech,../data/mediaspeech_ar/AR/80b6fc70-da42-4791-b8b2-d394fa84cd61.flac,,من امريكيا يطال سفنها اما دبلوماسيا فقد حرصت ايران وحليفتها فنزويلا علي وضع الامم المتحده في ضوء التوتر الحاصل في الكاريبي معتبره اي تحرك,,-0.004548,low
0d5d8bfa-132b-4769-997c-b70d7dda1100,mediaspeech,../data/mediaspeech_ar/AR/0d5d8bfa-132b-4769-997c-b70d7dda1100.flac,,ممارسه القوات الامنيه العراقيه لبعض ال ال العمليات الخاصه التي في طبيعتها الجغرافيه لا تستطيع جنود الاميركان او غيرها ممارستها بحكم التجربه ومتابعه عصابات داعش بل بالعكس,,-0.002517,low
80952636-c1f5-4030-a05f-173101687ff6,mediaspeech,../data/mediaspeech_ar/AR/80952636-c1f5-4030-a05f-173101687ff6.flac,,بي بطبيب مشارك معنا لاسال سؤالا واضحا هل اصلا هناك جهوزيه لدي وزاره الصحه لتامين هذه الوعود ينضم الي دكتور احمد من مصر دكتور احمد اثري الاحتفاظ باسمه بلقب عائلته و طبعا انا احترم ذلك دكتور احمد سؤالي المباشر ه,,0.080506,low
c8190baf-a773-4a17-a093-2011eeab862f,mediaspeech,../data/mediaspeech_ar/AR/c8190baf-a773-4a17-a093-2011eeab862f.flac,,يساعدنا لا يعني ساعدونا ان نعيش ان نضل علي قيد الحياه اذا بدنا نحكي ان عم ناكل بنشرب بنروح بنفيق في بس نحن جروحنا اللي الجوه لا ما طابت نحن تركنا روحنا,,0.703281,high
e2ae650e-e5ea-4b40-b77d-68617fff5798,mediaspeech,../data/mediaspeech_ar/AR/e2ae650e-e5ea-4b40-b77d-68617fff5798.flac,,التي رفضتها اثيوبيا والوثيقه تمت باتفاق الاطراف الثلاثه بنسبه تسعين في الميه وعشره في المئه لم تضعها مصر ولكن وضعتها الولايات المتحده بالتنسيق مع البنك الدولي وهما طرفين,,-0.002859,low
447faa75-7dea-44a3-a38d-df5db73540c5,mediaspeech,../data/mediaspeech_ar/AR/447faa75-7dea-44a3-a38d-df5db73540c5.flac,,من غير اصول المانيه ولكن حتي الالمان يجب يعني العمل علي جث هاد الجائحه هادي ويعني ويجب نقاش اا داخل المجتمع الالماني هو اللي دفع طيب الحكومه الالمانيه لتاسيس,,0.584838,mid
dd52bb01-868b-4e9b-8a17-3b8292e0f05d,mediaspeech,../data/mediaspeech_ar/AR/dd52bb01-868b-4e9b-8a17-3b8292e0f05d.flac,,من خلال صندوقها السيادي من خلال الصناديق الاخري اللي مملوكه للحكومه و من خا من خلال اهم مهنه رجال الاعمال السعوديين نعم لدينا رجال اعمال كثر في صناعات مختلفه لكن اغلب رجال اعمالنا شركات س,,0.120135,low
6291057d-185a-4c3c-9f35-32be5b93bf9a,mediaspeech,../data/mediaspeech_ar/AR/6291057d-185a-4c3c-9f35-32be5b93bf9a.flac,,ارتياح للفكر ان لديك تطبيق محمل علي الهاتف اذا اردت ان تخرج لاي سبب كان خارج منزلك السلام عليكم و رحمه الله و بركاته و خواتم مباركه عليك و علي جميع,,0.005662,low
d08fee22-0bc5-4604-977e-f3d6e8eb43f6,mediaspeech,../data/mediaspeech_ar/AR/d08fee22-0bc5-4604-977e-f3d6e8eb43f6.flac,,مهاجرين و البيض هم الذين سيطروا علي النظام السياسي نعم و لهذا السبب حتي الساسه الامريكيين سميناهم باللغه المصطلح الامريكي واس وايت انجلو ساكسون بروتيستان يعني هم حتي همشوا الكاثوليك و همشوا,,-0.000614,low
4e7e7adc-8f61-436e-abde-694723f95ea9,mediaspeech,../data/mediaspeech_ar/AR/4e7e7adc-8f61-436e-abde-694723f95ea9.flac,,بس للامانه الصحفيه هناك اجراءات اتخذت في عدد من شركات الطيران مثلا سواء في الامارات او في قطر خفضت من العماله بنسبه كبيره و هذا الطرح سانقله الي ضيفي التالي الخبير الاقتصادي اشكر حضرتك شكرا جزيلا سيد سلطان,,0.129713,low
3a41bf8a-b8b5-4c3d-8a62-b20a995fed0b,mediaspeech,../data/mediaspeech_ar/AR/3a41bf8a-b8b5-4c3d-8a62-b20a995fed0b.flac,,هناك نيه يعني اه ثابته للتقاعس عن من جانب وزاره الصحه و الذي يبدو في كلام حضرتك الان عكس ذلك ان القضيه قضيه امكانات و هو ما اكده رئيس الوزراء لما قال ان المستلزمات الوقائيه موجوده لكن,,0.036651,low
8ca31963-84bb-4017-9630-b1d6f7687751,mediaspeech,../data/mediaspeech_ar/AR/8ca31963-84bb-4017-9630-b1d6f7687751.flac,,لا هي هي طبعا ال الصادرات المصريه ا الزراعيه يعني من ضمن اا اتناشر مجلس تصديري اللي بيمثلوا حوالي خمسه وعشرين مليار دولار لحنا مصر بتصدرها وكل قطاع مختلف يعني في,,0.337869,mid
e149855e-4151-4c37-acaa-6501eb663f37,mediaspeech,../data/mediaspeech_ar/AR/e149855e-4151-4c37-acaa-6501eb663f37.flac,,في هذه المناطق مستغله الطبيعه الجغرافيه جبال حمرين من ظمنها جبال حمريين عندنا مناطق الجنوب اا كركوك عندنا منا في بعض المناطق الصحراويه لكن لو تجي علي اعدادهم هي ليست بالاعداد الكبيره,,0.231458,low
e502d502-eb78-49fd-9ac2-6ae3013510e9,mediaspeech,../data/mediaspeech_ar/AR/e502d502-eb78-49fd-9ac2-6ae3013510e9.flac,,حريري انقلب علي سياسته بعد التسويه التي ابرمها مع الرئيس ميشيل عون انا نحن نقول اليوم بوتنا امام واقع جديد ما اردت ان اقوله استاذ محمد في المداخله و اعترض عليه الدكتور طلال,,0.032129,low
19ba6053-3bf9-4669-86b4-af384599043f,mediaspeech,../data/mediaspeech_ar/AR/19ba6053-3bf9-4669-86b4-af384599043f.flac,,سياسه النفاق فانا عندما كنت اتنزه في شوارع احرامالله او بغداد ومختلف الاماكن في الشرق الاوسط وانا قضيت الكثير من الوقت هناك في شتي الاماكن نعم نحن,,0.012206,low
47bdfa87-17ac-496d-a345-29847bf3ff83,mediaspeech,../data/mediaspeech_ar/AR/47bdfa87-17ac-496d-a345-29847bf3ff83.flac,,هل تخضع البيش مرقي لاوامر القاده العامه للقوات المسلحه يعني شوف هما ضمن الدستور هما قوات حرس الاقليم مهمتهم واضحه لكن من ضمن منظومه الدفاع الوطني العراقي وحقيقه,,0.193315,low
fdd67652-9e81-4797-bf7c-8228a08de8c2,mediaspeech,../data/mediaspeech_ar/AR/fdd67652-9e81-4797-bf7c-8228a08de8c2.flac,,انا لسه طبعا طلب الاحاطه لسه مقدمه من الاسبوع الماضي لما اثيرت مشكله الكارته فطبعا الرد لم ياتيني بعد لكن منتظر رد الحكومه في هذه,,0.59432,mid
5654a003-62c3-4d30-8ba1-916f734b94ca,mediaspeech,../data/mediaspeech_ar/AR/5654a003-62c3-4d30-8ba1-916f734b94ca.flac,,ونص ريال اذا استهدفنا هالسبعين بند لكن بلا شك اذا استهدفنا هالسبعين بند لها تبعات اقتصاديه قد تؤدي الي كساد اقتصادي لها تبعات في التضخم بشكل قد يؤثر بشكل كبير علي مستوي تضخم عاليه جدا,,0.289954,low
3fb34334-e8a3-4cb7-b22c-1ea397e30bdd,mediaspeech,../data/mediaspeech_ar/AR/3fb34334-e8a3-4cb7-b22c-1ea397e30bdd.flac,,النقاط معالي الوزير كيف كيف المتساويه ويضمن ويضمن لجميع ال ال اليمنيين تقاسم الثروات والسلطه بشكل عادل لماذا كيف يا سيدي الفاضل ما هي الاليه ما هو ما هي الرافعه التي ست ستنفذ رؤيه حضرتك التي علي احسن,,0.057884,low
a2e4b604-69ce-4ce3-9a3c-e7606c156fe9,mediaspeech,../data/mediaspeech_ar/AR/a2e4b604-69ce-4ce3-9a3c-e7606c156fe9.flac,,حات لاستعمالها بطريقه ناجعه قد تراعي وتحترم حقوق الانسان الاقتراح الاول هو اقتراح مبدئي عام وهو يجب ان يكون وو للاشاره هذا الاقتراح هو ام اا يعني منبثق من القانون الدولي,,0.034571,low
b9471f40-b4fa-49bd-9f66-692070c6ec54,mediaspeech,../data/mediaspeech_ar/AR/b9471f40-b4fa-49bd-9f66-692070c6ec54.flac,,ثمانيه وستين لاول مره انزل الجيش منذ الحرب الاهليه داخل واشنطن بعد مقتل مارتنج سنه ثمانيه وستين بالتالي هذه ليست عاده ان يستخدم الجيش الامريكي الحرس الوطني هو ليس الجيش الحرس الوطني يتبع للولايات,,-0.001947,low
698a10cc-74fd-49ef-af1c-071ef499fd22,mediaspeech,../data/mediaspeech_ar/AR/698a10cc-74fd-49ef-af1c-071ef499fd22.flac,,لا يلتبس عليك الامر وعلي الساده المشاهدين نحن معد مع مع مع هذه العماله ونحن ضد استخدامها وضد استخد التطبيق هذه التطبيقات التي لا نعلم مصدرها ويمكن ان تستخدم ضدنا بكري كحقوقيين طيب,,0.058988,low
3b65bc0e-05e4-4549-9cbf-c6c706a45a0c,mediaspeech,../data/mediaspeech_ar/AR/3b65bc0e-05e4-4549-9cbf-c6c706a45a0c.flac,,ضيفك موضوع صرف الاموال علي الميليشيات او صرف الاموال علي الحرس الثوري او موضوع الحشد الشعبي هذا امتزاج للافكار عليه ان يفكك ما بين الدوله العراقيه وما بين,,0.094639,low
90edbf71-6a34-4e80-b4c4-82a859fd3770,mediaspeech,../data/mediaspeech_ar/AR/90edbf71-6a34-4e80-b4c4-82a859fd3770.flac,,ذهاب يعني حضرتك انت بتصدق انه الامريكي ممكن يكون في عنده اتجاه انساني او الرئيس الامريكي في عنده انسانيه لحتي نحنا نصدق انه الامريكي اا ممكن يفكر بشكل,,0.448797,mid
71e4490c-5a9a-442f-a081-eca225b23098,mediaspeech,../data/mediaspeech_ar/AR/71e4490c-5a9a-442f-a081-eca225b23098.flac,,تماما بالعكس في بالنسبه لا ليبيا روسيا تتفاهم تماما انو هناك قوه اقليميه اخري وحتي موقف اوروبا رغم انه صوتي اكثر مما هو فعال,,0.163041,low
a01cdd91-5d97-4dbc-9c54-eae5c5054713,mediaspeech,../data/mediaspeech_ar/AR/a01cdd91-5d97-4dbc-9c54-eae5c5054713.flac,,محرك رئيسي للكره الارضيه وليست لل ااا المنطقه المنطقه فقط لن يكون هناك اي استثمار او حراك او تنميه في اي مناطق من مناطق العالم الا بصوت صندوق السيادي,,0.001556,low
6c1d127a-8c9e-46f8-bc19-0718af4e5c4e,mediaspeech,../data/mediaspeech_ar/AR/6c1d127a-8c9e-46f8-bc19-0718af4e5c4e.flac,,الموضوع الذي شاهدناه قبل قليل بهذا مشاهدينا وصلنا الي ختام حلقه اليوم من مراسلون القاكم في عدد جديد وتحقيق جديد الي اللقاء,,0.061175,low
2378fadd-309e-4721-b494-5961e94cd89a,mediaspeech,../data/mediaspeech_ar/AR/2378fadd-309e-4721-b494-5961e94cd89a.flac,,بالتالي التعامل عن طريق المنظمات ليس عن طريق السعوديه بتقديم المساعده للحوثيين هناك تعامل مباشر مع الحوثين لان هناك يعني استراتيجيه الحفاظ علي الحوثيين في الجغرافيا اليمنيه,,-0.005218,low
1cba184b-41f9-4b68-9271-2f1bcf9b1c0b,mediaspeech,../data/mediaspeech_ar/AR/1cba184b-41f9-4b68-9271-2f1bcf9b1c0b.flac,,الرئيس يقول ان حكام الولايات بشكل فردي ضعاف ببساطه والتظاهرات تخرج عن السيطره وفيها الكثير من الاعمال التخريبيه كما يقول هو وبالتالي فكره استخدام الجيش يمكن ان تكون,,0.005165,low
902870f6-fd23-41be-a706-25e9776d9697,mediaspeech,../data/mediaspeech_ar/AR/902870f6-fd23-41be-a706-25e9776d9697.flac,,تستطيع ان تردي يعني لا تستبعد هذا ولا تستبعد ايضا ما صرح به المسؤول الايراني من ان هناك ضوء اخضر امريكي لمرور هذه السفن اذا ما ارادت الولايات المتحده الامريكيه ان تمنع هذه السف,,0.010072,low
329b5bb0-ef64-449e-be70-13a5bdc9fcf5,mediaspeech,../data/mediaspeech_ar/AR/329b5bb0-ef64-449e-be70-13a5bdc9fcf5.flac,,انتم الان تسيطرون علي عدن وبعض المناطق المحيطه بعدن مثل محافظه الضالع ولحج وبعض اجزاء من ابين سقطري وشبوه والمهره وحضرموت تعتبر ليست نطاقا,,0.030982,low
4d9ae046-13e7-4113-867c-513c0ad22faf,mediaspeech,../data/mediaspeech_ar/AR/4d9ae046-13e7-4113-867c-513c0ad22faf.flac,,عقب اوصلت لبنان الي ما وصلت اليه لكن يغيب عن بال رئيس الحكومه امرين اساسيين و هو ان الفساد الذي اا يتغلغل في جسم الدوله اللبنانيه و مؤسسات الدو,,0.113781,low
fdd60ee7-ae7d-4d46-93ff-120df430e207,mediaspeech,../data/mediaspeech_ar/AR/fdd60ee7-ae7d-4d46-93ff-120df430e207.flac,,عيش حياه كريمه منه بعتقد انه بيكون الوضع افضل واحسن ا وكلنا بنعرف انه الوضع الامني الناتج من خلال هيدي المنطقه هو من الحرمان المزمن لهدا المجتمع,,0.555455,mid
81c0e4c6-8c47-40df-9835-03641cb2d5c0,mediaspeech,../data/mediaspeech_ar/AR/81c0e4c6-8c47-40df-9835-03641cb2d5c0.flac,,لانه هذه المنطقه لا تحتمل هذه السعه اثنين الاخ الكريم اشار الي مساله الكهرباء و اقول له ان سد النهضه لن يولد السوء الفين اا ميجا وات في العام و ليس سته الاف و هذه حقيقه,,0.062839,low
b67b6320-25be-468b-be1e-2a3bbdd6c949,mediaspeech,../data/mediaspeech_ar/AR/b67b6320-25be-468b-be1e-2a3bbdd6c949.flac,,تركيا هل تعتقد بان حكومه الوفاق التي تحقق تقدم ميدان اليوم ستقول لك فضل فكك الميليشيات اليوم ونتوجه الي الحل السياسي بعد ذلك,,0.135776,low
bb16e019-aadf-4262-984e-2312f3936ee9,mediaspeech,../data/mediaspeech_ar/AR/bb16e019-aadf-4262-984e-2312f3936ee9.flac,,يمكن للاداره الامريكيه ان تتحرش كما لاحظنا في موضوع فنزويلا الدولتين معاقبتين من قبل الاداره الامريكيه لن تستطع الاداره الامريكيه ان تتدخل وان تقف امام الناقلات الايرانيه لان ايران لديها,,-0.002857,low
859245e2-a01c-4a53-a5da-d3a990ff950e,mediaspeech,../data/mediaspeech_ar/AR/859245e2-a01c-4a53-a5da-d3a990ff950e.flac,,دبلوماسيه امريكيه تستخدم فيها العلاقات مع اطراف اخري نعم طب سيد امير موسوي يعني العقوبات الاحاديه كما وصفتها من قبل الجانب الامريكي نجحت بشكل كبير في كبح صادرات,,-0.002208,low
9bb3fce5-873e-4bf5-b06b-efa5d52b12af,mediaspeech,../data/mediaspeech_ar/AR/9bb3fce5-873e-4bf5-b06b-efa5d52b12af.flac,,بان التيار المستقبل و انا هنا لا امثل تيار المستقبل انا صحافي محايد ولكن ووو مراقب و لكن اقول الامور كما اراها و اقراها في الشارع اليوم تيار المستقبل ليس لديه القدره علي,,0.000464,low
b17888eb-8b2f-4e74-8b11-9822d6a023d8,mediaspeech,../data/mediaspeech_ar/AR/b17888eb-8b2f-4e74-8b11-9822d6a023d8.flac,,المحروقات وانهيار اسعار النفط الصخري الصخري الامريكي وكذلك العقود الاجله لو سمحت ان تبقي معي دكتور حيدر بس اريد ان اسمع حضرتك صوتا اخر من السيد عائض السويدان من الخبر استاذ عائض اهلا وسهلا بحضرتك,,0.218716,low
4a4f0d2a-e27a-4f11-882e-6694d6e92702,mediaspeech,../data/mediaspeech_ar/AR/4a4f0d2a-e27a-4f11-882e-6694d6e92702.flac,,شوف اللي حصل في ترهونه جرائم جرائم حرب و جرائم ضد الانسانيه اللي حصل سبراته وصرمان اللي حصل في الجمال اللي حصل كل مدينه اليوم تحكي حاله حنتوجع اليوم سيارات ال المواد الغذائيه شكرا,,0.692842,high
a3c1e0d6-60b8-4c96-8d50-731ec509471b,mediaspeech,../data/mediaspeech_ar/AR/a3c1e0d6-60b8-4c96-8d50-731ec509471b.flac,,بدا يفرض عقوبات اذا ايران لم تبدا بشيء ايران التزمت ونفذت حسب تقارير وكاله وكاله الطاقه الذريه لذا انا اعتقد ان ايران اولا بنت اقتصادها علي الاقتصاد,,0.012501,low
5a4aa7b8-9a00-49c0-8665-eff9de3305d1,mediaspeech,../data/mediaspeech_ar/AR/5a4aa7b8-9a00-49c0-8665-eff9de3305d1.flac,,وطنهم فالشفافيه مطلوبه جدا لانها داعم وقوي داعم قوي جدا كرقابه وكدعم قرارات الحكومه واجراءات الحكومه طيب كيف سيؤثر سمو الامير محمد بن سلمان رئيس المجلس,,0.182438,low
afa033e4-3826-4916-a355-ef4fc02fd3d2,mediaspeech,../data/mediaspeech_ar/AR/afa033e4-3826-4916-a355-ef4fc02fd3d2.flac,,و في حلقتنا اليوم سنركز علي الجوانب الاجتماعيه و العلميه التي رافقت انتشار فيروس كورونا و في اماكن بعيده تماما عن الاماكن التي اعتدنا ان نعمل بها هذا هو المبني الر,,-0.000791,low
d419fe2a-ab26-4505-98c0-068801cf1023,mediaspeech,../data/mediaspeech_ar/AR/d419fe2a-ab26-4505-98c0-068801cf1023.flac,,عنده الكاريزما والحماس ورجل كبير في السن سبعه وسبعين سنه الا انه يتقدم عليه بعشره بالمئه في استطلاعات الراي المهم في الولايات المتارجحه يتقدم عليه في بنسلفانيا في,,0.039957,low
7145102e-1d00-44cd-a91b-a7f2dd3fbea3,mediaspeech,../data/mediaspeech_ar/AR/7145102e-1d00-44cd-a91b-a7f2dd3fbea3.flac,,بيساعدنا وهنا هو اينعم مش زي الجيم بالظبط ومش اا مش نفس نظام الجيم بس هو علي الائل اي حاجه تساعد والمكان حلو هنا والحديد ده بيساعدنا ومعنا ادواتنا وكده,,0.778317,high
555e8543-b02d-4ed9-ae12-e76185f0f187,mediaspeech,../data/mediaspeech_ar/AR/555e8543-b02d-4ed9-ae12-e76185f0f187.flac,,في الاستوديو اخصائيه علاج نفسي كارين الخازن اهلا وسهلا فيكي مرحبا بالاسبوع العالمي للتوعيه من اضطرابات الاكل والذي يبدا من اليوم الي الثالث من مارس المقبل,,0.145536,low
6c1a118d-f62b-44ec-925b-13af8013bd23,mediaspeech,../data/mediaspeech_ar/AR/6c1a118d-f62b-44ec-925b-13af8013bd23.flac,,الذهاب لدعم الحل السياسي في الداخل الليبي اليوم دول الجوار الليبي ليست المره الاولي اللي تسعي اا من خلال لقاءات لوقف التدخلات الخارجيه في ليبيا تعزيز التنسيق,,0.082564,low
b591edbf-8d77-45c8-8ee5-48d1b0333b3a,mediaspeech,../data/mediaspeech_ar/AR/b591edbf-8d77-45c8-8ee5-48d1b0333b3a.flac,,ضد الانسانيه هذا اولا ثانيا بالنسبه للقوات العسكريه الامريكيه القوات العسكريه الامريكيه لديها حسابات تختلف عن حسابات السياسيين الامريكيين علي الرغم,,0.008882,low
0a3ce018-f088-4926-b009-cee4be8a1e47,mediaspeech,../data/mediaspeech_ar/AR/0a3ce018-f088-4926-b009-cee4be8a1e47.flac,,تجربه او انها يجب ان تثبت علي افضل تشكيله اديت فيها البطوله وتنافس بها لا المفروض انك تثبت علي افضل تشكيله لانك انت الان اا اصبح الهدف مختلف ا كان في بدايه البطوله كان ممكن انك انت قاعد تعد,,0.18459,low
75249c7f-4b10-40cd-a836-3cfc98771bf5,mediaspeech,../data/mediaspeech_ar/AR/75249c7f-4b10-40cd-a836-3cfc98771bf5.flac,,ما راح تعطي في المباراه اللي بعدها والكل داعمهم واتمني التوفيق ونبارك لهم باذن الله بالتاهل يطولات قادمه اسامه هوساوي وحمزه ادريس كنتما معنا طوله طيله ايام البطوله شكرا جزيلا دائما لكم ولارائكم وايضا,,0.430541,mid
f34bf9c7-a927-4ec3-9099-fc023c569899,mediaspeech,../data/mediaspeech_ar/AR/f34bf9c7-a927-4ec3-9099-fc023c569899.flac,,مشاركات علي الهاتف و اسامه من المغرب اتحول اليه تحديدا يا اسامه اهلا و سهلا اولا هل هل تشعر انت ايضا بالخوف من هذه ال التطبيقات بما ان المغرب واحده من الد,,0.004222,low
2ad4e8eb-19ae-4acc-9093-a7d72e5f2ec9,mediaspeech,../data/mediaspeech_ar/AR/2ad4e8eb-19ae-4acc-9093-a7d72e5f2ec9.flac,,لم يكن امامها اي اعفاء باستثناء العراق و العراق لا يمكن ان يستغني عن الكهرباء و الغاز الايراني و لاحظنا ان وزير الكهرباء الايراني الاسبوع الماضي ذهب الي بغداد و وقع اتفاقيه لمده سنه,,-0.003275,low
2674e988-062c-46a0-8f52-60b0f9f6f17b,mediaspeech,../data/mediaspeech_ar/AR/2674e988-062c-46a0-8f52-60b0f9f6f17b.flac,,ابيه اذا تحول الي ايقونه لاستعاده الحقوق المدنيه ولاستعاده المساواه في كل ال ال المجتمعات وهذا ما لاحظناه خاصه في تشييع جنازه جورج فلويد,,0.238889,low
304af79d-b31e-4b37-991e-d0b1d96e7b27,mediaspeech,../data/mediaspeech_ar/AR/304af79d-b31e-4b37-991e-d0b1d96e7b27.flac,,يعني مش عارف مش عايز اقول لك ان احنا اساسا يعني دو يعني الدوله في الوقت الحالي تتبني توجهات لا لا لا تتفق مع الدستور مش بس في النوبه في حاجات كتير فيعني,,0.741918,high
1f63be21-66a3-4bdc-a154-65ad142b29a6,mediaspeech,../data/mediaspeech_ar/AR/1f63be21-66a3-4bdc-a154-65ad142b29a6.flac,,علي سبيل المثال و وقع ذلك من قبل هل يمكن ان يكون ذلك يعني هديه تقدم ونقطه تحسب لطهران علي سبيل المثال طبعا نعم يعني,,0.006441,low
6fdcd3ac-6e46-4084-82da-90b151901314,mediaspeech,../data/mediaspeech_ar/AR/6fdcd3ac-6e46-4084-82da-90b151901314.flac,,امريكا ستتفوق او ستسبق قطر ايضا في حجم الغاز المسال المطروح علي الاسواق العالميه و ذلك خلال ليس خمس سنوات و انما خلال ثلاثه سنوات فقط,,-0.000308,low
bf1e75e2-6c4f-4b28-805d-a621b5add69a,mediaspeech,../data/mediaspeech_ar/AR/bf1e75e2-6c4f-4b28-805d-a621b5add69a.flac,,مش الغايه المهمه في الاولانيه انها التمرين لا طبعا عندنا ان انا بنزل اقعد في وسط اصحابي و دي حاجه لوحدها بترفع عن نفسيتي يعني وبتغير من المود بتاع اليوم اللي هو كل يوم بيبقي في البيت,,0.926453,high
92830f11-bb87-43bd-b6ff-d24f2bc44cdb,mediaspeech,../data/mediaspeech_ar/AR/92830f11-bb87-43bd-b6ff-d24f2bc44cdb.flac,,اي تصريح من غير اي اذن من الحكومه العراقيه يوم ما اتقتل قاسم سليماني لم يكن هناك اذن بدخوله الي العراق بياخد طيارته وينزل يعني ده كان وزير المستعمرات يا فندم مكانش مكانش قائد فيلق,,0.780641,high
6849378b-6d48-4fdf-bac6-8d014b0168f6,mediaspeech,../data/mediaspeech_ar/AR/6849378b-6d48-4fdf-bac6-8d014b0168f6.flac,,تخابات الاعلان و و و و و ووكانت ب ب بمشروع علي اساس انه المبادره الخليجيه وانتخاب الرئيس ومرحله من مرحلتين وخمس خطوات وكان في حوار,,0.045695,low
97e04ad9-d7a7-424c-a441-5c3fa9d05bac,mediaspeech,../data/mediaspeech_ar/AR/97e04ad9-d7a7-424c-a441-5c3fa9d05bac.flac,,ال ال اا ما اا يي عام الفين واحدي عشر وقلبت نظام الحكم وقتلوا القذافي ماذا فعلت في ليبيا الولايات المتحده الامريكيه دمرت ليبيا دمرتها كا ا كدوله دمرتها كحكم والان ت,,0.197462,low
a6370cec-9a39-4eca-9a74-3f7d2809d256,mediaspeech,../data/mediaspeech_ar/AR/a6370cec-9a39-4eca-9a74-3f7d2809d256.flac,,تابع وخرجت من العقوبات الدوليه من مجلس الامن الدولي بسبب الاتفاق النووي الان اصبحت عقوبات احاديه لا تؤثر كثيرا لكن اقتصاد ايران بني علي الامكانيات الداخليه ومع الاصدقاء,,-0.004242,low
5d6eb426-96e6-4fea-a598-7aec897ee7dc,mediaspeech,../data/mediaspeech_ar/AR/5d6eb426-96e6-4fea-a598-7aec897ee7dc.flac,,هي وقت فتح ملف الاطباء واعاده هيكله القطاع الطبي وهو الامر المسكوت عنه منذ اوائل السبعينيات علي حد قوله ولكن نبيل في تغريده تعليقا علي استقاله عدد عا استقاله عدد من الاطباء يقول,,0.001533,low
b8e21a62-4942-46ed-8670-3961846a4a7b,mediaspeech,../data/mediaspeech_ar/AR/b8e21a62-4942-46ed-8670-3961846a4a7b.flac,,يعني مين منا ما بيتصفح المجالات لحتي يشوف المشاهير وشو لابسين وشعرون وكل التفاصيل وكمان ما فيها ننكر ان المشاهير صاروا جزء كبير من التوجه العام,,0.80222,high
e9d090d8-6816-4ef3-8b0f-edf8ea81ad5e,mediaspeech,../data/mediaspeech_ar/AR/e9d090d8-6816-4ef3-8b0f-edf8ea81ad5e.flac,,السلام عليكم موعد اخير لبرنامج كاس الخليج العربي اهلا بكم والي العناوين البحرين تفوز بكاس الخليج للمره الاولي في تاريخها,,-0.001918,low
ae94afcb-e26b-48c5-b5f8-c3744fc9690f,mediaspeech,../data/mediaspeech_ar/AR/ae94afcb-e26b-48c5-b5f8-c3744fc9690f.flac,,من الجبل الاخضر بن بله لطف اهلا وسهلا بحضرتك استاذ بن بلا مرحبتين استاذه مرحبتين اهلا وسهلا بحضرتك سيد مصطفي المجعي ا يقول انه ليس هناك من قوات اجنبيه وانه القضيه هي استعانه الحكومه,,0.537162,mid
ab55ee0a-b3e0-4991-801d-617cb1805856,mediaspeech,../data/mediaspeech_ar/AR/ab55ee0a-b3e0-4991-801d-617cb1805856.flac,,تعزيز الشفافيه وشت بتسوون في تعزيز الشفافيه تحديدا اولا احنا اليوم في مجتمع صعب انك اا ما تكون شفاف و وصعب انك تخفي سر علي ال ا المجتمع في العصر الحديث,,0.225957,low
e433aaeb-82f1-47e5-873b-02ca0c9b5f60,mediaspeech,../data/mediaspeech_ar/AR/e433aaeb-82f1-47e5-873b-02ca0c9b5f60.flac,,وع معنا من اورلاندو في فلوريدا امين عام التحالف الشرق اوسطي توم حرب و من لندن استاذ الاعلام السياسي دكتور مكرم خوري مغول ارحب بكما علي شاشه ار تي و ابد معك,,0.062418,low
60308736-315a-4bbc-8891-e0099937da38,mediaspeech,../data/mediaspeech_ar/AR/60308736-315a-4bbc-8891-e0099937da38.flac,,لكن نحتاج الخبره نحتاج التعاون في مجال تبادل المعلومات الاستخباراتيه ايضا في موضوع التدريب التسليح التجهيز وهذه مهمه اني اعتقدها لبناء المؤسسه العسكريه,,0.019887,low
ec0552dd-d8f0-415f-9fb3-7cf6f9b5762d,mediaspeech,../data/mediaspeech_ar/AR/ec0552dd-d8f0-415f-9fb3-7cf6f9b5762d.flac,,احيك واحي بعض ضيوفك ما يحدث هنا في المملكه العربيه السعوديه كما يحدث في كل دول العالم ولكن هناك تسليط ضوء علي شخص سمو الامير محمد بن سلمان والمملكه العربيه السعوديه دائما,,-0.003396,low
c3c83f27-f54d-4741-8338-e983d4ee525c,mediaspeech,../data/mediaspeech_ar/AR/c3c83f27-f54d-4741-8338-e983d4ee525c.flac,,ضمن هذه الاراء مجموعه كبيره جدا من التعليقات كما ذكرنا رات ان هذه التطبيقات ربما تخترق خصوصيه المواطن لكن في المقابل هناك جانب اخر لا نستطيع ان نتجاهله يري في الامر ضروره,,-0.001102,low
db97ff1b-15fd-4c52-aed6-7ff57b576c57,mediaspeech,../data/mediaspeech_ar/AR/db97ff1b-15fd-4c52-aed6-7ff57b576c57.flac,,البنيه التحتيه علي المديين القصير و المتوسط المشاريع بنيه تحتيه مستمره و قائمه و لم يتوقف شيء طيب هل تنطوي سمو الامير محمد بن سلمان الخطه الاستراتيجيه علي تطوير الموارد,,0.015328,low
a740f8ab-14d6-4d98-9ebe-fa4584f7899e,mediaspeech,../data/mediaspeech_ar/AR/a740f8ab-14d6-4d98-9ebe-fa4584f7899e.flac,,لانهم لانهم السود لما عملو المضاهره متل ما تقول اا و بعد خربو فعطو الصوره والسيئه علي سبب المظاهره يعني,,0.618373,mid
9de10200-6109-4bc3-8f4f-e2c60ef889f7,mediaspeech,../data/mediaspeech_ar/AR/9de10200-6109-4bc3-8f4f-e2c60ef889f7.flac,,ميشلين عاذر ار تي و لنقاش هذا الموضوع معنا من دمشق الاكاديمي و الخبير الاقتصادي الدكتور حيان سليمان و من بيروت الباحث و الخبير الاقتصادي,,0.119175,low
6b5fd20f-2705-4ed8-8db7-7d96c49bbc37,mediaspeech,../data/mediaspeech_ar/AR/6b5fd20f-2705-4ed8-8db7-7d96c49bbc37.flac,,ضاعفت تسجيل المواقع الاثريه السعوديه في اليونسكو صحيح عندكم سياسه جديده فيما يتعلق بالمتاحف والسياحه ونحوها معقوله انك انت قبل,,0.009736,low
3a59b6af-46fb-48e4-a4ce-eca39b2dba18,mediaspeech,../data/mediaspeech_ar/AR/3a59b6af-46fb-48e4-a4ce-eca39b2dba18.flac,,حتي خلال الحلقه يا استاذ احمد سنحاول ان نعطي بعض ال ال النصائح او الخطوات العمليه كافراد ماذا عليهم ان يفعلوا علي وجه التحديد او حتي اذا اضطروا ان يحملوا هذه ال التطبيقات هل معني ذلك اختراق كامل لخ,,-0.003947,low
9c7b48e3-7a38-4c52-883c-d92dd14f1663,mediaspeech,../data/mediaspeech_ar/AR/9c7b48e3-7a38-4c52-883c-d92dd14f1663.flac,,تتضمن ايضا وقفا لاطلاق النار من المفترض ان يتم ان يسري مفعوله بعد قليل هل برايك هناك دعم دولي كافي يجبر الاطراف المنخرطه في,,-0.002468,low
40c9c967-4b7e-4550-9cef-aeda13713ef4,mediaspeech,../data/mediaspeech_ar/AR/40c9c967-4b7e-4550-9cef-aeda13713ef4.flac,,ان نتحدث الاخوان المسلمين اسف يعني علي ذلك الاخوان المسلمين في تونس او في ليبيا ماذا فعلت ااا يعني فرنسا الان حتي الان لم تؤثر يعني دخلت تركيا وفرنسا تتفرج يعني هذه حقيقه دخلت,,0.136564,low
b9693eb8-9afc-4e2e-bdaf-6d9c160f2f95,mediaspeech,../data/mediaspeech_ar/AR/b9693eb8-9afc-4e2e-bdaf-6d9c160f2f95.flac,,من التقارير التي يتم نشرها في الولايات المتحده فعاده ما تكون هذه التقارير داخليه فهي لا يتم نشرها بشان تلك القضايا نعم واضح نعم فنحن يمكن ان نكشف بالكثير من الفضائح فلا اعتقد ان ذلك,,0.038074,low
a4f9c83d-5a5c-4c09-8c7d-98fa549429da,mediaspeech,../data/mediaspeech_ar/AR/a4f9c83d-5a5c-4c09-8c7d-98fa549429da.flac,,الموظفين كي لا يقدم القطاع الخاص للتخلي عن هذه العماله سواء عماله سعوديه او عماله اجنبيه المملكه العربيه السعوديه ستسحب من احتياطياتها,,-0.000905,low
add8ec76-9e30-4f9d-9015-d1380e370dc3,mediaspeech,../data/mediaspeech_ar/AR/add8ec76-9e30-4f9d-9015-d1380e370dc3.flac,,مساله كبري واعود واكرر ان تويتر لم تشطب التغريده هي نصحت بفحصها صح ولكن الان ما الذي سيحصل بدل ان يقول ترامب مقوله ديكتاتوريه ويقول اريد ان,,0.28984,low
8be9eec5-2bd4-41f6-9cce-9e29c78a6214,mediaspeech,../data/mediaspeech_ar/AR/8be9eec5-2bd4-41f6-9cce-9e29c78a6214.flac,,تركيا لا تريد ان تكون وسيط تريد ان تكون مستعمر في طبعا في ليبيا و هي الان مستعمر حقيقه من من من كلفها بان تدخل الي ليبيا,,0.002182,low
3408b1f0-a4f5-46ae-8d87-744b781da1b7,mediaspeech,../data/mediaspeech_ar/AR/3408b1f0-a4f5-46ae-8d87-744b781da1b7.flac,,بك مجددا واسال عن هذه التشريعات التي يسعي الجمهوريون لاقراره تستهدف يعني متنفس كان موجود لدي ايران مكنها من ارسال ناقلات النفط الي فنزويلا مكنها,,0.000231,low
b765ef7b-7936-4c96-839f-1b8f833878f8,mediaspeech,../data/mediaspeech_ar/AR/b765ef7b-7936-4c96-839f-1b8f833878f8.flac,,الولايات المتحده لديها موقف مخالف وهي تدعم الي درجه كبيره التوجه التركي هناك اليوم تركيا موجوده بالساحه هناك ان لا نخرج من نظريه ان اي طرف هو مرتبط بطرف اخر تركيا لا تتحرك بامر من الولايات المتحده ولا,,-0.003267,low
9e1263f5-53fc-477d-a2f0-4a41d7d7d535,mediaspeech,../data/mediaspeech_ar/AR/9e1263f5-53fc-477d-a2f0-4a41d7d7d535.flac,,ومنها التهديدات الارهابيه يعني اظن انه في حاله الوصول الي اا اتفاق او عدم وصول الي اتفاق ما في داخل الامم المتحده ورؤيه الكونجرس الامريكي وخصوصا في ظل العامل,,0.033428,low
1ea7c0b6-3c1f-4b3f-ada2-cfbae25231de,mediaspeech,../data/mediaspeech_ar/AR/1ea7c0b6-3c1f-4b3f-ada2-cfbae25231de.flac,,يعني كانه يتجاهل كل هذا النقاش في الداخل العراقي والله اولا اهلا بيك واهلا اهلا وسهلا بضيفك الكريم واهلا بجمهورك الكريم اه اه قبل بس ما نتكلم في رد علي,,0.599885,mid
a397e020-e7f0-4d9b-873c-9f5211c648ed,mediaspeech,../data/mediaspeech_ar/AR/a397e020-e7f0-4d9b-873c-9f5211c648ed.flac,,علي الارض تتم عبر مركز الاتصال الرسمي ما يعني اننا لم نتمكن من التطرق الي احاديث خاصه او شخصيه مع اسرتنا طبعا شعرت بعزله كبيره بعيدا عن عائلتي و,,-0.000158,low
ac569699-be13-4b59-a795-384280448f84,mediaspeech,../data/mediaspeech_ar/AR/ac569699-be13-4b59-a795-384280448f84.flac,,التي اثرت علي تقليص تركيا لشراء الغاز من روسيا فتركيا تمر بفتره عصيبه و اقتصادها لا يحتاج الي احجام الغاز كما في السابق,,-0.003135,low
50fc5967-e75c-4b9a-9851-6e1465273e7b,mediaspeech,../data/mediaspeech_ar/AR/50fc5967-e75c-4b9a-9851-6e1465273e7b.flac,,هناك قضيه اثيرت في الايام الماضيه سمو الامير محمد بن سلمان وهي ما يتعلق بالدعم الحكومي للخدمات والسلع وهو هاجس للمواطن السعودي تحدثتم سمو الامير ان هناك خطط مستق,,-0.003189,low
827ed211-828e-4f93-a3b1-d93413423a29,mediaspeech,../data/mediaspeech_ar/AR/827ed211-828e-4f93-a3b1-d93413423a29.flac,,الجانب الامريكي لتفادي تصعيد مباشر سيضره ايضا بينما بامكانه من خلال مثل هذه العمليه ان يضر بالجانب الايراني كل شيء ممكن ان نحن نواجه حرب سيبرانيه نواجه حرب اعلاميه نواجه كل انواع,,-0.000873,low
d2dfcd08-d294-4e85-a6b3-00a72fc14568,mediaspeech,../data/mediaspeech_ar/AR/d2dfcd08-d294-4e85-a6b3-00a72fc14568.flac,,يدعم هذه التوابت نعتقد ان نقاط مهمه وربما النقطه الاهم في تصوري في اعلان القاهره هو انه اتفاق الصخيرات لماذا لم ينجح في في ان احنا علينا ان نشخص الماضي لكي,,0.075167,low
51cc7963-36a9-4a74-829f-b61a60abf990,mediaspeech,../data/mediaspeech_ar/AR/51cc7963-36a9-4a74-829f-b61a60abf990.flac,,حتكون ازمه امام المزارع لانه يحصل علي رخصه ويزرع طبيعي هذا الشي هذا قد يكون ملحوظ هذا الامر من خلال القانون بهدا الاطار قد يكون ملحوظ هيدي الامور وخاصه انه,,0.508495,mid
6e7c3b42-890f-44d5-b4f1-7f8cb6bc6661,mediaspeech,../data/mediaspeech_ar/AR/6e7c3b42-890f-44d5-b4f1-7f8cb6bc6661.flac,,نعود لاحقا متابعينا لاستعراض بعض الاراء التي وردت الكترونيا لكن ربما نحن بحاجه لكي نستمع لاراء مباشره ايضا هذه المره,,0.002506,low
af49fb83-34a7-4c07-b231-fa28b65f5df7,mediaspeech,../data/mediaspeech_ar/AR/af49fb83-34a7-4c07-b231-fa28b65f5df7.flac,,عفوا معني ثواني اذا ممكن اما يعني لننظر الي موسكو وهي استقبلت وزير خارجيه ما يسمي حركه الوفاق في في موسكو من اجل ان تقرب وجهات النظر بين الليبيين,,0.017272,low
a3153826-6168-4fb5-b8f8-3dc91d9694fb,mediaspeech,../data/mediaspeech_ar/AR/a3153826-6168-4fb5-b8f8-3dc91d9694fb.flac,,مئات المحامين وهي لم تاخذ هذا القرار وتضع هذه الجمله فقط لان اصحاب او الملاكين نعم ملاكي تويتر في في الليل حلموا انهم يجب علينا ان نعاقب ت,,0.061327,low
e199de0f-db23-4792-a8fe-ef692179f224,mediaspeech,../data/mediaspeech_ar/AR/e199de0f-db23-4792-a8fe-ef692179f224.flac,,علي سبيل المثال لان هناك خلافات واضحه بين تركيا وروسيا في هذين الملفين وتتدخل او تدخل تدخل قطر علي خط اا الغاز لترجمه الرساله السياسيه,,-0.00135,low
1c9b7586-5ad6-4761-a16a-326356d28a7f,mediaspeech,../data/mediaspeech_ar/AR/1c9b7586-5ad6-4761-a16a-326356d28a7f.flac,,لم نطمئن والمنظمات الدوليه والجهات المختصه مطمئنه الي ان العالم متجه الي ازدهار في حين بعض المراكز التي قدمت تحاليل,,-0.000567,low
0187cf11-ef8b-4efd-8230-821ad576eee2,mediaspeech,../data/mediaspeech_ar/AR/0187cf11-ef8b-4efd-8230-821ad576eee2.flac,,كبيره نعم ايران حاضره لا يمكن ان ينكر هذا الموضوع لكن ان تتهم العراقيين بالايرانيه هذه مشكله نحن نتحدث عن حوار نرغب فيه ان نتعامل مع الولايات المتحده,,0.044721,low
23d2f2f3-5efa-4769-8b96-3651c9db2e45,mediaspeech,../data/mediaspeech_ar/AR/23d2f2f3-5efa-4769-8b96-3651c9db2e45.flac,,روني يسمح لرجال الامن بتتبع حركه التنقلات المواطنين ا لمعرفه مدي التزامهم بمقتضيات حاله الطوارئ ا الصحيه و لا علاقه له,,0.019022,low
d9c1380b-fa10-42bb-be51-1e28e4c9407d,mediaspeech,../data/mediaspeech_ar/AR/d9c1380b-fa10-42bb-be51-1e28e4c9407d.flac,,حتي عندما اتي المجتمع الدولي واراد ان يسيغ حل ومسرحيه برناردليون بما يعرف في الصخيرات كنا واثقين منذ البدايه بان الصخيرات لا يمكن ان تصنع حاله استقرار في ليبيا ولا يمكن ان يقود هذا الاتفاق,,-0.003099,low
86ead0c5-9f50-440a-a904-ad5d6b3cd24e,mediaspeech,../data/mediaspeech_ar/AR/86ead0c5-9f50-440a-a904-ad5d6b3cd24e.flac,,القبض علي شخص ممكن ينتمي الي جهه معينه وغير هذا مستحيل نبعد عنه مهمتنا واضحه مهمتنا انه نحافظ علي الشعب العراقي وما نسمح باي يعني اي من هذه,,0.319119,low
488d444e-2e6c-4fe0-bd59-c38ac76d4584,mediaspeech,../data/mediaspeech_ar/AR/488d444e-2e6c-4fe0-bd59-c38ac76d4584.flac,,طبعا في البدايه لنحيي الجهد المصري ونحيي الجهد الدولي لمحاوله حل الازمه الليبيه لانهم معنيين بالازمه الليبيه لانها وجود الفوضي وجود السلاح ووجود القتال ووجود الدم,,-0.000417,low
998ad585-294e-44bd-952a-dff66d7e67fd,mediaspeech,../data/mediaspeech_ar/AR/998ad585-294e-44bd-952a-dff66d7e67fd.flac,,السياسي يجب ان ياتي ولكن بعهدنا مع الحوثيين لا يمكن التوصل الي حل سياسي ليس مرحلي وانما دائم ومستدام مبني علي المرجعيات الا بضغط عسكري وهذا واضح للسويد مثلا,,-0.004772,low
de0640a0-6081-416c-858d-7c1895c32cbc,mediaspeech,../data/mediaspeech_ar/AR/de0640a0-6081-416c-858d-7c1895c32cbc.flac,,الاقتصادي و التنموي و لولي العهد السعودي المضي في تحقيق الاستراتيجيه علي الانفاق الحكومي هل سيرفع الانفاق الحكومي هل سيقلل,,-0.005244,low
41be2b20-278c-42b4-9f88-71d983416bcd,mediaspeech,../data/mediaspeech_ar/AR/41be2b20-278c-42b4-9f88-71d983416bcd.flac,,خمسه وثمانين بالمئه قالوا لا تصويت مستمر علي الصفحتين تويتر وايضا الموقع علي الانتل جزيره الشكر لضيفي الكريمين من بغداد عضو شبكه الهدف للتحليل السياسي عباس العردا و اشكر ايضا ضيفي من واشنطن الكاتب والمحلل السيا,,0.018892,low
9fdee67d-9f97-4c74-a275-6e078cbcfaa5,mediaspeech,../data/mediaspeech_ar/AR/9fdee67d-9f97-4c74-a275-6e078cbcfaa5.flac,,يعني انا حتي الان استاذ محمد يعني خلال الاسبوع الماضي الذي كان في ذروه الاختلاف علي علي دور الحكومه ومقاربه الحكومه لحل الازمات لم اري ايا من القوي السياسيه,,0.064629,low
d349845b-2ae1-4b99-83eb-20977b264bf6,mediaspeech,../data/mediaspeech_ar/AR/d349845b-2ae1-4b99-83eb-20977b264bf6.flac,,التحالف الدولي بقدر ما هو بيد السلطات الايرانيه عندما يتم التفاهم مع السلطات الايرانيه علي عده اشكاليات اقليم اقليميه من بينها اليمن فستجد بفعل سحر ساحر,,-0.002877,low
ca654eb0-ede9-4627-a966-b9780936fc77,mediaspeech,../data/mediaspeech_ar/AR/ca654eb0-ede9-4627-a966-b9780936fc77.flac,,تابعه لامريكا ليس لها حلفاء ليديها تبع واذلاء علي كل بدات هناك اا خطط استر علي المدي القصير علي المدي المتوسط علي المدي الطويل لاجل لدينا من الاصدقاء ما يكفي لدينا,,0.192837,low
2aa12afd-07f9-4e26-9bd4-c16f0635d621,mediaspeech,../data/mediaspeech_ar/AR/2aa12afd-07f9-4e26-9bd4-c16f0635d621.flac,,ان شاء الله ان شاء الله هذا الموضوع هناك حقيقه قلت لك متابعه من قبل السيد القائد العام للقوات المسلحه والمهم في هذا كله انه يجب ان تحترم سياده العراق طيب رئيس,,0.082948,low
5eb0aac5-abbe-497a-b9bd-8f5180149957,mediaspeech,../data/mediaspeech_ar/AR/5eb0aac5-abbe-497a-b9bd-8f5180149957.flac,,ولكن ايضا نحن ضد دوله الارهاب ودوله الميليشيات نحن ضد ان تكون ليبيا بؤره للتوتر وبؤره للارهاب وتصدير السلاح اللي وصل الي بوكو حرام ووصل الي كثير من الدول الافريقيه والدول العربيه نحن نرفض ان تكون ليبيا بؤره لل,,0.123008,low
2aedb270-4e8f-45d8-97e1-67ebafeff2e7,mediaspeech,../data/mediaspeech_ar/AR/2aedb270-4e8f-45d8-97e1-67ebafeff2e7.flac,,كل القوانين اا وال وال والاطروحات ال اا المعلنه من جانب الوزاره او من جانب الدوله ساعود بعد دقيقه لحضرتك ببيان االاطباء دفعه تكليف مارس الفين وعشرين لان هذه القضيه الوحيده التي لم تحسم او علي الاقل,,0.193991,low
d1ffdfa1-5437-430b-a1b1-2a5496598372,mediaspeech,../data/mediaspeech_ar/AR/d1ffdfa1-5437-430b-a1b1-2a5496598372.flac,,اوصف يعلن برنامج كامل عن صندوق الاستمارات العامه كيف صندوق يدير الثروات كيف كيف اعاده كيف يتخذ كيف صندوق يتخذ القرار كيف الشفافيه في الصندوق رح اا ا تكون وش الغفرنز,,0.161463,low
2ce539b7-3788-4414-a6de-3ebe1895ac6b,mediaspeech,../data/mediaspeech_ar/AR/2ce539b7-3788-4414-a6de-3ebe1895ac6b.flac,,الشعب اليمني هناك فرق السعوديه يبحثون عن حل سياسي منفردا مع الحوثيين لضمان مصالحهم ولكن بعد ماذا بعد ما تمت اضعاف السلطه حد الاختفاء,,0.032606,low
91fdaeab-2267-4c02-b346-9980029d8cdd,mediaspeech,../data/mediaspeech_ar/AR/91fdaeab-2267-4c02-b346-9980029d8cdd.flac,,المواطنين او الجهات المكتتبين الاستثماريه في الداخل والخارج تشتري في ارامكو هذا بيعمل نقله ضخمه جدا صندوق الاستثمارات العامه البيانات الاوليه تتكلم عن صندوق سوف,,0.085649,low
a42e0855-327e-40be-b426-d3a6bc0ecdf8,mediaspeech,../data/mediaspeech_ar/AR/a42e0855-327e-40be-b426-d3a6bc0ecdf8.flac,,واط و بناء علي دعوه الليبيين نحن نريد دوله قانون نريد دوله مؤسسات كيف يصار الي الدوله المدنيه و الديمقراطيه في ظل هذه الفوضي في ظل هذه الميليشيات و في ظل هذا السلاح و في ظل هذا التشظي و في ظل هذا الانقسام نحن,,0.003522,low
fbf3473a-f027-4a5c-ae44-02e2532169d6,mediaspeech,../data/mediaspeech_ar/AR/fbf3473a-f027-4a5c-ae44-02e2532169d6.flac,,تحدث عن مسائل عسكريه دقيقه هذه المسائل العسكريه قد لا اجيد الحديث فيها كثيرا علي اعتبار انها ليست اختصاصي بدرجه كبيره ولكن من خلال معايشتي,,0.001717,low
e9b3d0b6-0530-47bc-a1be-91e38da5064d,mediaspeech,../data/mediaspeech_ar/AR/e9b3d0b6-0530-47bc-a1be-91e38da5064d.flac,,وهذا دليل علي اننا نريد ان ان يتم حل و حلحله الازمه الليبيه الليبيون عانوا كثيرا من وضاق درعا بالحرب وبالقتال وبالتهجير وبالنزوح وبنبش,,0.096963,low
63e30d99-2af3-4cfc-9633-52e4f8621922,mediaspeech,../data/mediaspeech_ar/AR/63e30d99-2af3-4cfc-9633-52e4f8621922.flac,,يساوي حوالي خمسه عشره كيلو متر و هذا حوز و مدا غير كبير بالنسبه لقائد هذه المقصوره التي تحمل منظومه بانسر فهو يحتاج الي الاوامر من,,0.005598,low
a43d8a61-6977-41e5-b6db-532cf1f58a59,mediaspeech,../data/mediaspeech_ar/AR/a43d8a61-6977-41e5-b6db-532cf1f58a59.flac,,الوفاق في طرابلس تدل علي انه لا يوجد هناك اي رغبه في الالتزام بوقف اطلاق النار الذي تم الاعلان عنه في مبادره القاهره شكرا جزيلا لضيوفنا كان معنا من وا,,-0.003156,low
a1cbc177-af45-410a-983f-bb2bba7684a6,mediaspeech,../data/mediaspeech_ar/AR/a1cbc177-af45-410a-983f-bb2bba7684a6.flac,,تدعم تركيا خلافا لما يقول ضيفك من امريكا لان لانها هو هناك حروب بالوكاله الان هناك ميليشيات هناك مرتزقه تاتي للاسف من بلدي من سوريا في جبهتين متعاكستين جزء من من روسيا وجزء من تركيا,,0.046451,low
0feec977-bae5-46ae-9b10-e28fcdfbb2a3,mediaspeech,../data/mediaspeech_ar/AR/0feec977-bae5-46ae-9b10-e28fcdfbb2a3.flac,,عفوا من ان تخرج اصلا من الموانئ الايرانيه فانها ستستطيع ذلك ولكن الجانب الانساني يعني حضرتك تحدثت عن ان اا الرئيس الاميركي ليس لديه جانب انساني الي اخره ولكن في الواقع الجانب الانساني هو الذي ا,,-0.004391,low
7774c54c-cdc6-47e7-beb5-40a907fc904c,mediaspeech,../data/mediaspeech_ar/AR/7774c54c-cdc6-47e7-beb5-40a907fc904c.flac,,بتبلش تدفع انت بتمشي حياتك هونيك حتبين الفضايح حيذوب الثلج و بيبين المرج يعاني كثيرون من اوضاع مؤلمه في هذه التطورات المتعلقه,,0.840497,high
1724ee87-686b-4367-a907-57eda7788ca7,mediaspeech,../data/mediaspeech_ar/AR/1724ee87-686b-4367-a907-57eda7788ca7.flac,,الحكومات العربيه بانها ميليشياويه وقال في تغريده له ان فرصه كورونا جاءت علي طبق من ذهب سجن القطيع اي شعب بالكامل وغرامات,,0.182426,low
47e8e7f6-be47-417f-b932-f10623d1c039,mediaspeech,../data/mediaspeech_ar/AR/47e8e7f6-be47-417f-b932-f10623d1c039.flac,,قوات سوريا الديموقراطيه فيها عشرات الالاف من السجناء والارهابيين اضافه ان هناك مناطق ليس مسيطر عليها بشكل تام في مناطق شمال,,0.001784,low
807c9560-d22b-4f47-9637-cf471edd69c0,mediaspeech,../data/mediaspeech_ar/AR/807c9560-d22b-4f47-9637-cf471edd69c0.flac,,الدوليه يبدو شائكا وخصوصا مع تصلب الموقف التركي والانغماس في المعارك القائمه فاي دور للدول الكبري في الضغط علي تركيا وماذا عن تطبيق قرارات مجلس الامن في,,0.000348,low
aa5604e2-57d6-4fb9-9200-5a311c3c5111,mediaspeech,../data/mediaspeech_ar/AR/aa5604e2-57d6-4fb9-9200-5a311c3c5111.flac,,مرتين من قبل وتوقفت بشكل كامل بسبب التعنت الاثيوبي الهائل في اخر مره مصر قدمت مقترحا لتجاوز حاله الانسداد اثيوبيا رفضت المقترح,,-0.001677,low
0dd82142-68cb-4f21-8f97-09efb9fddc79,mediaspeech,../data/mediaspeech_ar/AR/0dd82142-68cb-4f21-8f97-09efb9fddc79.flac,,خبير استراتيجي اللواء محمد القبيبان ومن اوتراخت في هولندا الاكاديمي والباحث السياسي اليمني عبدالباقي شمسان شكرا جزيلا لكم جميعا ضيوفي الاكارم شكرا جزيلا لكم انتم مشاهدينا الكرام علي حسن,,-0.003991,low
542f7615-a119-4e53-9c0a-903dc3fd0756,mediaspeech,../data/mediaspeech_ar/AR/542f7615-a119-4e53-9c0a-903dc3fd0756.flac,,وصلت هذه الفكره لكن اود ان اعود الي جزئيه مهمه ذكرتها اا من خلال ما تعرضت له تتعلق بربما الاختلاف في رد فعل تويتر تحديدا مع تغريدات ترامب كان,,0.030665,low
a0216a86-d32f-45d6-8512-3527b2f01166,mediaspeech,../data/mediaspeech_ar/AR/a0216a86-d32f-45d6-8512-3527b2f01166.flac,,النقل البري علي طريق القاهره السويس الصحراوي وطريق الخدمه لمده تلاتين سنه ده العقد اللي كان موجود في ذاك التوقيت يعني ولو احنا راجعنا,,0.519136,mid
d87f47fa-abde-4422-9d78-2a601c6a0f06,mediaspeech,../data/mediaspeech_ar/AR/d87f47fa-abde-4422-9d78-2a601c6a0f06.flac,,الولايات المتحده الامريكيه الان تدعم طرف واحد ولولا اقول لكم اذا قال ضيفكم من باريس انه ضوء برتقالي انا اقول وعلي يقين من ذلك انه ضوء اخضر من قبل الولايات المتحده الامريكيه,,0.040169,low
27e8346d-9ff9-4b79-a12f-dc427b1a6bca,mediaspeech,../data/mediaspeech_ar/AR/27e8346d-9ff9-4b79-a12f-dc427b1a6bca.flac,,كيف ميليشيات حزب الله علي سبيل المثال هذا امر مستبعد للغايه الا بخوض حرب لا يمكن ان يعطي حتي بالمنطق السياسي لا يمكن ان يعطي النظام شيئا بدون اي ضغط عسكري علي وجه التحديد خصوصا فيما يتعلق بالامور الامنيه والعسكريه,,-0.00017,low
3fa7e192-d0df-4ff0-867f-73f49c4b9642,mediaspeech,../data/mediaspeech_ar/AR/3fa7e192-d0df-4ff0-867f-73f49c4b9642.flac,,و انه ممتن و انه مفتخر انه يعيد بنائه و واليمنيون يحبون الشيخ زايد لانه احب اليمنيين و ما دور الامارات في البدايه كان دور فاعل لا ينكره احد الا جاحد حرروا عدن بمساعدتنا,,0.070285,low
7ec30f54-3f4e-4379-8b18-472ac9b921e6,mediaspeech,../data/mediaspeech_ar/AR/7ec30f54-3f4e-4379-8b18-472ac9b921e6.flac,,جاء فيه نصا ايضا ان ليبيا ليس لديها قوات امن محترفه وان الطرفين قوات حفتر وقوات السراج تحصل علي دعم عسكري من خارج ليبيا فيما قال التقرير انه خرق لعقوبات الامم المتحده,,-0.004652,low
1ab91198-69ad-4535-823e-2b8213ae4540,mediaspeech,../data/mediaspeech_ar/AR/1ab91198-69ad-4535-823e-2b8213ae4540.flac,,بعد هذه الفتره الطويله نسبيا من العزل الصحي في منازلنا وفيها الكثير من المتاعب والاشكالات المتعلقه بالاتصالات مع الضيوف اتمني لكم,,-0.000584,low
e4773775-405c-4022-8952-5468ab95280d,mediaspeech,../data/mediaspeech_ar/AR/e4773775-405c-4022-8952-5468ab95280d.flac,,ربما سوف تصل سوريا الي ما وصلت اليه فنزويلا للاسف الشديد بالنظر الي كل الظروف والملابسات الموجوده علي الساحه السوريه الحقيقه ان الولايات المتحده الامريكيه منذ وصول الرئيس ترامب الي سده الحكم وهي تتخذ سيا,,0.001207,low
1e9d90af-d573-4c39-b5f9-f7ae59ca6ae4,mediaspeech,../data/mediaspeech_ar/AR/1e9d90af-d573-4c39-b5f9-f7ae59ca6ae4.flac,,غضب عند كثير من من الاطباء طبعا اااا اذا اا المستلزمات موجوده بس انتو اللي مش بتصرفوها وزي ما بئول لحضرتك ال البروتوكول لما يصل الامر ان احنا نحط بروتوكول يئول ان انا مش هعمل,,0.770035,high
294fadf5-134e-4eb7-9dbd-cc372c3e368b,mediaspeech,../data/mediaspeech_ar/AR/294fadf5-134e-4eb7-9dbd-cc372c3e368b.flac,,لكل اللبنانيين يتوجهوا الي مراكز الزراعه لاستلام اا هالقد نحنا صار عندنا امكانيات نقدر نعطيكن ياه ولكن بنوعد كل اللبنانيين انه حيكون عندنا امكانيات ان شاء الله اكبر عم نسعي لمزيد,,0.515177,mid
fad12ac0-c08f-4e2f-9233-6a0812b7542d,mediaspeech,../data/mediaspeech_ar/AR/fad12ac0-c08f-4e2f-9233-6a0812b7542d.flac,,راق وبقيه الخمس تلاف اللي موجودين من التحالف المصروفات والانفاق هذه الامور يعني مبالغ طائله الولايات المتحده الامريكيه تريد انهاء الارهاب في منطقه الشرق الاوسط لم يتم اكمال العمليه بعد,,0.241793,low
2f783bd5-b231-4aa6-9dce-2aabf745c9f9,mediaspeech,../data/mediaspeech_ar/AR/2f783bd5-b231-4aa6-9dce-2aabf745c9f9.flac,,الشرطه الاميركيه تتدرب في اسرائيل ومعروف ماذا يعني ان تكون متدربا علي يد الشرطه الاسرائيليه التي تقوم بشتي انواع الانتهاكات ضد,,0.006664,low
7def553b-5216-43d5-b08a-5a0015a485cb,mediaspeech,../data/mediaspeech_ar/AR/7def553b-5216-43d5-b08a-5a0015a485cb.flac,,مسمي لا يجوز ان نري ان بعض المشاغبين يكسرون الاعمي المحال التجاريه و يعتدون علي المؤسسات العامه و الخاصه تحت عنوان حريه التعبير هذه ليست حريه تعبير,,0.094271,low
9967a8e2-de90-4bf9-894c-0a471e0759ca,mediaspeech,../data/mediaspeech_ar/AR/9967a8e2-de90-4bf9-894c-0a471e0759ca.flac,,ا استاذ حسن قطاع المقاولات عاد للعمل وقبل رمضان طالب الرئيس العماله بالتوجه العمل بالعاصمه الاداريه والعلمين الجديده فالعمل فهل العمل عاده بكامل طاقته هو طبعا,,0.00055,low
84243b58-dd98-4def-9d71-b37a299bee39,mediaspeech,../data/mediaspeech_ar/AR/84243b58-dd98-4def-9d71-b37a299bee39.flac,,والاعراس وحفلات الاعراس اللي ممكن تكون تمت خلال فتره الحظر فبالتالي هذا الابليكيشن بيتيح لك بكل سهوله ومن خلال يعني تطبيق سهل وذكي وسريع وواجهه تطبيق,,0.41062,mid
dd97665f-4dc0-4245-b6d4-7c0973541831,mediaspeech,../data/mediaspeech_ar/AR/dd97665f-4dc0-4245-b6d4-7c0973541831.flac,,كذا صرحتم سمو الامير محمد بن سلمان بانو ممكن تكون جزء من طرح ارامكو في السوق الامريكي هو طرحوه حراك السوق السعودي الافكار انو كيف يكون في نوافذ لاسهم ارامكو من خارج السوق السعودي,,0.33031,mid
c827249e-58d2-46aa-a6f3-318c8d74621d,mediaspeech,../data/mediaspeech_ar/AR/c827249e-58d2-46aa-a6f3-318c8d74621d.flac,,الي هذا النزاع وكانه نزاع يعني لن يجد حله الا اذا وجد حل مع السلطات الايرانيه ومع طهران لذلك يعني ااا اوروبا تنظر الي هذا النزاع,,0.041135,low
40ca09d0-16c3-4e7c-8534-244d423a9652,mediaspeech,../data/mediaspeech_ar/AR/40ca09d0-16c3-4e7c-8534-244d423a9652.flac,,كيف تري انت نهايه كل ما نتابعه الان اولا تاثيره علي الانتخابات اذا كان فعلا يمكن ان يكون ورقه رابحه لاحد الطرفين وثانيا هل سيتم احتوائه ام سيتصاعد اكثر هل,,0.079737,low
cf828acf-1363-40cd-aad5-772167314710,mediaspeech,../data/mediaspeech_ar/AR/cf828acf-1363-40cd-aad5-772167314710.flac,,غامدي وعصام عامر والمراسلين والفريق الفني المرافق كمان اشكركم انتم علي طيب المتابعه دائما ونستودع,,0.260634,low
10983846-b603-4f6a-8807-11c37bff72bb,mediaspeech,../data/mediaspeech_ar/AR/10983846-b603-4f6a-8807-11c37bff72bb.flac,,بعد ما شاف من اجرام بحق ابناء شعبنا في هذه المناطق اصبح الان مرفوض بشكل كبير هذا التنظيم الارهابي نعم وحقيقه سبب نجاحنا وتحقيقنا الانتصارات هو الشريك الاساسي,,0.10899,low
c6b0724a-28ac-42e3-94b1-f3031bc2719b,mediaspeech,../data/mediaspeech_ar/AR/c6b0724a-28ac-42e3-94b1-f3031bc2719b.flac,,ملف علاقاتها مع ايران ومع منطقه الشرق الاوسط الجمهوريون يسعون الي التاكيد علي الهاجس الامني والقضايا الامنيه والتهديدات الارهابيه التي,,0.001818,low
eca00fa4-0604-4231-ab03-b2a867a3986b,mediaspeech,../data/mediaspeech_ar/AR/eca00fa4-0604-4231-ab03-b2a867a3986b.flac,,طيب كيف ستوزع نسبه نسبه الزراعه علي مساحه الاراضي لا سيما ان الحديث عن هذه الزراعه قد تنحصر في منطقه البقاع الشمالي و البقاع تحديدا اليوم القانون واضح القانون واضح هو,,0.096194,low
44fa0e11-67e5-4394-a797-780a9afce331,mediaspeech,../data/mediaspeech_ar/AR/44fa0e11-67e5-4394-a797-780a9afce331.flac,,فيروس كورونا في بدايه الشهر الاول الي منتصف شباط اي اثر علي اي قطاع اقتصادي او نفطي بشكل حقيقي يعني ما في معلومات انا تقول لي انه كااوفيشل,,0.213653,low
d9a3b117-bac5-4633-9ba3-0a9d56d23a8e,mediaspeech,../data/mediaspeech_ar/AR/d9a3b117-bac5-4633-9ba3-0a9d56d23a8e.flac,,ولكن لنجد اعلان جديد غير مبرر ويعتبر وزير يعني ابرز بنود هذا الاتفاق كانت ان يتم تشكيل حكومه كفاءات مناصفه بين الحكومه المعترف بها دوليا وبين المجلس الانتقالي ولم يحدث وبالتالي و,,-0.003311,low
366e3ffa-2298-4129-bca0-0b17b495a9a6,mediaspeech,../data/mediaspeech_ar/AR/366e3ffa-2298-4129-bca0-0b17b495a9a6.flac,,ايي يترك ل ال ال الاتراك عدم الرغبه في الدخول في مفاوضات جديه من مصلحه الشعب الليبي و يريدون الاستمرار بالحرب لما في ذلك من مصلحه,,0.380264,mid
e3b12107-9a5e-4567-901d-dc98275933b0,mediaspeech,../data/mediaspeech_ar/AR/e3b12107-9a5e-4567-901d-dc98275933b0.flac,,اسالك عن السبب الذي اشتعلت من اجله كل هذه التظاهرات يعني صحيح مقتل فلويد هو الاساس لكن ايضا العنصريه بالمجمل وطريقه تعامل ذوي البشره السمراء انت امريكي لكن,,0.008276,low
14a8fbbe-c916-45b7-a731-2f116f4f9db4,mediaspeech,../data/mediaspeech_ar/AR/14a8fbbe-c916-45b7-a731-2f116f4f9db4.flac,,ادي الله وادي حكمتو زي ما بيقولوا طيب طيب تم تعويض نحو عشرين في الميه من المستحقين بحسب المؤسسه المصريه النوبيه للتنميه لا ولم تتبقي فقط سوي اربع سنوات علي المهله التي حددها,,0.669952,high
348e6e8b-eb27-49f0-a57c-b67991f528fa,mediaspeech,../data/mediaspeech_ar/AR/348e6e8b-eb27-49f0-a57c-b67991f528fa.flac,,تمديد حظر السلاح ام لا فيما وصف المتحدث باسم الخارجيه عباس موسوي جهود المشرعين الجمهوريين في الكونجرس الامريكي بانها محاولات فاشله لن تحقق اي نتيجه,,-0.007785,low
fe97a18f-3f2f-4042-8acf-7f1379ec6a5a,mediaspeech,../data/mediaspeech_ar/AR/fe97a18f-3f2f-4042-8acf-7f1379ec6a5a.flac,,استهداف هذا الارهابي وقتله وبعدها ايضا تقريبا بكم يوم كان هناك ايضا ا بعد ان تم نصب كمين محكم في منطقه العناز جنوب غرب بغداد ا تم,,0.001516,low
cd24459c-7a15-4c06-9741-0a65a4d9c8ed,mediaspeech,../data/mediaspeech_ar/AR/cd24459c-7a15-4c06-9741-0a65a4d9c8ed.flac,,قالوا ترامب اولا لكن عندما استشار كبار القاده العسكريين في وحدات القوات المسلحه المختلفه رفضوا انزال الجيش فهو في الحقيقه بيعبر عن راي مؤسس مؤسساتي او راي المؤسسه العسكريه,,-0.005575,low
d3552122-0c5f-4da4-90d5-7c5b8b5680ac,mediaspeech,../data/mediaspeech_ar/AR/d3552122-0c5f-4da4-90d5-7c5b8b5680ac.flac,,صحيا وسواء بالنسبه ل الاثر علي سوق العمل وسنقتصر اليوم الحديث علي الاثر علي سوق العمل سواء علي العمال والشركات اا طبعا اا الازمه,,0.004368,low
85c324ac-1aa1-4e4d-a8a4-82cf65635d22,mediaspeech,../data/mediaspeech_ar/AR/85c324ac-1aa1-4e4d-a8a4-82cf65635d22.flac,,اا يعني يجمع اس ويشرح بشكل مفصل للسياسه الخارجيه الامريكيه التي تؤثر في كل دوله في العالم فارتايت علي مدي السنوات الثلاثه الماضيه ان اا يعني اقوم بجهد اا شا,,0.091833,low
f53ce02f-5f62-47e4-ae41-28fc5d68e514,mediaspeech,../data/mediaspeech_ar/AR/f53ce02f-5f62-47e4-ae41-28fc5d68e514.flac,,مع ان لا شيء يدعو للتفاؤل لاننا نري ان عدد من مشاريعها تاجلت في الاشهر الاخيره ويبدو ان الولايات المتحده كانت تريد ان,,-0.003958,low
da9a5d66-7587-4af3-803f-a1ab20232c9e,mediaspeech,../data/mediaspeech_ar/AR/da9a5d66-7587-4af3-803f-a1ab20232c9e.flac,,فرنسا ان يكون هناك قواعد عسكريه تركيه وتدخل كل تركي كثيف في هذا البلد لان ذلك يعني يعني تركيا هي علي علي حدود اوروبا و يعني اي مشكله كبيره في يعني اوراق,,0.096972,low
b510f385-39a2-445d-adba-e339a64c9ce5,mediaspeech,../data/mediaspeech_ar/AR/b510f385-39a2-445d-adba-e339a64c9ce5.flac,,اذا كانت الولايات المتحده تريد ان تشيد بسجلها في مجال حقوق الانسان فيجب ان يتم نشر هذه التقارير يجب ان يتم تكرار نفس السياسات داخل الولايات المتحده وخارج دوله الولايات,,-0.005192,low
78da6a01-229f-423a-b865-6392593b4406,mediaspeech,../data/mediaspeech_ar/AR/78da6a01-229f-423a-b865-6392593b4406.flac,,تكلمت عن هذا الموضوع ولكن لا لا لم يتم التعامل معه اعلاميا بالطريقه اللي لازم يتعامل معها ان الناس في القرن الواحد والعشرين ما دامت لا زالت تباع كالعبيد,,0.294742,low
9d7350ff-e8c5-4927-abe3-b4054c1dcbf3,mediaspeech,../data/mediaspeech_ar/AR/9d7350ff-e8c5-4927-abe3-b4054c1dcbf3.flac,,الدرجه الثالثه الي الدرجه الثانيه القتل اا غير العمد ولكنه المقصود يعني وهكذا علي ايه حال لماذا هذه الاحتجاجات لا تتوقف هل تعتقدون بان,,0.088719,low
b1a15e21-0217-4185-809e-44dc182fd484,mediaspeech,../data/mediaspeech_ar/AR/b1a15e21-0217-4185-809e-44dc182fd484.flac,,كاس الخليج بالعكس والله احنا فرحانين والله بيني وبينك شفت المباراه الصراحه السعوديه تشكيلتها ما هي تمام بس الصراحه الاتمنه يعني الحظ البحرين عشنا اهلنا منا وفينا,,0.855563,high
cc68b6ca-2f1c-4202-b9e6-508cff97b8a7,mediaspeech,../data/mediaspeech_ar/AR/cc68b6ca-2f1c-4202-b9e6-508cff97b8a7.flac,,دائما نبض الناس وارائهم والان حول اثر كورونا علي اسواق العمل اليكم هذه الجوله من الاردن نتابع راتبي خمس ميه دينار وهذا ينزلوا لي ياه لغايه ميتين,,0.664263,high
fcedd6fd-0873-49b2-85c5-15771374df83,mediaspeech,../data/mediaspeech_ar/AR/fcedd6fd-0873-49b2-85c5-15771374df83.flac,,فتحه لليبيا عليها ان تسعي الي وقف التدخل الاقليمي واقصد هنا تيارات واضحه طيب يعني الاتراك اردوغان لم يستحي حينما قال انا ارسلت الطائرات المسيره,,0.130407,low
a66fe9fe-0c95-44de-9e57-9a2f8311c30e,mediaspeech,../data/mediaspeech_ar/AR/a66fe9fe-0c95-44de-9e57-9a2f8311c30e.flac,,سلمت هذه المنظومات الي الجيش الوطني الليبي تحت قياده المشير خليفه حفتر ولكن هذه التطورات حيرت الكثيرين الذين سارعوا الي رسم,,-0.003702,low
660e10eb-d5e2-43f0-b136-d9935ca9c098,mediaspeech,../data/mediaspeech_ar/AR/660e10eb-d5e2-43f0-b136-d9935ca9c098.flac,,يريد ان يسمي قوات ما يعرف بالجيش الوطني الليبي باسمها الذي هو وقوات خليفه حفتر سموه والبرلمان كذلك او او جل من اعضائه اضافه الي قول الاستاذ خا,,0.040705,low
d1d66dc7-fdf6-439b-9bbc-3dc647d01947,mediaspeech,../data/mediaspeech_ar/AR/d1d66dc7-fdf6-439b-9bbc-3dc647d01947.flac,,يا سيد محمد حراك تشرين كان حاله خاصه حدثت في وقتها و تعاطي معها لبنان بطرق متنوعه و تبناها البعض و البعض وقف الي جانب حراك الناس و البعض حاول امتطاء موجه هذ,,-0.000176,low
1fdc9c35-d56c-4485-b1f1-008795909b26,mediaspeech,../data/mediaspeech_ar/AR/1fdc9c35-d56c-4485-b1f1-008795909b26.flac,,ولن يتم القضاء بعد علي يعني بقايا داعش اللي تسربوا الي داخل العراق والي داخل سوريا والي داخل تركيا بالتاكيد البوابه يعني الرسميه الراعي الرسمي للارهاب في,,0.388269,mid
32d4b249-4bc1-4eb7-a888-b45d2b5025fa,mediaspeech,../data/mediaspeech_ar/AR/32d4b249-4bc1-4eb7-a888-b45d2b5025fa.flac,,سياسيين احتجاجات الشارع و هل صحيح ان من قد تطيح بهم ورشه محاربه الفساد كما سماها دياب هم من يقفون خلف ما يجري ام ان الحكومه الحاليه لم تواجه كما ينبغي الازمه,,0.008841,low
8ca09c92-5697-44b0-88f9-5cfd27487a32,mediaspeech,../data/mediaspeech_ar/AR/8ca09c92-5697-44b0-88f9-5cfd27487a32.flac,,يدفع فلوس وهو داخل وخارج من مسكنه ايه المبرر اللي تقوله له عشان يقدر يكون راضي عن دفع الموضوع هذه الاموال لانه بيدفع في الاساس ضريبه احنا لم نناقش هذا في البرلمان لكن مبرر اللي صيغ في كل وسائل الاعلام,,0.578703,mid
191dee85-25f1-41e3-bc59-70bdd8804754,mediaspeech,../data/mediaspeech_ar/AR/191dee85-25f1-41e3-bc59-70bdd8804754.flac,,من خلال قرائتي ودراستي ان هذا مش ممكن هذا اكيد ان نجد حلا لمشكله الازمه المناخيه التي هي الان تعرقل حياتنا الانسان بيطلع الصبح من بيتو,,0.386609,mid
e6e57ee3-d5de-41ec-910b-dd7d7233af40,mediaspeech,../data/mediaspeech_ar/AR/e6e57ee3-d5de-41ec-910b-dd7d7233af40.flac,,حتي حينما تقدمت بطلب احاطه قلت و الله يا حضرات انا عايز اعرف ال ال التكلفه من الستين في المائه كم المصروفات كم اللي صرفتها الشركه الوطنيه للطرق لان انا عندي معلومات,,0.602171,mid
86b1b17e-c372-4de7-bdaa-6d3744d9c5c3,mediaspeech,../data/mediaspeech_ar/AR/86b1b17e-c372-4de7-bdaa-6d3744d9c5c3.flac,,ني ن ن ن نقول ايه بنراوح في الشكليات يعني احنا ما بناخدش خطوات عشان ننقل علي اللي بعدها احنا لسه بنتكلم في البروتوكول العلاج و تخصيص مستشفي لعزل الاطباء و بتجيلنا مزايدات مره من عضو مجلس ش,,0.870568,high
613ac049-3971-4713-867c-230ffd7a6637,mediaspeech,../data/mediaspeech_ar/AR/613ac049-3971-4713-867c-230ffd7a6637.flac,,الدراسات الاستراتيجيه و الدوليه امير موسي و اشكر ايضا ضيفي من واشنطن مدير مكتب وكاله انباء الشرق الاوسط في واشنطن السيد امير نبيل شكرا جزيلا لكما مشاهدينا الكرام نصل الي ختام هذه الحلقه الي موضوع اخر اطيب المني في امان الله,,0.023357,low
d234d5be-bb2e-4b66-9a00-34ea853e7544,mediaspeech,../data/mediaspeech_ar/AR/d234d5be-bb2e-4b66-9a00-34ea853e7544.flac,,قدم شيء بعد ولكن انا في كتير من الملفات اللي هي صارت قاب قوسين او ادني من من من وجودها بين ايدينا بتقديمها الي المزارعين نحن لم نوفر جهد وانا من,,0.291715,low
1e4c13a0-a4cd-46d4-a656-a4f429fe28d2,mediaspeech,../data/mediaspeech_ar/AR/1e4c13a0-a4cd-46d4-a656-a4f429fe28d2.flac,,القوي السياسيه التي كلفتها وبالتالي هي ليست لديها القدره اليوم علي معالجه الفساد دعني اضيف استاذ محمد امر اساسي في هذا الموضوع يعني اا موضوع ا اطلاق يد القضاء في محا,,0.039202,low
000f6687-b25d-41dc-998f-be254a7cb016,mediaspeech,../data/mediaspeech_ar/AR/000f6687-b25d-41dc-998f-be254a7cb016.flac,,زواج اللاجئات السوريات من المصريين اما صحيفه الراي الكويتيه فعنونه المعلمين تشيد بتوجيه التربيه الي زياده رواتب الوافدين نوهت جمعيه المعلمين,,0.075263,low
8b30d1b4-e207-48c1-b009-2b8a86574a78,mediaspeech,../data/mediaspeech_ar/AR/8b30d1b4-e207-48c1-b009-2b8a86574a78.flac,,لتحفيز الاقتصاد يعني علي سبيل المثال اعطاء قروض ميسره للشركات لتئدر اا متل ما منئول لنتوئف علي رجليها من جديد ولتئدر انو تحافظ علي ال العماله احد الاجراءات علي سبيل المثال,,0.383375,mid
229449b2-f19c-44da-adb9-7849f9496688,mediaspeech,../data/mediaspeech_ar/AR/229449b2-f19c-44da-adb9-7849f9496688.flac,,لكن حقيقه انا يعني اثني علي عمل رجال الظل ابطال جهاز المخابرات الوطني العراقي جهد كبير وفعال في ملاحقه عصابات داعش الارهابي و رؤوس,,0.018723,low
8dea43d5-346a-4775-8fea-6c8688cf5216,mediaspeech,../data/mediaspeech_ar/AR/8dea43d5-346a-4775-8fea-6c8688cf5216.flac,,ب ب ب باتفاق المجتمع الدولي وبشهود المجتمع الدولي وحضور انتخاباتها في المجتمع الدولي هذا البرلمان نتج عنا حكومه اللي هي الحكومه الليبيه وليست الحكومه الليبيه المؤقته والتسميه تغيرت منذ شهر يناير,,0.134139,low
7a237663-7ee4-4dc3-9650-3ae8bd1ff63d,mediaspeech,../data/mediaspeech_ar/AR/7a237663-7ee4-4dc3-9650-3ae8bd1ff63d.flac,,السبعين و تقول جيشنا تعرض لضربات عسكريه مباشره و خارج عن القانون الدولي من الطيران الاماراتي اثناء تصديه للمجلس الانتقالي هذا يعني بحديثكم عن السعوديه انكم فككتم الارتباط تما,,0.018509,low
2e68ccc1-f1b1-4a22-9852-7705e35afe5b,mediaspeech,../data/mediaspeech_ar/AR/2e68ccc1-f1b1-4a22-9852-7705e35afe5b.flac,,الرطوبه وما شابه من ذلك في في الطقس يعني الاشياء الجغرافيه فينا نقول والمناخيه قد تؤثر انه يكون انتاج افضل في منطقه معينه ان كان بالبقاع او غيرها لذلك,,0.091421,low
6b9e5b0c-6660-41e9-9918-7b9d3420e1ad,mediaspeech,../data/mediaspeech_ar/AR/6b9e5b0c-6660-41e9-9918-7b9d3420e1ad.flac,,ما هو موجود عمليا هو الصراع مع ايران وباعتقادي ان ما زالت هنالك مراهنه علي ان هنالك امكانيه للضغط علي النظام الايراني طبعا اي مفاوضات تفترض او وضعت لها مجموعه من الشروط علي تغيير سياسه ايران في المنطقه التخلي عن,,-0.004832,low
c4b97d7a-cf8d-4379-b013-42ecda458744,mediaspeech,../data/mediaspeech_ar/AR/c4b97d7a-cf8d-4379-b013-42ecda458744.flac,,ايه هذه هي فكره البرنامج طيب بدل يعني في بعض البرامج بدانا نشوفها بالفتره الاخيره ايضا تقدم و تنافس خلينا نقول و لكن يعني المنافسه الحميده ا قديش بتحاول قدر الامكان في انتقائك للفكره,,0.663506,high
373d05b2-4041-4a79-ba8e-6112f3027b75,mediaspeech,../data/mediaspeech_ar/AR/373d05b2-4041-4a79-ba8e-6112f3027b75.flac,,ستتابعونه بعد اا قليل اهلا وسهلا بك دحامي الاسعد بدايه هؤلاء الاطباء اا السوريين هنا في فرنسا قدموا مساهمه كبيره للفرق الطبيه,,0.232978,low
7730b7f3-56fc-45df-b5a5-6344d28356fc,mediaspeech,../data/mediaspeech_ar/AR/7730b7f3-56fc-45df-b5a5-6344d28356fc.flac,,ومن حقك الاجابه وعدم الاجابه طيب اا وقع عليك حيف او الظلم في فتره اا وزير الدفاع السابق نعم تم ابعادك من مديريه الاعلام ما هو سبب,,0.489891,mid
7d69951e-c253-409e-ab57-7585f4986864,mediaspeech,../data/mediaspeech_ar/AR/7d69951e-c253-409e-ab57-7585f4986864.flac,,كيف تقرؤون هذا الموضوع اكيد هو يستغل اي وضع يعني سياسي مربك اكيد حاول ان يستغله لان هذا في مصلحته وال ال النقطه الثانيه اللي اشرت الها,,0.35729,mid
f8ef6c94-0ac1-4532-9950-00f439991855,mediaspeech,../data/mediaspeech_ar/AR/f8ef6c94-0ac1-4532-9950-00f439991855.flac,,استفيد من من من الماضي اتفاق صخيرات كنصوص جيد ولكن لم ينجح لان لان لان هناك نقاط اساسيه احد النقاط الاساسيه ان يطلب من ان طلب من حكومه ما يسمي بحكومه,,0.045414,low
4554a0e7-a685-48db-9562-62749f476eac,mediaspeech,../data/mediaspeech_ar/AR/4554a0e7-a685-48db-9562-62749f476eac.flac,,المنذ حوالي عده اسابيع كان ديفيد ماليباند وهو وزير الخارجيه البريطاني سابق وهو الان هو رئيس لجنه الانقاذ الدوليه في بريطانيا يقول انه,,0.001483,low
ff4092c8-4cf9-4e5a-b49c-76723388b9c0,mediaspeech,../data/mediaspeech_ar/AR/ff4092c8-4cf9-4e5a-b49c-76723388b9c0.flac,,عن المسج انا صوتي مش حلو طيب هفجر لك الاستوديو اولا مشاهدينا مع فقره العربيه مات انجليزي وتنضم الينا في الاستوديو كاترين اونيل صباح الخير يا كاترين صباح الخير كاترين اول مواضيعنا اليوم عن ناشطه,,0.681819,high
5060c4c6-a1ed-44e5-aefc-452007d9de95,mediaspeech,../data/mediaspeech_ar/AR/5060c4c6-a1ed-44e5-aefc-452007d9de95.flac,,في حاله شغب في حاله تخريب للممتلكات العامه والمنشات العامه والممتلكات الخاصه فبالطبع علي ترامب ان يؤكد علي استقرار الامن في امريكا,,0.013034,low
7c434949-cb11-4a74-b66b-bae563e2cbb4,mediaspeech,../data/mediaspeech_ar/AR/7c434949-cb11-4a74-b66b-bae563e2cbb4.flac,,المعلومات لكن ربما يجادل البعض ويقول ان نحن بالفعل خسرنا قسط كبير من خصوصياتنا وهناك امكانيه لمراقبه الافراد بعيدا عن هذه التطبيقات يعني اذا ارادت,,-0.002259,low
e0aa95b9-95eb-4542-9207-58335baf3038,mediaspeech,../data/mediaspeech_ar/AR/e0aa95b9-95eb-4542-9207-58335baf3038.flac,,كان راضي وسمو ولي عهده عن اداءه في محافحه الفساد لما غير رئيس هيئه مكافحه الفساد من سنه تغيير رئيس هيئه مكافحه الفساد من سنه معناه الملك وسمو ولي عهده غير راضيين,,0.033703,low
46aeadbc-e693-40a6-b6f7-9ccde7041360,mediaspeech,../data/mediaspeech_ar/AR/46aeadbc-e693-40a6-b6f7-9ccde7041360.flac,,طيب خلني ارجع سمو الامير واسالك علي هذه الاستراتيجيه هذه الاستراتيجيه انتم طرحتوا سميتوها عشرين ثلاثين هل هناك خطط بينيه ضمن,,0.657264,mid
b1fb2e48-b4f6-4ef0-a2fd-1b1055e9616d,mediaspeech,../data/mediaspeech_ar/AR/b1fb2e48-b4f6-4ef0-a2fd-1b1055e9616d.flac,,واردات من الغاز الروسي تراجعت كثيرا بواقع ثلاثه اضعاف في الوقت الذي زاد في هذه السوق الغاز القطري ايضا اا بمعدل ثلاثه اضعاف يعني,,-0.004425,low
a20d7187-65bd-45ab-a24c-ab4602c8c897,mediaspeech,../data/mediaspeech_ar/AR/a20d7187-65bd-45ab-a24c-ab4602c8c897.flac,,ازمه وبائيه في العالم بينما الاداره الامريكيه ما زالت تتخبط في سياستها الداخليه النقطه الثانيه ان ايران لم تفاوض الامريكي عندما كان مستقرا وقويا فكيف الان بهذا الوضع,,-0.003451,low
c060c3b5-7ab2-46da-8547-9e6a249f6c33,mediaspeech,../data/mediaspeech_ar/AR/c060c3b5-7ab2-46da-8547-9e6a249f6c33.flac,,هذه اعمال شغب طيب المطلوب ان تواجه بحزم وان يحال من يقوم بها الي القضاء المختص لينال العقاب طيب الذي يستاهل لانه يهدد وحده البلد ولانه يهدد السلم الاهلي,,0.294714,low
a288cc20-5dbc-448f-9ca5-6db948842342,mediaspeech,../data/mediaspeech_ar/AR/a288cc20-5dbc-448f-9ca5-6db948842342.flac,,سنوزع وكيف نلبي الاحتياجات لذلك اعتقد ان اذا اردنا المعالجه علينا ان نكشف الجروح الحل الاوحد ان تكون هنالك سلطه في الجغرافيه حتي في مارب تدير المساعدات حتي بما فيها صنعاء,,0.008716,low
7b6c97a0-2532-4241-9292-e827f9990389,mediaspeech,../data/mediaspeech_ar/AR/7b6c97a0-2532-4241-9292-e827f9990389.flac,,علاقه في ارامكو هو جزء بسيط جدا فهي فيها محتويات كثيره جدا يجب ان لا نختزلها علي ارامكو ارامكو ما في شك انها جزء من مفاتيح الرئيسيه لهذه الرؤيه و لنهضه الاقتصاد واا نهضه,,0.090517,low
cec10814-296b-460f-83f2-83678b6eebf0,mediaspeech,../data/mediaspeech_ar/AR/cec10814-296b-460f-83f2-83678b6eebf0.flac,,الطرق بسداد للطرف الاول اللي هو الهيئه العامه للطرق والكباري ستين في الميه من صافي الايراد السنوي صافي الايراد يعني بعد ما يكون اصلا صرف كافه المصروفات بما فيها رقم,,0.488859,mid
26787f30-6b1a-4f94-b4e3-e2ccc8ca6365,mediaspeech,../data/mediaspeech_ar/AR/26787f30-6b1a-4f94-b4e3-e2ccc8ca6365.flac,,الاستراتيجيه في وضع ايضا نعم الجيوب لكن في نفس الوقت في المنطقه سيد عبد الله عفوا علي المقاطعه لم يبقي الا دقيقه واحده لهذه الحلقه يعني اذا كانت اذا لم تكن هناك,,0.022442,low
33824629-a0ff-425a-9f13-6b8cf6e108ff,mediaspeech,../data/mediaspeech_ar/AR/33824629-a0ff-425a-9f13-6b8cf6e108ff.flac,,اهلا بكم في بلا قيود ضيفنا اليوم سياسي ودبلوماسي يمني درس في الولايات المتحده وكوريا الجنوبيه تدرج في مناصب وزاره الخارجيه اليمنيه منذ التحاقه بها في عام الفين واربعه الي ان,,0.005685,low
857392a6-c359-46c7-9307-4dfcf4d36848,mediaspeech,../data/mediaspeech_ar/AR/857392a6-c359-46c7-9307-4dfcf4d36848.flac,,ربما لم يطلع عليها العرب في سابقه اخري و هذه طبعا ستحث انه ينبغي علينا ان نطلع اكثر و ان نترجم ما يصدر من المنظمات الدوليه المرمو,,0.003438,low
5ba2bed9-18d0-4388-a21e-bea32c026ef5,mediaspeech,../data/mediaspeech_ar/AR/5ba2bed9-18d0-4388-a21e-bea32c026ef5.flac,,تقوي ومقوله سيدنا عمر بن الخطاب عندما قال متي استعبدتم الناس وقد ولدتهم امهاتهم احرارا فا ااا هكذا عاش المجتمع الاسلامي ا في بدايات الدعوه,,-0.006129,low
665670f7-8cfb-40b2-8efd-861b45b2a20a,mediaspeech,../data/mediaspeech_ar/AR/665670f7-8cfb-40b2-8efd-861b45b2a20a.flac,,وهو سيناتور جمهوري انتقد الرئيس وقال انه الحق حق التظاهر هو حق يضمنه الدستور الامريكي فهنالك خلافات مع رئيس حتي ضمن حزبه كثير من,,0.002269,low
619d9234-f092-4831-8cdf-8b05f55abe2a,mediaspeech,../data/mediaspeech_ar/AR/619d9234-f092-4831-8cdf-8b05f55abe2a.flac,,قدرا واعتقد يمكن متابعه التلفاز وما يجري في فرنسا وبريطانيا وبامريكا كل هذه الدول مازومه لذلك نقول ونعترف لدينا صعوبات اقتصاديه من سرقه المعامل لدينا ارتفاع في سعر الصرف,,0.048408,low
3a6ba0ae-28d2-41cc-a2c1-21116d7680e3,mediaspeech,../data/mediaspeech_ar/AR/3a6ba0ae-28d2-41cc-a2c1-21116d7680e3.flac,,هذي الامور تكشف ان الموقف الفرنسي متخبط فرنسا متخبطه في السابق تخبطت عندما افشلت تركيا مخططاتها في شمال سوريا عندما قامت بالعمليه العسكريه شرق نهر الفرات شمال سوريا واليوم هي متخبطه لان دعمها لسنوات بالاموال والس,,0.000347,low
5c839953-6e7e-4b56-a04e-e239525efff9,mediaspeech,../data/mediaspeech_ar/AR/5c839953-6e7e-4b56-a04e-e239525efff9.flac,,اقل تقدير ردا متناسبا ومؤخرا زعمت واشنطن انها ستحتجز ناقلاتنا المتوجهه لفنزويلا في المياه الدوليه لكن الخارجيه الامريكيه ابلغتنا بانه لن يكون اي عواقب امام,,-0.004072,low
0791b465-1007-4968-8c58-c1a481918e62,mediaspeech,../data/mediaspeech_ar/AR/0791b465-1007-4968-8c58-c1a481918e62.flac,,ظهر لسه بدري لسه بيتجمعوا لانهم انا علي فكره اجيت بصعوبه لانهم حاولوا قفلوا طرق كتير اليوم عشان ما يتجمعوش اكتر ناس,,0.938043,high
c5b6f852-5c8b-4ee5-9696-e38271440c1c,mediaspeech,../data/mediaspeech_ar/AR/c5b6f852-5c8b-4ee5-9696-e38271440c1c.flac,,السعودي عبد الله عطيف لاعب وسط المنتخب الاخضر حجز جائزه او حصد جائزه افضل لاعب في البطوله و قدم ابن السابعه و العشرين اداء ثابت و كان عاملا مساعدا في وصول الاخضر للنهائي و شارك عطيف بشكل اساسي في,,0.00512,low
aa9233ec-b55f-4e21-9beb-f79236a8f90b,mediaspeech,../data/mediaspeech_ar/AR/aa9233ec-b55f-4e21-9beb-f79236a8f90b.flac,,تحديدا نعم ما جري لحد يعني قبل ساعه تحديدا يعني خرجت بعض المعلومات البسيطه حول هذا اللقاء البسيط جدا بمعطياته نعم انه اصل الحوار هو ضمان,,0.090513,low
2140f73a-60bf-4345-b125-a268ae6f8582,mediaspeech,../data/mediaspeech_ar/AR/2140f73a-60bf-4345-b125-a268ae6f8582.flac,,اهلا بكم تطورات متلاحقه تشهدها الساحه الليبيه عسكريا احبط الجيش الوطني الليبي محاولات ميليشيات طرابلس التقدم الي مدينه سرت ومنها الي منطقه الهلال النفطي سياسيا تسعي,,0.002635,low
bb9d68a1-c3f0-47fb-acd0-8965fa4b0d2d,mediaspeech,../data/mediaspeech_ar/AR/bb9d68a1-c3f0-47fb-acd0-8965fa4b0d2d.flac,,تواصلونا مع الغنوشي ل ل لاحداث يعني حركه جهاديه اسلاميه اخونجيه في داخل تونس هذه حقيقه عن ايد عع عن ماذا تتحدثون هذا اولا ثانيا ايضا اريد طبعا ان اعقب علي,,0.075873,low
e173d24c-6c3e-4400-b7e4-d35f9487799a,mediaspeech,../data/mediaspeech_ar/AR/e173d24c-6c3e-4400-b7e4-d35f9487799a.flac,,ترامب يرفضه بحجه حريه التعبير لكن هناك من يقول ان ما قام به تويتر هو ايضا خنق لصوت المحافظين هكذا وصفه دونالد ترامب,,-0.004666,low
df487e54-4bc9-4e10-8d1a-da5a8a6477ed,mediaspeech,../data/mediaspeech_ar/AR/df487e54-4bc9-4e10-8d1a-da5a8a6477ed.flac,,قانون قيصر في ذلك وما هي وما هي الاوراق التي بيد الحكومه السوريه لمواجهه الازمه ما فرص قبول دمشق ايضا بالعرض الامريكي ما اجتمع,,0.04787,low
5527e841-0b58-4542-9a4e-ed0d08d92e1a,mediaspeech,../data/mediaspeech_ar/AR/5527e841-0b58-4542-9a4e-ed0d08d92e1a.flac,,فالقرارات و الاراده السياسيه هي التي ا احيانا في بعض الدول وسياسات بعض الدول هي التي تنمي ا روح التمييز اا العنصري داخل فئات,,0.001622,low
c08e19e5-ef45-4aab-8d2d-141eee8b3c83,mediaspeech,../data/mediaspeech_ar/AR/c08e19e5-ef45-4aab-8d2d-141eee8b3c83.flac,,مباشره الان عبر الهاتف دكتوره شاديه اهلا و سهلا بحضرتك ا واضح ان هناك جهود للتهدئه من الطرفين هذا واضح للغايه و ان هناك محاولات للتوصل الي اا حلول و الي نقاط التقاء بس كمان,,0.173457,low
c523e28b-3077-4845-a300-58b3e3c10452,mediaspeech,../data/mediaspeech_ar/AR/c523e28b-3077-4845-a300-58b3e3c10452.flac,,لاي مدي ايران اا يعني اا تنتهج الحظر المفروض عليها لكن لكن سيد ايهاب يعني الا يتنافي ذلك مع اا ما نقلته وكاله رويترز قبل ايام عن مسؤول في الاداره الامريكيه مسؤول كبير وصفته,,0.114491,low
cd9d9200-65a1-4116-890f-85725313ea2f,mediaspeech,../data/mediaspeech_ar/AR/cd9d9200-65a1-4116-890f-85725313ea2f.flac,,لتدفقات نهر متغيره ستنشا خلافات وهذا الاتفاق لن لن يستطيع الصمود اذا لم تكن هناك اليه هذا جزء جوهري من الموضوع لو لم تكن هناك اليه لحسم الخلافات بفرض اننا اثيوبيا,,-0.004073,low
52ee3411-3568-4d2b-b9d9-760d7137ea3f,mediaspeech,../data/mediaspeech_ar/AR/52ee3411-3568-4d2b-b9d9-760d7137ea3f.flac,,و اشارات الاقمار الصناعيه علي الهاتف المحمول و تاخذ الاقمار الصناعيه هذه الاشارات و بالتالي تقوم باعاده ا بثها لكن السؤال هل تشكل فعلا هذه,,-0.004991,low
bf67d823-6351-4cee-bb4b-d929ef9a1443,mediaspeech,../data/mediaspeech_ar/AR/bf67d823-6351-4cee-bb4b-d929ef9a1443.flac,,جزيلا لك دكتور فادي شاهين استاذ العلاقات الدوليه في جامعه باريس كان معنا من هناك مباشره اشكر ضيفنا من اسطنبول الاستاذ اسماعيل كايا الكاتب والباحث السياسي واشكر ضيفتنا من موسكو المستشاره في المعهد,,-0.003969,low
d960b0b1-b41c-4671-ae15-f94c307c577d,mediaspeech,../data/mediaspeech_ar/AR/d960b0b1-b41c-4671-ae15-f94c307c577d.flac,,محمد علينا ان نتذكر انه مساء السبت الماضي وانا اعتقد الدكتور طلال يوافقني بهذا الراي عندما نزل المتظاهرون السلميون الي ساحات اه بيروت والمناطق الاخري اه راينا يعني,,0.008573,low
7195fcfa-874f-49dd-b317-c3a2f39b7973,mediaspeech,../data/mediaspeech_ar/AR/7195fcfa-874f-49dd-b317-c3a2f39b7973.flac,,في التحولات يعني لو شفنا الهدف جاء من كره كانت عند الحارس اتلعبت شتتها الدفاع السعودي ما كان في تمركز جيد من المحاور بعد كدا راحت عالطرف الايسر ما كان في تغطيه كان بعد ما اتلعبت,,0.465798,mid
f6512875-cce2-4aeb-89dd-979ea3273d70,mediaspeech,../data/mediaspeech_ar/AR/f6512875-cce2-4aeb-89dd-979ea3273d70.flac,,الان استاذ عبدالله يعني هو علما بانه مثلا في شباط الماضي الغاز باعت الشركات الامريكيه في الاسواق الاوروبيه في الاسواق الاوروبيه من غازها المسال,,0.005806,low
a71645d8-8847-4377-8ec5-160776744a31,mediaspeech,../data/mediaspeech_ar/AR/a71645d8-8847-4377-8ec5-160776744a31.flac,,نحن اختي العزيزه نحن نقول اننا نحن في التحالف نريد ان نعيد اليمن الي مساره نحن هدف التحالف تحالف دعم الشرعيه في اليمن هو العوده الي المرحله الانتقاليه التي انقض عليها,,-0.00157,low
3dfe6b85-b1e8-4713-b15a-c252641fb282,mediaspeech,../data/mediaspeech_ar/AR/3dfe6b85-b1e8-4713-b15a-c252641fb282.flac,,المعلومات من الرادارات لدي هذا هذه المنظومه تمام وهذا ادي نعم الي تدمير هذه العربه ويمكن ان نعتمد علي هذه الاستنتاجات اما الطائرات,,0.19702,low
61559050-0f12-4a99-8936-556e996d2cc4,mediaspeech,../data/mediaspeech_ar/AR/61559050-0f12-4a99-8936-556e996d2cc4.flac,,ان العقوبات سوف تؤدي في نهايه المطاف الي تغيير في النظام السوري او الي التغيير في السلوك كمطالب الامريكان الامر لا ليس مؤكدا بالنسبه لهؤلاء الحلفاء ولكن دعنا نشيد الي نقطه محمد وباعتقادي انها علي غايه من الاهميه,,-0.001093,low
07cda3ce-32a0-4d87-bf00-5491f35c4562,mediaspeech,../data/mediaspeech_ar/AR/07cda3ce-32a0-4d87-bf00-5491f35c4562.flac,,بمثابه صدمه لاسواق العمل و سببت اثارا مفاجئه و جسيمه علي العمال و المؤسسات في اغلب الدول المتضرره بوباء كورونا كما تاثرت قطاعات بعينها تاثرا عميق,,-0.002514,low
97625bcc-670d-4539-8813-06f175691376,mediaspeech,../data/mediaspeech_ar/AR/97625bcc-670d-4539-8813-06f175691376.flac,,ان هنالك قوه تدفع باتجاه تحويل هذه الحادثه الي عمل اه جماهيري واسع يستهدف الرئيس ترامب,,0.003132,low
a138c154-a295-4df4-b5a2-3ce0ec2b5e00,mediaspeech,../data/mediaspeech_ar/AR/a138c154-a295-4df4-b5a2-3ce0ec2b5e00.flac,,مهمه ولا حتي يقيم فيها الحكم مثل ركله جزاء مؤثره في نتيجه المباراه لم تحتسب لصالح المنتخب السعودي وكذلك الانذار الثاني كان واضح مع انه تقنيه االفار كانت موجوده يعني نعم وكان لها تدخلت في كذا,,0.216556,low
0af09b22-e33d-4fe3-8505-e4223dcdfcc7,mediaspeech,../data/mediaspeech_ar/AR/0af09b22-e33d-4fe3-8505-e4223dcdfcc7.flac,,الخليجي وذكرت وكاله انباء البحرين انه بامر من الملك سيكون يوم الاثنين اجازه اجازه تعطل فيها الوزارات والهيئات والمؤسسات الحكوميه وذلك بمناسبه فوز منتخب البحرين بكاس الخليج,,0.001744,low
42f75656-eaf9-46d6-88da-09c1f24ff61d,mediaspeech,../data/mediaspeech_ar/AR/42f75656-eaf9-46d6-88da-09c1f24ff61d.flac,,جات وزاره الصحه اعلنت انه المواطن اللي نتيجه عينته ايجابيه سيعالج في البيت فالطبيب دلوقتي زعلان بيدور هل هو مخالط عاوز مسحه لا طبعا القصه في ايجاد مكان لكا مواطن طيب دي دي قضيه مهمه جدا لها علاقه,,0.899093,high
a5cebe0a-af94-494d-8eb7-c7afb1d88458,mediaspeech,../data/mediaspeech_ar/AR/a5cebe0a-af94-494d-8eb7-c7afb1d88458.flac,,اتيه ماديا ووو عينيا او باللجوء الي القطاع الخاص و الله انا الكلام الاعلامي ده يعني انا شايف كل ما يناقش في الاعلام حاليا هو اخذ بعيدا خالص عن,,0.58554,mid
ff0f5935-4e67-4a9c-b738-f3e4878965f0,mediaspeech,../data/mediaspeech_ar/AR/ff0f5935-4e67-4a9c-b738-f3e4878965f0.flac,,فرنسا غير انها وقفت تتفرج والولايات المتحده تغمض عينيها وكل هذه الدول الاوروبيه التي اطلقت يعني مواقف مرحبه بوقف اطلاق النار وبالمبادره المصريه ما الذي فعلته,,0.27161,low
0f4639c4-5715-49b7-82de-efa1224732ed,mediaspeech,../data/mediaspeech_ar/AR/0f4639c4-5715-49b7-82de-efa1224732ed.flac,,ال ال الدوله ليبيا ليست خلاف سياسي كما قيل ليست صراع بين حزب و حزب اخر ليبيا لا توجد تقريبا فيها مؤسسات دوله و بالتالي احد الاهداف الرئيسيه لانقاذ ليب,,-0.001457,low
fc4d3091-61a6-46d7-a1f9-8e4e3d2a119c,mediaspeech,../data/mediaspeech_ar/AR/fc4d3091-61a6-46d7-a1f9-8e4e3d2a119c.flac,,الجزيره اللي هي عاني وراوه وكويسه ووصولا للحدود العراقيه السوريه اعلنا النصر العسكري علي عصابه داعش الارهابي وقلنا في حينها انه لا زال هناك بقايا لفلول عصابه,,0.470814,mid
83da6e05-c90d-4289-8f26-1ec4ff89db6f,mediaspeech,../data/mediaspeech_ar/AR/83da6e05-c90d-4289-8f26-1ec4ff89db6f.flac,,وال وال والماليه اللبنانيه في هذه الفتره تحسبا واحتياطا لقانون قيصر واستشرافا ايضا للازمه الاقتصاديه في سوريا,,0.257301,low
11b610ec-85d9-460f-94a3-b3332afa3d57,mediaspeech,../data/mediaspeech_ar/AR/11b610ec-85d9-460f-94a3-b3332afa3d57.flac,,نبيه من اجل الدخول في مفاوضات لحل الازمه بالنسبه لضيفكم الثاني فيما يخص ما يريده الشعب الليبي اعتقد ان الشعب الليبي يريد حكومه معتدله والا يكون,,0.04918,low
687c8798-1026-4600-bcad-10bdfe49fd71,mediaspeech,../data/mediaspeech_ar/AR/687c8798-1026-4600-bcad-10bdfe49fd71.flac,,ناقشت هذا الموضوع ارحب بضيوفنا معنا من موسكو كتاب العلوم السياسيه في جامعه العلوم الانسانيه الدكتور نزار بوش ومعنا من باريس استاذ الفلسفه السياسيه الدكتور خلدون النبواني وينضم,,0.008341,low
4450297f-6491-41f8-a24c-6c4a88bbf3e8,mediaspeech,../data/mediaspeech_ar/AR/4450297f-6491-41f8-a24c-6c4a88bbf3e8.flac,,وتحدثتم عن تطوير الحج والعمره بالنظر الي خدمات اكثر رفاهيه تقدمونها باعتزاز للحاج والمعتمر اليوم في ثمانيه مليون معتمر ياتون الي,,0.000228,low
b8bb44c7-3312-446c-ab10-ae5ac9c345a8,mediaspeech,../data/mediaspeech_ar/AR/b8bb44c7-3312-446c-ab10-ae5ac9c345a8.flac,,استراتيجيه الذي يسيطر عليها ويقوم ببناء هذه القاعده والقوات العسكريه يسيطر علي جميع المنطقه الغربيه في ليبيا تمام انا ساعود الي في جزء من,,0.008918,low
7dc79de6-9ea1-4aca-8c6a-71f3cc8d2841,mediaspeech,../data/mediaspeech_ar/AR/7dc79de6-9ea1-4aca-8c6a-71f3cc8d2841.flac,,جيف المبعوث الامريكي الذي عاد للحديث عن اا ربط انسحاب القوات الامريكيه بالقضاء التم علي تنظيم داعش يعني كان ترامب لم يعلن اكثر من مره ان تنظيم داعش تم القضاء عليه لماذا دائما عندما,,0.016254,low
4b6ed83f-6344-4740-9595-81bb0215480b,mediaspeech,../data/mediaspeech_ar/AR/4b6ed83f-6344-4740-9595-81bb0215480b.flac,,الحرب العالميه الاولي والثانيه جميعهم كانوا اما سيناتورز او اعضاء مجلس كونجرس او حكام ولايات او نواب رئيس سابق مثل ريغن مثل كارتير مثل,,0.048144,low
2321ad13-7315-44f6-913c-48b93ebdfafb,mediaspeech,../data/mediaspeech_ar/AR/2321ad13-7315-44f6-913c-48b93ebdfafb.flac,,اا يبدو الان بان ازمه اليمن تثقل كاهل السعوديه ايضا ان اردنا اا دراسه الواقع اليوم واقع السعوديه واقع الاقتصاد العالمي اا ازمه كورونا وما القت به,,0.005323,low
9d94a38e-9781-4bde-8eeb-2b2e42d7d090,mediaspeech,../data/mediaspeech_ar/AR/9d94a38e-9781-4bde-8eeb-2b2e42d7d090.flac,,حتي هذه اللحظه الاصوات التي يمكن ان تسمع هي الاصوات التي تتحدث عن ليبيا الموحده و لا اري فرصه لحفتر او غيره من العسكريين ان يتسيد المشهد في دوله عربيه انا اشك,,-0.001684,low
a4343eab-2c3b-43a6-bc53-12980a7e9bdf,mediaspeech,../data/mediaspeech_ar/AR/a4343eab-2c3b-43a6-bc53-12980a7e9bdf.flac,,اعتقد ان نسبه سبعين في الميه ربما تكون مبالغه بعض الشيء لانه ايضا في خطابه حول اعاده الامن والاستقرار كان يحظي بتاييد كبير اما عن فرص انتخاب,,0.006107,low
d19c3539-b657-4bc9-88ba-475c6f664d7d,mediaspeech,../data/mediaspeech_ar/AR/d19c3539-b657-4bc9-88ba-475c6f664d7d.flac,,دول الجوار هل لدي الدول الجوار رغبه حقيقيه في مساعده الليبيين او في حل ازمتهم اما ان تخرج تصريحات و شيء من الغيره الدبلوماسيه,,0.00303,low
4cf30f3b-f907-4e4a-9172-7af40a14ffb3,mediaspeech,../data/mediaspeech_ar/AR/4cf30f3b-f907-4e4a-9172-7af40a14ffb3.flac,,من المستشفيات للدكاتره للدكاتره وبعدين الدكتور الرئيس الدوله لما يقول ان كل شكر للطواقم الطبيه وكل اللي احنا بنعمل جاهدين,,0.721327,high
51d18f04-f031-43f6-a35c-f96c98c1c0f8,mediaspeech,../data/mediaspeech_ar/AR/51d18f04-f031-43f6-a35c-f96c98c1c0f8.flac,,من الانفاق الحكومي و اسمح لي ان انتقل الي فاصل و اترك لسموك الاجابه بعد الفاصل فاصل قصير ايها الاخوه و الاخوات نعود بعده لمحاوره الامير محمد بن سلمان في قناه العربيه في هذه المقابله الخاصه,,0.014047,low
a54cd0db-2382-4016-abcf-d5a82ed38c53,mediaspeech,../data/mediaspeech_ar/AR/a54cd0db-2382-4016-abcf-d5a82ed38c53.flac,,عوامل داخليه وعوامل ا خارجيه لدينا تراجع في الانتاج المنظومه استاذ محمد لا تتكون بهذه السهوله تتكون من خلال التقاء قوي العرض مع قوي الطلب قوي الطلب يزداد قوي العرض يتراجع انا,,-0.003546,low
effd374a-3bbe-447d-abe5-5e7a43c28172,mediaspeech,../data/mediaspeech_ar/AR/effd374a-3bbe-447d-abe5-5e7a43c28172.flac,,اقتصاده نفطي كنت معنا من العاصمه القطريه الدوحه ونشكر ضيفنا في موسكو الاستاذ ايجوري يوشكوف كبير المحللين في الصندوق الوطني لامن الطاقه شكرا جزيلا لكم مره اخري مشاهدينا ش,,-0.001034,low
650cdf94-7897-45dc-927a-8ffff121b875,mediaspeech,../data/mediaspeech_ar/AR/650cdf94-7897-45dc-927a-8ffff121b875.flac,,من الممارسه العنصريه التي قام بها شرطي ضد مواطن ملون للحديث عن الاوضاع الراهنه في الولايات المتحده نستضيف الخبيربالشؤون,,0.008946,low
299dc807-db80-4aca-b942-2221022a7745,mediaspeech,../data/mediaspeech_ar/AR/299dc807-db80-4aca-b942-2221022a7745.flac,,امريكي وحلفاء امريكا في المنطقه لا يحسد عليه ابدا لدي ايران ما يمكنها من ردع البلطجه الامريكيه في المنطقه والعالم واعتقد هذه رساله فنزويلا كانت قويه وواضحه وطويله,,-0.000487,low
26732ea1-414b-46b5-bb59-c58ee722483d,mediaspeech,../data/mediaspeech_ar/AR/26732ea1-414b-46b5-bb59-c58ee722483d.flac,,يعني هي اا عندما تحدثت عن عن وقف مكامن الهدر والفساد في الدوله ا او في ادارات الدوله بالعكس هي اا عمقت ازمه اللبنانيين من خلال ا هذ هذا الفساد,,0.044628,low
586a9146-778b-4df7-8ec6-e3203da5c862,mediaspeech,../data/mediaspeech_ar/AR/586a9146-778b-4df7-8ec6-e3203da5c862.flac,,القطاع الخاص كل هذه الاشياء لا ثانيه خمسه عشر بالمائه لفتره مؤقته و ان عادت و ان لم تعد فالمستقبل قادم مشروع اليوم مستقبلي سواء عشرين ثلاثين نحن الان عشرين عشرين لا,,0.002203,low
1530dd0e-ed1e-4f7d-8ac8-c88d6f6d14e2,mediaspeech,../data/mediaspeech_ar/AR/1530dd0e-ed1e-4f7d-8ac8-c88d6f6d14e2.flac,,شي يطلع من مصر ا يعني ليس بالجديد ان تكون هناك مواهب عظيمه في مصر كان ملفت جدا هو فكره الشاب السعودي يمكن عبد الله البلوشي بعتقد اللي الي اهميه بمكان هو انه هذا الشاب بيرقص,,0.61834,mid
89ca18fd-ee18-4a3a-abc4-6be5a52518cd,mediaspeech,../data/mediaspeech_ar/AR/89ca18fd-ee18-4a3a-abc4-6be5a52518cd.flac,,تحرك العراقيون بحول الفتوي المقدسه للمرجع السيستاني اا في ثلا ثلاث يوم تلاتعش حزيران الذي سنحتفل به بعد ايام و انطلقوا ابتداء بعد اعلان الدوله,,0.025377,low
43937ec2-4aa2-41fe-81f2-aac3077b1bc6,mediaspeech,../data/mediaspeech_ar/AR/43937ec2-4aa2-41fe-81f2-aac3077b1bc6.flac,,علي مبادره الرئيس الجزائري تبون لن يتكلم الوفاق ولكن السؤال الان يعني هل لدي اللل دول الجوار الاطراف الفاعله اذا كان صح,,0.209593,low
a41fbcf9-5906-4bf8-8082-3bce4eb672f9,mediaspeech,../data/mediaspeech_ar/AR/a41fbcf9-5906-4bf8-8082-3bce4eb672f9.flac,,حينما نقول ان هذه الاجراءات ستغطي العجز لا لن تغطي العجز مم انما بالاضافه لهذه الاجراءات هي ستسحب ما مقداره مائتين و عشرين مليار ريال,,-0.003355,low
cdc1a292-fc84-4103-8446-05cc3ec6d651,mediaspeech,../data/mediaspeech_ar/AR/cdc1a292-fc84-4103-8446-05cc3ec6d651.flac,,منكر موجود عندنا كثير من الاجانب الغير سعوديين سواء مسلمين او عرب يعيشون الي فتره يعيشون فترات طويله في السعوديه عشر سنوات عشرين سنه بل بعضهم شبه مستوطن داخل,,0.025178,low
3a47d75f-2007-48b5-9b26-035812f25aee,mediaspeech,../data/mediaspeech_ar/AR/3a47d75f-2007-48b5-9b26-035812f25aee.flac,,ارتفاعا بنسبه سته وستين وعشرين في المئه في طلبات التوظيف خلال الفتره بين مارس ومايو تلاه قطاع الرعايه الصحيه بنسبه ثمانيه وعشرين واربعه اعشار في المئه علي اساس سنوي,,0.012378,low
d0a64a31-c84b-4383-94b5-5e163ce85c94,mediaspeech,../data/mediaspeech_ar/AR/d0a64a31-c84b-4383-94b5-5e163ce85c94.flac,,مواطن بالرفاهه و بتحسن مستويات المعيشه و ليس بفرض ضرائب لم تكن موجوده في السعوديه هل كنت قبل سنتين او ملكه بريطانيا المؤجله او اي شخص في العالم يعرف,,0.0112,low
7c28802d-2bf6-4031-bd0b-d218008e7cba,mediaspeech,../data/mediaspeech_ar/AR/7c28802d-2bf6-4031-bd0b-d218008e7cba.flac,,الامور عن التكوين وعن كذا وعندما نري في المناصب عندما يتعلق الامر باعطاء السلطه لهؤلاء نري ان هناك نوع من التردد اا اخي الكريم المجتمع ال,,0.006862,low
33fb3b0a-99c5-4a84-9cd6-aabe07277c8a,mediaspeech,../data/mediaspeech_ar/AR/33fb3b0a-99c5-4a84-9cd6-aabe07277c8a.flac,,الشرطه تستطيع احتواء الازمه هو في اخبار يعني طيبه بعض الشيء هذا الصباح ان حركه الاحتجاج و التخريب قلت في العديد من المدن الامريكيه ا لكن انا اؤكد مره اخري ان الرئيس ترامب يسعي الي,,0.029216,low
7cdd0b57-29be-4daf-9f82-956da3adab58,mediaspeech,../data/mediaspeech_ar/AR/7cdd0b57-29be-4daf-9f82-956da3adab58.flac,,لبنانيه اا تقوم بهدر الاموال وان هناك فاسدون في السلطه وفي غيرها وان هناك الكثير من الرشاوي ولكن لم يقدم احدا مال احد ملفا واضحا حول اسباب,,0.171654,low
02d61637-dc8d-4e99-bf8a-cfe1fbfbf629,mediaspeech,../data/mediaspeech_ar/AR/02d61637-dc8d-4e99-bf8a-cfe1fbfbf629.flac,,كورورنا وتستعد الي الانتخابات ا عام انتخابي حاسم بالنسبه ل اا رئيس ترامب ومن ثم ا تعيد فتح ملفاتها السياسيه الرئيسيه والتي من اهميه,,0.025376,low
38819087-4c29-4487-9d14-1f6b020e7276,mediaspeech,../data/mediaspeech_ar/AR/38819087-4c29-4487-9d14-1f6b020e7276.flac,,اتفق ان هو شكل مختلف اداء فني جيد كسبنا بعض الاسماء اللي ثبتت نفسها حسان عبد الاه فواز قدم بطوله بطوله كبيره اعتقد فراس وعبد الله الحمدان بدو,,0.553532,mid
b76f8727-21f5-4f53-882d-ad18401af039,mediaspeech,../data/mediaspeech_ar/AR/b76f8727-21f5-4f53-882d-ad18401af039.flac,,لاستهداف المملكه العربيه السعوديه من خلال توجيه التهم من داخل اراضي المملكه العربيه السعوديه و انا اعتقد انه اكثر من مره حذرنا,,0.012474,low
b8264cae-8a44-4f5e-ace8-60a5979dac0c,mediaspeech,../data/mediaspeech_ar/AR/b8264cae-8a44-4f5e-ace8-60a5979dac0c.flac,,الطرفين المعنيين الاخرين مصر واثيوبيا الاخيره استبقت اللقاء الجديد المرتقب بالتجديد علي شروط تخالف السياق المتفق عليه وفق القناعه المصريه,,-0.004063,low
af7dfa1a-bf02-45da-ac6f-d57324739d4d,mediaspeech,../data/mediaspeech_ar/AR/af7dfa1a-bf02-45da-ac6f-d57324739d4d.flac,,معالي الوزير محمد عبدالله الحضرمي وزير الخارجيه اليمني اهلا وسهلا بحضرتك في بلا قيود علي شاشه بي بي سي اهلا وسهلا,,0.067011,low
2f1028c5-dc44-4804-afd9-979805b68c7e,mediaspeech,../data/mediaspeech_ar/AR/2f1028c5-dc44-4804-afd9-979805b68c7e.flac,,المدني لماذا الخوف يا استاذ انور اهلا وسهلا بحضرتك طبعا بدايه لكن لماذا الخوف من هذه التطبيقات بدايه شكرا علي هذه الاستضافه وكل عام وانتم بخير وعلي باب الشهر اه مع الاسف الشديد,,0.118189,low
04f91e9f-a2bf-4358-893e-a4f5c4828d99,mediaspeech,../data/mediaspeech_ar/AR/04f91e9f-a2bf-4358-893e-a4f5c4828d99.flac,,مرهون لتركيا و مرهون لقطر وفق مشروع اقليمي يسمي الخلافه الاسلاميه او الخلافه العثمانيه او ما الي ذلك و بالتالي هذا التباين في المطالب و هذا التبائن في الرؤي هذا,,-0.002897,low
22a3a642-b385-4138-9cb8-5f049e2a969e,mediaspeech,../data/mediaspeech_ar/AR/22a3a642-b385-4138-9cb8-5f049e2a969e.flac,,مصر تضرر بنسب واقصد هنا بين قوسين الشركات اللي بتبيع والمستهلك يعني هل الاسعار فعلا انخفضت الفتره اللي فاتت في انخفاض ملحوظ في اسعار العقارات عن,,0.366199,mid
2506bad6-ae01-4f17-abf4-10bb344fbd4b,mediaspeech,../data/mediaspeech_ar/AR/2506bad6-ae01-4f17-abf4-10bb344fbd4b.flac,,استثمار شركه لها قيمه استثمار و يجب ان تملكها كاستثمار و لا تملكها كسلعه رئيسيه او مصدر دخل رئيسي و لذلك انتم تسعون لتنويع مصادر الدخل,,-0.004319,low
8344778c-f022-4343-b9d0-01d89419a454,mediaspeech,../data/mediaspeech_ar/AR/8344778c-f022-4343-b9d0-01d89419a454.flac,,هذه الشبهه السياسيه التي احاول ان اراها انا ربما هي ليست موجوده حقيقه يعني كيف تفسر لي مفاوضات بين قطر للبترول وبين شركه المانيه شركه طاقه المانيه يونيفر,,0.074151,low
b6676784-620f-4367-8410-f72ed61216ea,mediaspeech,../data/mediaspeech_ar/AR/b6676784-620f-4367-8410-f72ed61216ea.flac,,بنزين مع انخفاض اسعار النفط لكن النظام السعودي رفع اسعار البنزين ثم الان حينما صار ثمنطعشر باخره تجوب المحيطات ولا يستطيع ان ان يعني احد ان ياخذها منه واصبح هناك في حيص بيص,,0.07022,low
89391efd-9aac-4d41-8a83-d8af1b93c16e,mediaspeech,../data/mediaspeech_ar/AR/89391efd-9aac-4d41-8a83-d8af1b93c16e.flac,,ربما تشهد العديد من دول العالم بما فيها الصين احتجاجات ونحن نعرف ان هناك احتجاجات قويه في هونغ كونغ قد تتسع وتمتد الي مناطق اخري في الصين وتضطر الحكومه الصينيه لانزال الجيش الصيني لاحتوائها فامريكا لا,,-0.001937,low
9e89e0d0-49a3-4a3f-91b7-a90f6cd2b3eb,mediaspeech,../data/mediaspeech_ar/AR/9e89e0d0-49a3-4a3f-91b7-a90f6cd2b3eb.flac,,سيوله لتداول ارامكو او غيرها من الشركات في السوق ال السعودي طيب اذا يعني انتم لم تتعدوا كما يقول البعض علي مقدس عندما تطرحون ارامكو للاكتتاب او جزء من ارام,,0.19759,low
4726c1f0-1b64-4133-9de4-ba9f39471b62,mediaspeech,../data/mediaspeech_ar/AR/4726c1f0-1b64-4133-9de4-ba9f39471b62.flac,,قتال علي ذلك المعارك التي تشهدها الان انا اتحدث اليك والمعارك تدور في محاور جنوب طرابلس حيث قال اننا سننسحب لدينا حتي من الشهداء يعني,,-0.001124,low
5f1dded6-9725-4628-8a24-2bab18619cbc,mediaspeech,../data/mediaspeech_ar/AR/5f1dded6-9725-4628-8a24-2bab18619cbc.flac,,التي اا حضرتك مشكورا عالجتها واشرفت علي علاجها من فايروس كرونا في البدايه بس كان في مستشفي اسوان لو انا مش مش مش مش ناسيه دكتور شريف,,0.611726,mid
d63a9ebd-b955-4c20-b606-ce45af18af89,mediaspeech,../data/mediaspeech_ar/AR/d63a9ebd-b955-4c20-b606-ce45af18af89.flac,,الكترونيه وضعونا نبدا ببعضها وبدا واضحا جليا ان هناك مخاوف من استخدام تطبيقات تتبع فيروس كرومنا لكن هذه المره في مراقبه المواطنين اسماعيل مثلا وصف,,-0.002738,low
80ba1737-7be3-435c-b70c-e1c70c13d7b1,mediaspeech,../data/mediaspeech_ar/AR/80ba1737-7be3-435c-b70c-e1c70c13d7b1.flac,,في فيغدا ينشر محمد المتخصص في امراض القلب نصائح باللغه العربيه علي شبكه التواصل الاجتماعي لمساعده السوريين في سوريا المجاري الهوائيه,,0.048058,low
5fadfa12-1d59-488e-9c1f-958f93e5f6c4,mediaspeech,../data/mediaspeech_ar/AR/5fadfa12-1d59-488e-9c1f-958f93e5f6c4.flac,,هذا الامر لم يعد ممكنا الان لان هنالك اغلاق وعقوبات تفرض علي مصارف لبنانيه والحقيقه سيطره حزب الله علي الوضع في لبنان والسيطره السياسيه والعسكريه والامنيه علي الوضع في لبنان جعل لبنان في مواجهه مع,,0.015893,low
4e053238-0d58-4a16-96f3-fe2d13883377,mediaspeech,../data/mediaspeech_ar/AR/4e053238-0d58-4a16-96f3-fe2d13883377.flac,,اذربيجان ادخل خط انابيب جديد والان تشتري تركيا من اذربيجان ست مليارات متر مكعب وسابقا لم يكن هناك واردات من اذربيجان,,-0.004213,low
e4ae3dc0-56c5-49f1-a341-35030c29c548,mediaspeech,../data/mediaspeech_ar/AR/e4ae3dc0-56c5-49f1-a341-35030c29c548.flac,,تح تدخل الحدود الجنوبيه للمملكه وهذا ما لم تتمكن ولن تتمكن باذن الله من تحقيقه اذا القول بان هذا انفاق غير ضروري غير سليم غير صحيح هذا انفاق ضروري انا اسال حضرتك عن تقنيه الا,,-0.002524,low
12375e73-e019-4b00-a293-fe83f75179e1,mediaspeech,../data/mediaspeech_ar/AR/12375e73-e019-4b00-a293-fe83f75179e1.flac,,تركيز الحقيقه علي ثلاث محاور رئيسيه اولا ان السعوديه هي العمق العربي والاسلامي لوجود الحرمين الشريفين ثانيا ان السعوديه لديها قدرات استثماريه,,-0.005532,low
55c4ed9d-f35c-45cd-a431-9f5b119a30ea,mediaspeech,../data/mediaspeech_ar/AR/55c4ed9d-f35c-45cd-a431-9f5b119a30ea.flac,,خاصه في ظل تباين المصالح بين اغلب الدول المنخرطه في هذا الصراع استاذ الحويج واضح ان تركيا ماضيه في دعمها لهذه الميليشيات وهي وهذه الميليشيات تمكنت من تحقيق,,0.017726,low
0e20718f-c10a-423a-b5b2-f0ea5c5ed9e0,mediaspeech,../data/mediaspeech_ar/AR/0e20718f-c10a-423a-b5b2-f0ea5c5ed9e0.flac,,فما هي خلفيه هذا التصعيد الامريكي وليقر الكونجرس عقوبات تعتبر الاقصي في ظل صعيد دونالد ترامب لابرام اتفاق جديد,,0.000457,low
03bdf845-1654-45f8-a7e2-f6375b67e9a4,mediaspeech,../data/mediaspeech_ar/AR/03bdf845-1654-45f8-a7e2-f6375b67e9a4.flac,,ال ال الامل بنعمل شركات مع العديد من اا جهات القطاع الخاص شركات في القطاع الخاص و شركات مملوكه بنسبه عاليه للحكومه او ملوكها للقطاع الخاص انه كيف نعمل برامج تاهيلهم لدخولهم لسوق الامل,,0.198014,low
4d0fd0c3-b1ae-4d1a-ba01-6131c6887f95,mediaspeech,../data/mediaspeech_ar/AR/4d0fd0c3-b1ae-4d1a-ba01-6131c6887f95.flac,,يعني حتي التهم تطال الجميع بمن فيهم اه من يوصفون او من يصفون انفسهم بالمعارضه هنالك محاوله للركوب علي موجه الاحتجاج التي خرجت في الشارع اه محاوله سيا,,0.017826,low
74e22ee3-9f34-4c07-9ab6-60a8336fbdd3,mediaspeech,../data/mediaspeech_ar/AR/74e22ee3-9f34-4c07-9ab6-60a8336fbdd3.flac,,كثير كثير من الاطراف في هذه المساله وايضا يعني التراجع الملحوظ منذ البدايه ل الدور الامريكي في هذا المكان في هذه في هذا الملف وربما اعطوا ضوء اخضر الان ل لاردوغان لكي يي يعمل,,0.01745,low
f1a13dd9-4c6e-4901-82dc-bfcad11ae842,mediaspeech,../data/mediaspeech_ar/AR/f1a13dd9-4c6e-4901-82dc-bfcad11ae842.flac,,بس ما يعرفش ان في اثنين وعشرين مليشيا ايرانيه موجوده في العراق انا بقول له معلومه برضو في اثنين وعشرين مليشيا ايرانيه بتصرف عليها بالكامل من ايران دي معلومه يرد عليها طيب نرجع ثاني لسؤالك هل الولايات المتحده الامريكيه,,0.712948,high
08f2a503-95a0-43b8-a557-a049539b0325,mediaspeech,../data/mediaspeech_ar/AR/08f2a503-95a0-43b8-a557-a049539b0325.flac,,في المواد سيكون الصوت معزول و الان ساسجل تعليق صوتي لتقرير انيس الذي سوف يظهر بعد قليل في هذه الحلقه قمنا بنقل كافه المحاضرات الجامعيه الي,,0.012768,low
e673d87c-d311-4805-a744-5c403fc8dbe4,mediaspeech,../data/mediaspeech_ar/AR/e673d87c-d311-4805-a744-5c403fc8dbe4.flac,,الي حاله اا توافق حقيقي بين الاطراف السياسيه لانه في الاساس ازمه ليبيا لم تكن سياسيه هي ازمتها ازمه امنيه طيب والتدخل الاقليمي وخاصه التركي القطري,,0.03077,low
1525aa3a-7a4d-40d5-92dd-df3c9dadc600,mediaspeech,../data/mediaspeech_ar/AR/1525aa3a-7a4d-40d5-92dd-df3c9dadc600.flac,,في قسط زياده لكن الحكومه الحئيئه خدت مجموعه من القرارات اولا اعفت طيب استاذ حسن خلينا خلينا نتكلم في القرارات هل الاجراءات اللي اعلنها البنك المركزي بتاجيل مستحقات ال القروض الاقتراض بفائده منخفضه,,0.561911,mid
a32f50ad-fb68-46dd-a157-69f2d9456218,mediaspeech,../data/mediaspeech_ar/AR/a32f50ad-fb68-46dd-a157-69f2d9456218.flac,,ايرادات المملكه و خاصه الايرادات البتروليه نتيجه لتاثر اسعار النفط و انخفاضها من سته و ستين دولار للبرميل الي اقل من ثلاثين دولار او حدود ثلاثين دولار,,-0.004211,low
e32ba372-45f1-49f3-a6c6-21cbc9146f02,mediaspeech,../data/mediaspeech_ar/AR/e32ba372-45f1-49f3-a6c6-21cbc9146f02.flac,,تبقي اختيار للاشخاص اللي ابدا ما بيتقبلوا المسكرات النيئه فهي طبعا بتكون يعني اقل دهون من المكسرات المحمصه بالزيت طيب انادين ايش هي المكسرات اللي فيها سعرات حراريه عاليه و ايش المكسرات اللي لها,,0.788313,high
486b622e-1ec1-4b86-b91f-aaddd2f77970,mediaspeech,../data/mediaspeech_ar/AR/486b622e-1ec1-4b86-b91f-aaddd2f77970.flac,,اا مدير الاستخبارات وتبادل للمعلومات انا اعتقد مهم جدا حقيقه حتي المعلومات اللي اعطيت من قبل الاجهزه الاستخباراتيه العراقيه الي الاخوان في الجمهوريه العربيه,,0.222006,low
e5b07247-ba8e-4738-ad92-4745b8c8104a,mediaspeech,../data/mediaspeech_ar/AR/e5b07247-ba8e-4738-ad92-4745b8c8104a.flac,,دفاع متمركز حتي داخل التمنطعش كان المفروض يكون عندنا معدل اعلي من من عمليه التسديد يعني بصراحه عبد الله انا بالنسبه لي صح في اخطاء في مباراه اليوم لكن بشكل عام,,0.274745,low
3159a5ab-2eca-42f0-b8e5-baa69f15796d,mediaspeech,../data/mediaspeech_ar/AR/3159a5ab-2eca-42f0-b8e5-baa69f15796d.flac,,ريكيه كدوله اخري ليس دوله محتله اما حوار فيه بين دوله محتله و بين دو دوله دوله تحت الاحتلال هذا هذا الذي نرفضه بشكل قطعي اما ال التكهنات و ما يطرحه,,0.040322,low
b3925fd1-9838-476c-b098-dc1a8d3982f6,mediaspeech,../data/mediaspeech_ar/AR/b3925fd1-9838-476c-b098-dc1a8d3982f6.flac,,لم يطلب لم يطلب مني الخصوصيات فقط الاسم ورقم التليفون وهذه التطبيقات يعني الكترونيه تطلب هذه المعلومات فلماذا الخوف من هذا التطبيق,,0.002666,low
df221d39-3dc2-49db-adac-2f9917f34ad5,mediaspeech,../data/mediaspeech_ar/AR/df221d39-3dc2-49db-adac-2f9917f34ad5.flac,,في ليبيا لاول مره حرب محليه يتم استخدام فيها هذا النوع من الاسلحه وهذ وهذه التقنيه العاليه والمتطوره من الطائرات وبالتالي اذا كانت دول الجوار جاده حقيقه في ج,,0.050007,low
e31b3bd5-b80c-4fdc-94fb-9bfa348ff5e7,mediaspeech,../data/mediaspeech_ar/AR/e31b3bd5-b80c-4fdc-94fb-9bfa348ff5e7.flac,,مال المؤسسه العسكريه وهي تتبع اسلوب منظمه اختي الكريمه يعني لا يجب علينا ان نقول هذه هزيمه بالعكس هذا تكتيك عسكري ممكن طيب استسمح حضرتك ان نقف ولو مؤقتا عند هذه النقطه لانني ل اريد,,0.086262,low
fd04bfc1-52ca-4b52-9923-587313e08cb2,mediaspeech,../data/mediaspeech_ar/AR/fd04bfc1-52ca-4b52-9923-587313e08cb2.flac,,العالم لبذل جهد متزايد للوصول لفهم اولا لهذا الفيروس وكيفيه انتشاره وصولا الي انتاج لقاح,,-0.001773,low
a5b6bd89-255d-4dab-aa86-2456d806aeaa,mediaspeech,../data/mediaspeech_ar/AR/a5b6bd89-255d-4dab-aa86-2456d806aeaa.flac,,يات العديد من السياسيين ولا تنسي ان الديمقراطيين هما الحزب الذي حاول الاحتفاظ بالرق وعبوديه السود من قام بتحرير العبيد هو ابرا ابراهيم لينكولن الجمهوري,,0.109085,low
9880529c-2353-47cf-8227-c18806f0f0d2,mediaspeech,../data/mediaspeech_ar/AR/9880529c-2353-47cf-8227-c18806f0f0d2.flac,,بطوله نلاحظ هناك الاخطاء قلت اذا بنقارنها ببطولات اخري خليجيه سابقه جيد كابتن خالد كنت معنا طيله ايام هذه البطوله محللا تحكيميا للاداء شكرا جزيلا دائما العفو لحضورك,,0.068752,low
f8b957c0-4e9e-4448-9ddc-4d5c604e02f1,mediaspeech,../data/mediaspeech_ar/AR/f8b957c0-4e9e-4448-9ddc-4d5c604e02f1.flac,,ضمن الدستور العراقي هم قوات حرس اقليم واجبهم الدفاع عن الاقليم والحفاظ عن ال ال يعني عن شعبنا في اقليم كردستان يبقي ايضا من ضمن منظومه الدفاع الو,,0.060137,low
6d9e7c15-0763-427c-b9d0-22b9f15da1d9,mediaspeech,../data/mediaspeech_ar/AR/6d9e7c15-0763-427c-b9d0-22b9f15da1d9.flac,,يطرح ملف خروج القوات الاجنبيه من العراق يظهر الحديث عن تهديدات جديده لتنظيم داعش كانه مسمار جحا الذي يشهره الامريكيون كل مره,,0.004379,low
e866f3cf-6add-4dd8-b0d8-02f2716cd871,mediaspeech,../data/mediaspeech_ar/AR/e866f3cf-6add-4dd8-b0d8-02f2716cd871.flac,,يعني تقديراتنا اللي موجوده و التقديرات الجهد الاستخباراتي و ليسوا بالاعداد الكبيره ليسوا بالاعداد الكبيره يعني لما اقول عشرات انو بعض يعني بعض المئات ليس,,0.292293,low
bb45dd08-ce46-4c0a-875d-2637c0dcea27,mediaspeech,../data/mediaspeech_ar/AR/bb45dd08-ce46-4c0a-875d-2637c0dcea27.flac,,ليست فقط هي الدوله التي يمكن توبخها قد تكون هناك احتجاجات في اسيا واوروبا لان ازمه كورونا ازمه اقتصاديه قاسيه اثرت علي الاقتصاد الدولي بطريقه مؤلمه الملايين عاطلين اعتقد ان,,0.002236,low
bc27a11e-42f9-4b59-926d-bc3245463b9a,mediaspeech,../data/mediaspeech_ar/AR/bc27a11e-42f9-4b59-926d-bc3245463b9a.flac,,اما مدرب البحرين الذي صنع التاريخ بالفوز بالبطوله الاولي منذ خمسين عاما هيليو سوزا اكد في المؤتمر الصحفي بعد المباراه ان هو يوم عظيم للبحرين التي تستحق اللعب والاحتفاء,,-0.003996,low
7bd5f11c-cfac-4c5f-9412-4d296107f957,mediaspeech,../data/mediaspeech_ar/AR/7bd5f11c-cfac-4c5f-9412-4d296107f957.flac,,يعني يحافظ علي المستوي الذي يحافظ عليه اليمنين من ناحيه معيشه الجائحه ضربت دول عظمي ضربت اوروبا في المملكه عندنا فهذا الفيروس تحدي ايضا كبير ولكن نري هنالك,,0.247299,low
d4b39ff9-0fe4-4d90-ba33-302e22fe56a9,mediaspeech,../data/mediaspeech_ar/AR/d4b39ff9-0fe4-4d90-ba33-302e22fe56a9.flac,,تتعلق بي في وقت رئيس الوزراء السابق عادل عبدالمهدي حصل هنالك اكثر من خرق جوي من قبل الجانب الامريكي وطيران اجنبي واخر خرق ربما هو استهداف,,-0.002913,low
9f683c63-d69b-4d2a-8410-1bb0f74d1e7b,mediaspeech,../data/mediaspeech_ar/AR/9f683c63-d69b-4d2a-8410-1bb0f74d1e7b.flac,,مدرب الفرنسي المشهد الختامي للنسخه الرابعه و العشرين من كاس الخليج بين السعوديه و البحرين كل مدرب رتب اوراقه و السويسري ليونيل تشودي يعطي صافره البدايه,,-0.001059,low
56f43528-dcaf-4b9a-8e60-1570206129a8,mediaspeech,../data/mediaspeech_ar/AR/56f43528-dcaf-4b9a-8e60-1570206129a8.flac,,السينما لقضايا المراه ومواكبتها لتطور اوضاعها الاجتماعيه هلئ علاقه المراه بالسينما طرحت علي الدوام اشكالا حقيقيه حول حدود مصداقيه العمل السينمائي في نقل واقع المراه,,0.050482,low
ddd7d678-267f-4796-9e64-5e3c75474c75,mediaspeech,../data/mediaspeech_ar/AR/ddd7d678-267f-4796-9e64-5e3c75474c75.flac,,لا يخطئ هو كل الاخرين يتامرون عليه الان افتعل ازمه مع الصين سيفتح الازمه مع روسيا وافتعل ازمه مع منظمه الصحه العالميه وانسحب منها دكتور لم يبقي الكثير,,0.062384,low
b467992d-a9c1-4ace-bad6-68ce49bd3f99,mediaspeech,../data/mediaspeech_ar/AR/b467992d-a9c1-4ace-bad6-68ce49bd3f99.flac,,ونعود الي ضيفتنا طبعا نتحدث اكثر معك الاخصائيه الاقليميه للاستجابه للازمات في المنطقه العربيه بمنظمه العمل الدوليه دكتور مها قطاع اذا راينا الوضع ايضا في الجانب المصري,,0.010407,low
b743f605-daca-4b20-ae5b-e895d16f95e5,mediaspeech,../data/mediaspeech_ar/AR/b743f605-daca-4b20-ae5b-e895d16f95e5.flac,,ويسدد القرني في المكان المناسب وقبل نهايه الشوط الاول الفرنسي ينفعل ويعطي التعليمات والقرني يرفض كره الحميدان الخادعه,,0.033003,low
13c48605-3025-4745-b5d9-639057879b3e,mediaspeech,../data/mediaspeech_ar/AR/13c48605-3025-4745-b5d9-639057879b3e.flac,,حرب الكلاميه بين ايران والولايات المتحده تمكنت اول ناقله نفط ضمن اسطول السفن الايراني من بلوغ الموانئ الفنزويليه وصول الناقله رافقه,,-0.006803,low
a245a649-683f-4178-9757-153e23f4e84e,mediaspeech,../data/mediaspeech_ar/AR/a245a649-683f-4178-9757-153e23f4e84e.flac,,اليوم حتكون السعر في السوق السوداء للمخدرات يعني حياخد سعر هو اك اكبر من السعر التي الذي ستضعه الدوله كيف يمكن اقناع المزارع بعدم تسريب,,0.512175,mid
c3d109a2-b91f-47be-97c2-a1e51abbdac2,mediaspeech,../data/mediaspeech_ar/AR/c3d109a2-b91f-47be-97c2-a1e51abbdac2.flac,,في هذا المكان و لا سيما لا تريد ان يكون هناك ايضا قواعد عسكريه ل لتركيا في في في ليبيا دكتوره سوفورينا يعني هل ما يجري بين تركيا و روسيا فيما يتعلق بالملف,,0.020262,low
652c9aad-8eef-45e7-bbbd-c30527821fa7,mediaspeech,../data/mediaspeech_ar/AR/652c9aad-8eef-45e7-bbbd-c30527821fa7.flac,,نا كيف كنا نضطر نشتغل بظروف صعبه بسمه لاجئه في فرنسا استقرت في ستراسبورغ مع عائلتها زوجها علاء صيدلي لكن ليس لديه الحق في ممارسه مهنته في فرنسا,,0.296416,low
09b7e085-1da5-4df7-b8c1-9503def02dbf,mediaspeech,../data/mediaspeech_ar/AR/09b7e085-1da5-4df7-b8c1-9503def02dbf.flac,,ضغط كبيره علي اوروبا فيما يخص موضوع اللاجئين فيما يخص موضوع النفط والغاز وهناك يعني افاق مستقبليه للغاز في وللنفط ايضا في ليبيا ولا سيما في البحر اذا فرنسا لا تريد ان يكون لتركيا دور كبير للغايات,,-0.002957,low
972bc56c-161b-48e6-881d-a2536ccfb10e,mediaspeech,../data/mediaspeech_ar/AR/972bc56c-161b-48e6-881d-a2536ccfb10e.flac,,اداره الرئيس ترامب بما في ذلك علاقته بايران وكانت من قبل تري ان التصعيد الامريكي تجاه ايران قد يؤدي الي مشكلات عسكريه ومشكلات خاصه بالجيش الامريكي وهم في غني عنها حاليا,,0.002181,low
10fba7ed-0eb9-4b8d-b0fd-5522f5d84b19,mediaspeech,../data/mediaspeech_ar/AR/10fba7ed-0eb9-4b8d-b0fd-5522f5d84b19.flac,,يفكر بانتخابات نوفمبر ثلاثه نوفمبر و يفكر انه اي لحظه قد يكون فيها اا شعور بالضعف امام جمهوره قد يخسر هذا الجمهور فهو لا يخاطب من اجل حل المشكله هو يخاطب من اجل,,0.095287,low
4c873c8e-a927-490b-b963-5c457690530b,mediaspeech,../data/mediaspeech_ar/AR/4c873c8e-a927-490b-b963-5c457690530b.flac,,مباشره اودعت الحكومه البريطانيه ثلاثمئه وثلاثين مليار جنيه استرليني كله لمواجهه هذا ونحن نعرف ان كثيرا من المحال هنا التي اغلقت انهم اعطوا اموال و والي اخره بكل بقدره كذلك بريطانيا هذه,,0.221938,low
32b886d3-3421-4ed3-b6a3-8cfe5493d6e4,mediaspeech,../data/mediaspeech_ar/AR/32b886d3-3421-4ed3-b6a3-8cfe5493d6e4.flac,,سته اعشار في المئه علي اساس سنوي ومن المتوقع تحسن هذه الارقام تدريجيا مع التحول الثابت نحو فتح الاقتصاد وعوده الحياه الي طبيعتها,,0.004705,low
6a7107a6-5c39-4729-8fb6-430b2c4cc2b0,mediaspeech,../data/mediaspeech_ar/AR/6a7107a6-5c39-4729-8fb6-430b2c4cc2b0.flac,,المفترض يرجع لمجلس النواب لمناقشته ام ان ده قرار خاص بالمجلس هو هو ده قرار وزاري ما هواش مش من المفترض انه يرجع لمجلس النواب حتي وان كان يتعارض مع نص قانوني صادر اه,,0.592494,mid
3d31471e-a6db-4f23-bcbf-6d4f9eb7c177,mediaspeech,../data/mediaspeech_ar/AR/3d31471e-a6db-4f23-bcbf-6d4f9eb7c177.flac,,ااا وهي حتستمر في سياستها فرق وتسد وهذه هي مشكله امريكان مثلا غير راضيين عن تحالف ما بين تركيا وروسيا ويحاولون ان يضعوا عراقيل,,0.262635,low
68dbd57c-621a-4a7a-b30c-24b34004e122,mediaspeech,../data/mediaspeech_ar/AR/68dbd57c-621a-4a7a-b30c-24b34004e122.flac,,تا البرلمان الليبي عديله صالح الجزائر ويلتقي في هذه الاثناء الرئيس عبد المجيد تابون اللقاء ياتي بعد اعلان تابون الاستعداد للتعاون مع دول الجوار سواء مصر او ت,,0.002211,low
3d1d2194-e720-40d0-9ba9-d9662ec9e3bf,mediaspeech,../data/mediaspeech_ar/AR/3d1d2194-e720-40d0-9ba9-d9662ec9e3bf.flac,,العربيه النفطيه نتيجه ازمه كورونا وازمه السياسه او السياسات الاخري التي اتبعت ال اا النتيجه معي الان واعطيكي انا مثلا مردودات السعوديه من,,0.292368,low
ec87ba24-54d0-422a-968b-271d71f536cf,mediaspeech,../data/mediaspeech_ar/AR/ec87ba24-54d0-422a-968b-271d71f536cf.flac,,الرئاسه لمناقشه هذا الموضوع ستنضم الينا من موسكو المستشاره في المعهد الروسي للدراسات الاستراتيجيه دكتوره الينا سوبونينا و من اسطنبول الكاتب و الباحث السيا,,0.003151,low
ad9c1c44-0772-42e7-bbb8-7d7a6a5d8b6c,mediaspeech,../data/mediaspeech_ar/AR/ad9c1c44-0772-42e7-bbb8-7d7a6a5d8b6c.flac,,مستندات رسميه وواقعيه وحقيقيه سيد يوسف عوضا عن الوقوف الي جانب الحكومه اللبنانيه الان لان الظرف صعب صعب اقليميا صعب عالميا وصعب جدا لبنانيا عوضا عن,,0.001013,low
2f9772ff-e914-402e-99f3-0062fb881c6b,mediaspeech,../data/mediaspeech_ar/AR/2f9772ff-e914-402e-99f3-0062fb881c6b.flac,,السعوديه كل عام تقريبا تتوقعون في عشرين عشرين خمستعشر مليون معتمر في عشرين ثلاثين ثلاثين مليون معتمر كيف حتوصلون لهالارقام نعتقد ان جزء من البنيه التحتيه موجود,,0.336589,mid
bd6df1b4-a8d1-4977-ac0f-985c234b7f2b,mediaspeech,../data/mediaspeech_ar/AR/bd6df1b4-a8d1-4977-ac0f-985c234b7f2b.flac,,بيها السعوديه من قبل الجميع هذه خطيره وهذه اللي عطلت تنميه قطاعات كثيره جدا في السنوات الماضيه مو بالنفط هو السلعه الرئيسيه اللي يعتمد عليها الاقتصاد السعودي نعم النفط يجب ان نعامله كاستثمار لا اقل ولا اكثر,,0.524004,mid
890b3727-8b2d-4d4b-82c1-fd69bb63614e,mediaspeech,../data/mediaspeech_ar/AR/890b3727-8b2d-4d4b-82c1-fd69bb63614e.flac,,ال ال المشروع اعاده بناء الدوله الوطنيه في ليبيا او المشروع الذي يطرحه الجيش الوطني الليبي ليس فقط مشروع عسكري انما هو ايضا مشروع سياسي اا وعسكري في نفس الوقت,,-0.000839,low
9bbfb38b-ff42-42fd-b02b-3371384cf9f7,mediaspeech,../data/mediaspeech_ar/AR/9bbfb38b-ff42-42fd-b02b-3371384cf9f7.flac,,ضيفكم السابق روسيا من بين هذه الدول الولايات المتحده الامريكيه تريد كل هذه القوات الاجنبيه توقف تدخلها وتترك المجال للشعب الليبي وذلك تحت اش,,0.003893,low
bbd259a2-b4f8-4e6d-b9d9-3b8c4f4151e0,mediaspeech,../data/mediaspeech_ar/AR/bbd259a2-b4f8-4e6d-b9d9-3b8c4f4151e0.flac,,ويعني اثمن ايضا قرار علاج الدكتور محمود سامي الزميل الذي فقد بصره حتي الان علي علاج علي نفقه الدوله و وبعض القرارات من ضمنها يعني اطلاق اسماء الشهداء من,,-0.003452,low
97b762b7-7518-4ec7-8bc5-114907b31f82,mediaspeech,../data/mediaspeech_ar/AR/97b762b7-7518-4ec7-8bc5-114907b31f82.flac,,وهم الذين باركوا قدومه الي الحكومه وربما دون هذه المباركه والمباركه الاخري ايضا من الجانب الايراني ربما لم تكن لتتشكل الحكومه العراقيه,,-0.00475,low
8771c630-25d0-40c3-9898-b656be5b62de,mediaspeech,../data/mediaspeech_ar/AR/8771c630-25d0-40c3-9898-b656be5b62de.flac,,ان تنحاز بمصر لكن اريد ان اقول نقطه مهمه الاخ الكريم من اثيوبيا يقول ان مصر تشيطن اثيوبيا والاعلام المصري يفعل كذا وكذا فاساله وهو,,0.030359,low
a5a00746-a094-4f96-baf8-a87ea25173e2,mediaspeech,../data/mediaspeech_ar/AR/a5a00746-a094-4f96-baf8-a87ea25173e2.flac,,سيه لا تفسد في الود قضيه المطلوب اليوم الرئيس حسان دياب وضع خطه اقتصاديه سماها خطه الانقاذ الاقتصادي و طلب مهله من مئه يوم و ها هو صحيح الكورونا واجهته صحيح الاحتجاجات بقيت مستمره في الشا,,0.236002,low
d83c4ecd-9e94-4ef6-b1de-816285d11ae8,mediaspeech,../data/mediaspeech_ar/AR/d83c4ecd-9e94-4ef6-b1de-816285d11ae8.flac,,وحدات خارجه عن اطار القانون و كنا نتحدث مع الاشقاء في السعوديه و الامارات خلف الابواب الموصده و لا نريد ان نظهرها الي السطح نعم و لكن الهدف الرئيسي لم يكن متغيرا و ما حضر في اغسطس,,0.079064,low
1d485ea8-efd7-4b1e-830a-6c024e2f7cca,mediaspeech,../data/mediaspeech_ar/AR/1d485ea8-efd7-4b1e-830a-6c024e2f7cca.flac,,شوفي هي هي الازمه الليبيه داخليه هي ازمه امنيه صرف يعني هناك تيار اسلام سياسي يستخدم ميليشيات مسلحه ومجرمين حرب يستخدمهم ضد ضد الشرعيه ضد الشرعيه الشرعيه الشعبيه وهي الشرعيه الحقيقيه وليست الشرعيه الدوليه,,0.129139,low
e607fc98-c115-43db-9afa-a9ef2c722092,mediaspeech,../data/mediaspeech_ar/AR/e607fc98-c115-43db-9afa-a9ef2c722092.flac,,ا في البند العاشر بانه اذا ااا تعثرت الم المفاوضات ممكن اللجوء الي الوفاء الي الوساطه او التوفيق اا من اطراف اخري اسيوبيا لا تريد احدا,,0.042642,low
b4522515-6e9e-4654-af21-c3d5c722c7aa,mediaspeech,../data/mediaspeech_ar/AR/b4522515-6e9e-4654-af21-c3d5c722c7aa.flac,,ما اخذنا من من احتدام الصراع و بالتالي ما لم و انا انا حقيقه اا التقطت ما قاله الدكتور توفيق اذا كانت فعلا للجزائر تسعي الي تحييد الاطراف الاقليميه,,0.060563,low
e93e0140-fded-490c-be61-17d3d0c9bcab,mediaspeech,../data/mediaspeech_ar/AR/e93e0140-fded-490c-be61-17d3d0c9bcab.flac,,بعه ونص مليار نستكثرهم علي اثيوبيا هذا ليس صحيحا الامر ليست مساله كميه مياه الامر هو فرض امر واقع والبدء في ملء السد دون ان يكون هناك وجود طيب دون ان يكون هناك اتفاق,,0.186097,low
165f6926-2be0-4c56-a3b3-7c021594fd43,mediaspeech,../data/mediaspeech_ar/AR/165f6926-2be0-4c56-a3b3-7c021594fd43.flac,,يساعد في رفع حجم محفظتك ال اا الاستثماريه اذا ستطرحون في البدايه نحو خمسه بالمئه من ارامكو الام ولا من بعض شركات ارامكو خمسه في الميه من ارامكو الام اقل من خمسه في الميه,,0.011072,low
0bb39e7c-786b-4239-a5d2-a72793841abb,mediaspeech,../data/mediaspeech_ar/AR/0bb39e7c-786b-4239-a5d2-a72793841abb.flac,,مدين لحمله ساركوزي وهناك ملفات مفتوحه في فرنسا لا زالت امام القضاء حتي في هذا الموضوع وايضا هي تدخلت بقوه من اجل ان تحصل علي مصالح كان هناك حرب اا شبه,,0.025613,low
6783db25-e1ab-4904-a931-6506421023b2,mediaspeech,../data/mediaspeech_ar/AR/6783db25-e1ab-4904-a931-6506421023b2.flac,,في الاسكان وهناك اصول ضخمه جدا اللي هي مناطق لم تطور بعد في المجال خاصه السياحي او غيرها من المجالات هذه الاصول اتوقع علي حجمها سوف يصل الي تريليون ريال سعودي,,0.078076,low
7c22a447-19d5-456c-9ce4-943510b162f2,mediaspeech,../data/mediaspeech_ar/AR/7c22a447-19d5-456c-9ce4-943510b162f2.flac,,قاربت ثلاثه و ستين في المئه ثم قطاع السفر و الترفيه بنسبه خمسين في المئه و قطاع الاعلام و الاتصال بنسبه ثلاثين في المئه و اخيرا قطاع الانشاءات بنسبه تراجع بلغت اربعه عشر,,0.002514,low
c46346c1-a8d0-44a5-ba86-aa7a031f4314,mediaspeech,../data/mediaspeech_ar/AR/c46346c1-a8d0-44a5-ba86-aa7a031f4314.flac,,اختيار مسمي احمي اسماء لتطبيقات قد تختلف تقنيا قليلا لكن الهدف المعلن واحد رصد مرض كورونا عبر اجهزه الهاتف النقال ومحاوله تعقب اي اتصال شخصي,,0.004101,low
97b182f8-d57c-4c9c-8ccf-74d141639340,mediaspeech,../data/mediaspeech_ar/AR/97b182f8-d57c-4c9c-8ccf-74d141639340.flac,,المراه الام اذا بديك ولم تفلح في ان تخرج من الكليشيهات السابقه التي قدمت المراه الام ككائن تابع للرجل في اطار الاسره اذا بتطلعي علي هيك شوي,,0.577506,mid
a3da5dcd-a1a6-4d31-adaf-991a42f5432b,mediaspeech,../data/mediaspeech_ar/AR/a3da5dcd-a1a6-4d31-adaf-991a42f5432b.flac,,ان معامل الارتباط كاوفيشل كوروليشن و هذا شيء بنستخدمه نحن بالتحليل التجميعي اسمه ريجريشن اناليزيس لمعرفه هذه الحقيقه لذلك انا لا لا اعرض رايي انا اقول التحليل قال لي كذا,,0.22431,low
0ea8d867-e417-4037-b83c-3df0d9a154c4,mediaspeech,../data/mediaspeech_ar/AR/0ea8d867-e417-4037-b83c-3df0d9a154c4.flac,,فيروس كورونا مش للعلاج بس يعني للتعامل مع المصابين من الحالات الاقل خطوره الي الحالات التي تستلزم العنايه المركزه والتنفس الاصطناعي طبعا في بروتوكول ظهر بالاسبوع التاني للعدوي في اخر شهر,,0.330514,mid
e787d9e0-72e9-4fa9-9b84-9494b000d9e9,mediaspeech,../data/mediaspeech_ar/AR/e787d9e0-72e9-4fa9-9b84-9494b000d9e9.flac,,الحسم العسكري لن يتم هنا في الحقيقه لابد ان تكون هناك تفاهمات علي نقطتين اساسيتين الطريق لاعاده بناء المؤسسات الاولي الليبيه مؤسسات الجيش باقي مؤسسات,,-0.004904,low
757692a6-7ce8-4072-bcdc-36e7bd3429cf,mediaspeech,../data/mediaspeech_ar/AR/757692a6-7ce8-4072-bcdc-36e7bd3429cf.flac,,جزءا كبيرا من المسؤوليه المجتمع الدولي الذي لم يحقق حتي الان امال اليمنيين حتي من ناحيه المساعده ثمانون بالمئه من اليمنيين بحاجه الي المساعده والمجتمع الدولي الذي يكتفي,,0.007311,low
82fffb11-b0a6-40f0-aa29-c6afb748f00a,mediaspeech,../data/mediaspeech_ar/AR/82fffb11-b0a6-40f0-aa29-c6afb748f00a.flac,,سياده العقيد سياده الفريق اا تحدث عن بعض الاشياء في غايه الاهميه و تحديدا اشار الي نقطتين مهمتين للغايه ان هذه المنظومه با,,-0.005121,low
eaa0958b-1a89-4656-b357-b71779b91cbd,mediaspeech,../data/mediaspeech_ar/AR/eaa0958b-1a89-4656-b357-b71779b91cbd.flac,,اعداد قليله و لا توجد اجهزه فحص لابد ان تكون هناك سلطه موجوده اما الحديث عن السعوديه تقدم دعم هذا كله لن يحدث اي تغيير لحياه المواطن اليمني سيد سيد مصطفي هل برايك,,0.036959,low
96e4ce95-92bb-4ae5-9283-121ddeb39385,mediaspeech,../data/mediaspeech_ar/AR/96e4ce95-92bb-4ae5-9283-121ddeb39385.flac,,الرياض في كل القضايا المصيريه التي ترتبط بها المملكه العربيه السعوديه والجنوب العربي ونحن نقول وقد اثبتنا هذا الكلام علي الارض اننا,,-0.001525,low
28b7803f-d662-4047-b861-74159c0496f1,mediaspeech,../data/mediaspeech_ar/AR/28b7803f-d662-4047-b861-74159c0496f1.flac,,والتي تحتوي علي معلومات حساسه وكاشفه حول هويه الاشخاص وموقعهم وكذلك سلوكاتهم وارتباطاتهم وانشطتهم عندما تجد تلك البيانات نفسها في ايدي حكومات التي لديها,,-0.003922,low
96279556-002b-48e9-a1fb-1bba0c4228dd,mediaspeech,../data/mediaspeech_ar/AR/96279556-002b-48e9-a1fb-1bba0c4228dd.flac,,الي فنزويلا هل يعكس ذلك عجز واشنطن عن تنفيذ العقوبات التي تفرضها علي ايران وفنزويلا فسمحت لهذه السفينه بالعبور اهلا بحضرتك وكل عام وانتم بخير اهلا وسهلا,,-0.003391,low
e2af9436-1d70-4323-83c3-810b930cd47a,mediaspeech,../data/mediaspeech_ar/AR/e2af9436-1d70-4323-83c3-810b930cd47a.flac,,تاخر الاتفاق لمناقشه هذا الموضوع معنا من القاهره رئيس وحده حوض النيل بمركز الاهرام للدراسات السياسيه والاستراتيجيه هاني رسلان ومعنا ايضا من اديس ابابا الباحث في الشؤون,,0.005082,low
8c34f8b7-9c72-4ae8-95c8-4e579d50c683,mediaspeech,../data/mediaspeech_ar/AR/8c34f8b7-9c72-4ae8-95c8-4e579d50c683.flac,,الكامل وفي نفس الوقت اليوم تنظيم داعش تنظيم عالمي استاذ اشرف هو ما يهدد العراق فقط هو يهدد العالم باجمع يعني العراق ما سلم من عنده سوريا لحد الان,,0.360113,mid
16533789-66ba-4dda-98d1-7279e0097cfa,mediaspeech,../data/mediaspeech_ar/AR/16533789-66ba-4dda-98d1-7279e0097cfa.flac,,الي تجديد او تمديد العقوبات وحظر الاسلحه علي ايران وانما يمكن اا استخدام بعض الضغوط الامريكيه مع بعض الملفات بالنسبه لروسيا وبالنسبه للصين للضغط علي ايران,,0.025118,low
f9bd70b9-1075-4534-a189-9d9f2e2f6a80,mediaspeech,../data/mediaspeech_ar/AR/f9bd70b9-1075-4534-a189-9d9f2e2f6a80.flac,,بعد انتظار دام خمسين عاما وتصبح سابع منتخب يتوج بالكاس الخليجيه عصام عامر العربيه هنا المدير الفني للمنتخب السعودي ارفي رونار المنتخب البحرين,,0.019225,low
7f1bc053-7e8e-4e5e-820b-708053ac8f6e,mediaspeech,../data/mediaspeech_ar/AR/7f1bc053-7e8e-4e5e-820b-708053ac8f6e.flac,,بان كنت حضرتك تراها وجيهه الي فصل ليبيا او تقسيمها سيناريو الاكثر ارعابا ربما والذي قال ا علي بعض السنه في بعض المحللين الاستراتيجيين كتابه انه ربما هناك سيناريو الانفصال,,0.232653,low
8ed7e146-66c4-4ce4-b259-dec7a7f4e7d6,mediaspeech,../data/mediaspeech_ar/AR/8ed7e146-66c4-4ce4-b259-dec7a7f4e7d6.flac,,نري خطرا كبيرا خلال قصف من قبل الكثير من الطائرات ولكننا لا نري مثل هذه الحواجز فهناك قصف من قبل طائره وطائرتين فهذا في الحقيقه خطا من قبل الضباط من,,-0.004826,low
fca426b1-81d1-42c3-9b18-11d5b97844e5,mediaspeech,../data/mediaspeech_ar/AR/fca426b1-81d1-42c3-9b18-11d5b97844e5.flac,,السياح بشكل مباشر اللي هي متمثله في موردين الماكولات والمشروبات موردين المباني موردين الفنيين كل حاجه كل حاجه الصناعات التكميليه اللي هي المفروشات والكلام ده كل ده توقف خلاص انا منشاه قفلت هروح اجيب لك دي,,0.890419,high
69e85508-391a-42fc-ad6a-69d09a33c25e,mediaspeech,../data/mediaspeech_ar/AR/69e85508-391a-42fc-ad6a-69d09a33c25e.flac,,الرؤيه برنامج اعاده هيكله صندوق الاصدارات العامه برنامج اعاده هيكله ارامكو برنامج تحول الوطني برنامج الشراكه الدوليه الاستراتيجيه وغيرها من البرامج اللي سوف تغطي,,0.058671,low
9e53c7f9-13bb-42e7-9186-57b23304b939,mediaspeech,../data/mediaspeech_ar/AR/9e53c7f9-13bb-42e7-9186-57b23304b939.flac,,تقنيه الفار وجود الحكام الاجانب ايضا في هذه البطوله هل هو امر جيد اولا من المفترض ان تقتصر البطوله علي حكام خليجيين و الله نحن يمكن يعني بطوله الخليج منذ البدايات بدات,,0.059126,low
2987ef1b-02aa-4df6-a382-bfedb01698bf,mediaspeech,../data/mediaspeech_ar/AR/2987ef1b-02aa-4df6-a382-bfedb01698bf.flac,,اكثر يعني ما يتجاوزون هذه الاعداد و الجهد الاستخباراتي حقيقه متابع يعني السيد القائد العام للقوات المسلحه السيد مصطفي الكاظمي يركز علي موضوع الجهد الاستخباراتي,,0.283299,low
d40ddfaa-90bb-48ad-aa99-9d406189eb88,mediaspeech,../data/mediaspeech_ar/AR/d40ddfaa-90bb-48ad-aa99-9d406189eb88.flac,,اذا اخذت معلومات مني او صور او محادثات خاصه فيني لا استطيع حقيقه ان اقاضيها وماذا يضمن دعني اقول لك بكل صراحه ليس هناك في ثقه انا شخصيا,,0.197527,low
ec6c9308-19f0-4731-86f5-9758b7981c42,mediaspeech,../data/mediaspeech_ar/AR/ec6c9308-19f0-4731-86f5-9758b7981c42.flac,,هذا الرجل الامريكي الافريقي الذي قضي تحت اقدام رجال الشرطه البيض في ولايه مينوسوتا الهب الغضب في الولايات المتحده الامريكيه واشعل نقاشا سيستمر,,-0.001742,low
2325f9b1-715b-4e28-ac36-bff3864315e3,mediaspeech,../data/mediaspeech_ar/AR/2325f9b1-715b-4e28-ac36-bff3864315e3.flac,,الهاتفين بالمناسبه يعني هاتف الشخص المصاب و هاتف الشخص المعرض للاصابه الطريقه الثانيه عبر ابراج الارسال التابعه لشركات الاتصالات و هي خاصه,,0.01964,low
520b9595-3ef7-41cc-8985-f2dc9f58d1a5,mediaspeech,../data/mediaspeech_ar/AR/520b9595-3ef7-41cc-8985-f2dc9f58d1a5.flac,,الحريه من العبوديه والعتق اعتقهم من العبوديه ثم في الثمانيه وستين مثل ما ذكرت مارتن لوثر كينغ اللي كان من القاده الرئيسين المؤمنين الداعين للحقوق الوطنيه للسود احدث ثوره مع الرئيس جونسون,,0.148338,low
7035d63f-b0ad-4601-a696-d896a3a1aee4,mediaspeech,../data/mediaspeech_ar/AR/7035d63f-b0ad-4601-a696-d896a3a1aee4.flac,,من توقيع عقد لتوريد الكهرباء الي العراق قيمه تناهز تقريبا المليار دولار الان كيف يمكن لايران ان تتحمل تابعات مثل هذه العقوبات والتي تستهدف هذه الاعفاءات التي كانت,,-0.003086,low
91440ba9-f6b9-454d-bcd5-ce5bf398c66c,mediaspeech,../data/mediaspeech_ar/AR/91440ba9-f6b9-454d-bcd5-ce5bf398c66c.flac,,اا اعضاء نقابه اطباء مصر تحدثوا عن انه ما تم التعهد به بالامس هو كله تحت الاختبار الي ان يتم ما راي حضرتك هل تستطيع الدوله بالفعل الايفاء بهذه التعهدات ان شاء الله,,0.047307,low
d22146c1-00be-41e2-b2d9-45b74d62f65b,mediaspeech,../data/mediaspeech_ar/AR/d22146c1-00be-41e2-b2d9-45b74d62f65b.flac,,كورونا بعنفوان اليوم اسالكم انتم هل رفع ضريبه القيمه المضافه الغاء بدل المعيشه للقطاع العام تاجيل عدد من مشروعات عشرين تلاتين بعيد عن حياتكم كمواطنين لماذا وصفها وزير,,0.191232,low
a49ef39d-5e36-4099-b5bf-e25d67e2eda8,mediaspeech,../data/mediaspeech_ar/AR/a49ef39d-5e36-4099-b5bf-e25d67e2eda8.flac,,الطرف الذي يدعمونه في ليبيا لوقف اطلاق النار والقبول بها ام انه النقطه التي اثارها ضيفان مساله الموقف الامريكي هي ربما المساله الفاصله في هذا الموضوع والتي تتيح,,-0.005257,low
efa2fbfd-1170-4fdd-9c20-bd564ee61236,mediaspeech,../data/mediaspeech_ar/AR/efa2fbfd-1170-4fdd-9c20-bd564ee61236.flac,,هو القول بان التظاهرات السلميه التي شاهدناها حتي منذ السابع عشر من تشرين كنا نجد من من ينزل اليها ومن ينغص هدوءها وسلميتها والدكتور طلال,,-0.002233,low
9e26e299-2773-4c9f-ae71-7c4725ddcc34,mediaspeech,../data/mediaspeech_ar/AR/9e26e299-2773-4c9f-ae71-7c4725ddcc34.flac,,و خرجت الجماهير البحرينيه للاحتفال في شوارع المنامه للاحتفال بالبطوله الاولي في تاريخ كره القدم البحرينيه و في جده,,0.000653,low
28c8002c-8606-4d7c-8ca5-f61613852a0b,mediaspeech,../data/mediaspeech_ar/AR/28c8002c-8606-4d7c-8ca5-f61613852a0b.flac,,وكل المشاهدين اينما كانوا طبعا هذا الامر يعني ربما يقراه البعض بانه بالفعل عجز من قبل الولايات المتحده الامريكيه للسيطره علي,,-3.3e-05,low
7a38a38f-b2b3-4af7-853d-59aa995f102a,mediaspeech,../data/mediaspeech_ar/AR/7a38a38f-b2b3-4af7-853d-59aa995f102a.flac,,اوروبا لا شك انها لا تريد الاسلام السياسي و لكن ايضا في حال يعني احتاجت الي التفاهم معه من اجل مصالحها هي تفعل ذلك و سبق و ان فعلت و بالتالي الاسلام السياسي ليس العقبه,,0.045246,low
7b5c1273-6830-4a3b-a68a-08940bdad073,mediaspeech,../data/mediaspeech_ar/AR/7b5c1273-6830-4a3b-a68a-08940bdad073.flac,,طلع ومات منهم الالاف من المتظاهرين اما قالوا يعني العراق تبقي حره وايران بره بره وحرقوا صور خامنئي طب دعنا من ايران,,0.886826,high
d4391eaf-e0bb-4eed-b874-cf710e174d97,mediaspeech,../data/mediaspeech_ar/AR/d4391eaf-e0bb-4eed-b874-cf710e174d97.flac,,الدوله هتقوم بهذه التعهدات لان فعلا الرئيس تدخل بنفسه في حتي الحاله بتاعه الدكتور وليد تدخل في قال لازم اا تحقيقات و وهيتابع التحقيقات لان,,0.693898,high
b662ea58-970b-4dc9-a7c3-35077e3d0106,mediaspeech,../data/mediaspeech_ar/AR/b662ea58-970b-4dc9-a7c3-35077e3d0106.flac,,صدر منا من بيانات علي الامارات الا ل ل لانه كان في ذلك الوقت تبين لنا في اغسطس انه كان انحراف وقد تعدينا هذا في اغسطس في في نوفمبر بعد ما وقعنا اتفاق الرياض,,0.066987,low
32df5422-15d0-4884-83e1-405398c36dc2,mediaspeech,../data/mediaspeech_ar/AR/32df5422-15d0-4884-83e1-405398c36dc2.flac,,صاروخا ودمر اطلق خمسه وعشرين صاروخا ودمر ثلاثه وعشرين من مجموعه الصواريخ الامريكيه والبريطانيه وربما الفرنسيه اا سيدي هل اذا السؤال ليس,,-0.001805,low
51bc7eae-19a8-42a6-8cf4-1a2422ed12eb,mediaspeech,../data/mediaspeech_ar/AR/51bc7eae-19a8-42a6-8cf4-1a2422ed12eb.flac,,فبالنسبه لمظومه بانسر هذا هدف سهل في حال كان لديكم افراد متدربون بالاضافه الي التكتيكات الصائبه لاستخدام هذه المنظومات فلن يكون هناك اي مشكله,,0.00638,low
8356d9b8-e16e-42f1-b1f0-e9cc7a2b0c06,mediaspeech,../data/mediaspeech_ar/AR/8356d9b8-e16e-42f1-b1f0-e9cc7a2b0c06.flac,,معلومات السيد يوسف غير دقيقه و غير صحيحه حركه امل لم تدعو يوما الي اعمال شغب بل اننا منذ شباط العام الهذا العام دعونا الي عدم النزول الي الشارع لكل المنتمين الي حركه,,-0.001482,low
b4c75018-00d5-42a0-ade3-51d5e40a9d0b,mediaspeech,../data/mediaspeech_ar/AR/b4c75018-00d5-42a0-ade3-51d5e40a9d0b.flac,,طارق الشوني يقول جميع الانظمه الصحيه في العالم واكثرها تطورا لا تزال عاجزه في مواجهه فيروس كورونا حسن محمد عشماوي ينظر بعين الريبه الي مطالب اطباء مصر بتوفير الحمايه ويقول,,0.01249,low
fee5609b-845e-48f8-a4e8-07616abd3254,mediaspeech,../data/mediaspeech_ar/AR/fee5609b-845e-48f8-a4e8-07616abd3254.flac,,طبعا ضيفك من امريكا اعتقد فقط هو للاعلام و اليوم و دائما و لو دائما الولايات المتحده الامريكيه و المسؤولون الامريكيون يتحدثون صباحا بشيء و عكسه مساء,,0.081443,low
94f5d33c-3f3d-4251-a02f-1e432e8b4ba4,mediaspeech,../data/mediaspeech_ar/AR/94f5d33c-3f3d-4251-a02f-1e432e8b4ba4.flac,,ااا ومهمتهم تعرف احنا عندنا حلفنات وايضا احنا نعمل علي التنسيق مع حلف الناتو وهذا الحلف حقيقه مهم جدا في موضوع واحنا نركز علي موضوع,,0.577843,mid
b63f9134-f95e-4a12-b349-1d0047311d89,mediaspeech,../data/mediaspeech_ar/AR/b63f9134-f95e-4a12-b349-1d0047311d89.flac,,الملف و احيل الي وزاره المليلي لاخذ قرار بدعوه المواطنين يعني نحن من خلال الموافقه علي هذا الملف منه دعوه المواطنين الي تقديم طلباتهم الي مشروع الاخضر لاستصلاح,,0.010342,low
635738eb-14df-43f9-9502-4165cc043061,mediaspeech,../data/mediaspeech_ar/AR/635738eb-14df-43f9-9502-4165cc043061.flac,,وير محمد بن سلمان بن عبد العزيز ولي ولي العهد السعودي فا ابقو معنا حياكم الله مجددا ايها الاخوه والاخوات في هذه المقابله الخاصه التي نستضيف,,-0.000579,low
b916f802-0de0-4a24-aeac-f378cda3ea22,mediaspeech,../data/mediaspeech_ar/AR/b916f802-0de0-4a24-aeac-f378cda3ea22.flac,,اكيد لان الدساتير الموضوعه في الدول العربيه هذا ا شيء يعني اا موجود يعني لا حتي في المانيا هذه الدساتير موجوده بس المشكله لازم يعني,,0.344911,mid
090a2771-6786-46fc-baa2-1b89de1e8efb,mediaspeech,../data/mediaspeech_ar/AR/090a2771-6786-46fc-baa2-1b89de1e8efb.flac,,سوق صناعي ضخم جدا عوائد الدوله دعم الاقتصاد وظائف وظائف جزء منها ايضا ذكرتم سمو الامير في الاستراتيجيه موضوع الصناعات العسكريه,,-0.00314,low
ed9908a1-0bf2-40be-b639-eb8cd3cf9e5f,mediaspeech,../data/mediaspeech_ar/AR/ed9908a1-0bf2-40be-b639-eb8cd3cf9e5f.flac,,تحدثت عنه التقرير الصدر عن منظمه العمل العربيه واللي تحدثت بانه الاثر علي الدول العربيه يمكن كان اقل لانه في عنا توظيف كبير في نعم,,0.164438,low
c72635ce-a394-452c-ad46-46cf2ae5ba92,mediaspeech,../data/mediaspeech_ar/AR/c72635ce-a394-452c-ad46-46cf2ae5ba92.flac,,والوقايه لما وصفته بكافه الاطقم الطبيه الاعلام المتماهي مع الحكم في مصر حول هؤلاء من جيش مصر الابيض الي هم اصلا اخوان وصفهم بالخونه المتخليين عن واجباتهم وحتي,,0.390013,mid
3995c261-33e6-47b5-99b1-ff359089824a,mediaspeech,../data/mediaspeech_ar/AR/3995c261-33e6-47b5-99b1-ff359089824a.flac,,يعني تتبعنا وملاحقتنا وتتبع كل ما نقوم به من انشطه حقوقيه دون الحاجه الي هذه التطبيقات فما بالك في هذه التطبيقات التي لا نعرف حقيقه,,0.1081,low
fc3d6f1c-be0d-4476-89f0-500584f9ef0f,mediaspeech,../data/mediaspeech_ar/AR/fc3d6f1c-be0d-4476-89f0-500584f9ef0f.flac,,دوله بالكامل و و وانا اريد ان ان احدثك عن حادثه يعني بغض النظر عن موقفي عن عن امريكا وعن وعن الحكومه الامريكيه بس ولكن لفت انتباهي ان مجموعه من,,0.122502,low
36607cbf-482d-4f94-994a-ad8464855632,mediaspeech,../data/mediaspeech_ar/AR/36607cbf-482d-4f94-994a-ad8464855632.flac,,تدعم تدعم الوفاء التوافق الليبي ولا تدعم ا تركيا الان يقول نحن ندعم الوفاق الوفاق مدعومه من تركيا اذا ماذا يعني ذلك هو يدعم طرف واحد,,0.000382,low
d0f0654a-ee52-4b5f-981b-505b714809b5,mediaspeech,../data/mediaspeech_ar/AR/d0f0654a-ee52-4b5f-981b-505b714809b5.flac,,اولياء الامور وحرصهم علي احضار ابنائهم للدراسه واشعارهم باهميه الوقت والمحافظه عليه شفنا خراب بتخف الزحمه شوي في دبي تخفي لان انا شربت شويه من الزحمه انا رحت السعوديه,,0.527054,mid
7e3f9489-c860-4989-8741-89177c87d33e,mediaspeech,../data/mediaspeech_ar/AR/7e3f9489-c860-4989-8741-89177c87d33e.flac,,ما يحدث الان في ليبيا ولكي لا يثور الجدل الذي دار في الايام الفائته بشان بي بي سي وتغطياتها الصحفيه اريد ان استمع من حضرتك لمشاهدتك علي الارض في طرابلس وملاحظاتك علي الطرفين,,0.002722,low
f270da53-8978-4609-b2ce-2e8dda592172,mediaspeech,../data/mediaspeech_ar/AR/f270da53-8978-4609-b2ce-2e8dda592172.flac,,كثرت التحليلات والبيانات التي تلت لقاء الفيديو هذا لقاء بين اطراف ملف سد النهضه كان من المفترض ان يضع النقاط التوافقيه المنتظره في السجل الخلافي,,-0.004946,low
bf60719e-7b28-4c0b-8d01-304619f6c695,mediaspeech,../data/mediaspeech_ar/AR/bf60719e-7b28-4c0b-8d01-304619f6c695.flac,,الاتصالات الهاتفيه نيفين تتحدث الي من كنتاكي علي وجه التحديد نيفين امريكيه لكن من اصل اردني يا نيفين اهلا وسهلا اولا ما هي الصوره لديك في محيطك علي الاقل هل,,0.160295,low
0eeb2917-3d7a-4cb2-b904-99e39f81c080,mediaspeech,../data/mediaspeech_ar/AR/0eeb2917-3d7a-4cb2-b904-99e39f81c080.flac,,الشرعيه المعترف بها دوليا ان تحرم اتفاق مع دوله طيب بس هي الفكره استاذ مصطفي في توقيع الاتفاقيات بس لحظه هي الفكره في توقيع الاتفاقيات ولا الفكره هي الحرب بالوكاله التي اصبحت دائره تنفي ليبيا اي,,0.35092,mid
6f357c0f-87d7-4a8b-96e6-e8319d71f73d,mediaspeech,../data/mediaspeech_ar/AR/6f357c0f-87d7-4a8b-96e6-e8319d71f73d.flac,,احنا مع فكره ان يبقي في تامين لكن دي جديده ان محطه تحصيل الرسوب تبقي يعني بغرض الامن انا ما اعرفش ايه هو مبرره بذلك لكن في النهايه انا عندي مواطن بيعاني في النهايه انا عندي مشكله كمان كبيره,,0.77498,high
d17e0448-e94a-41b5-9472-b8463d80d418,mediaspeech,../data/mediaspeech_ar/AR/d17e0448-e94a-41b5-9472-b8463d80d418.flac,,تفادي هذي الاخطاء مرحله هي وانتهت المرحله القادمه اعتقد يعني غير قابله للتجارب ابدا لابد ان يستقر علي تشكيله محدده وتكون يعني مو مشكله في يعني تغيير اللاعبين,,0.347006,mid
8df0e4f7-beff-4da4-9b24-a097a87b8311,mediaspeech,../data/mediaspeech_ar/AR/8df0e4f7-beff-4da4-9b24-a097a87b8311.flac,,طائره عسكريه طب هل هذا تناقض من قبل البنتاجون من قبل الموقف الامريكي ارتباك ربما في التعامل مع هذه العمليه لا اعتقد انه ارتباك خاصه و ان الولايات المتحده اذا ما ارادت اذا ما ارادت ان,,0.232682,low
40e32459-f058-4c82-8071-5f19c3c2d062,mediaspeech,../data/mediaspeech_ar/AR/40e32459-f058-4c82-8071-5f19c3c2d062.flac,,في ايده والناس اللي محتاجه انها تلبس الكوانتات بتلبس لان في بعض المهن لازم تلبس كوانتي فالاجراءات دي موجوده وعلي رقابه شديده من المهندسين بتوع المواقع ومن مهندسين,,0.771032,high
e43402d1-575c-48fe-a554-e7cfe5046da4,mediaspeech,../data/mediaspeech_ar/AR/e43402d1-575c-48fe-a554-e7cfe5046da4.flac,,واشنطن اول رئيس امريكي الف وسبعمئه وتسعه وثمانين وانهيه بنهايه الحرب البارده بين الولايات المتحده الامريكيه والاتحاد السوفيتي مع نهايه رئاسه الرئيس جورج بوش الاب,,0.007925,low
ecff05c7-2b27-49f1-9bd4-dad79169e387,mediaspeech,../data/mediaspeech_ar/AR/ecff05c7-2b27-49f1-9bd4-dad79169e387.flac,,مجرد بدايه تعاسه الحزم هذا اثنين ثلاثه انه انه تنبات انا من قبل قلت حينما يعني قلصوا من النفقات بمعني ازالوا الانتدابات وتذاكر الطيران للموظفين و والي ذلك قلت,,0.177718,low
e5ba8726-09b9-4bef-b708-0d971a250829,mediaspeech,../data/mediaspeech_ar/AR/e5ba8726-09b9-4bef-b708-0d971a250829.flac,,عديله صالح الي الجزائر ولقائه بالرئيس دعنا نبدا من الداخل الليبي اليوم نتحدث عن افرقاء في الداخل الليبي يتصارعون وهم بحاجه لمساعده,,0.030354,low
1bf77ba9-085e-4e0a-8bcb-ec5f1c9b7452,mediaspeech,../data/mediaspeech_ar/AR/1bf77ba9-085e-4e0a-8bcb-ec5f1c9b7452.flac,,ير الميليشيات التي لا تع لا تعرف خطوات القوات المسلحه وكونها خطوات ثابته ومسؤوله وليست غوغائيه مهدي عطيه يقول اعتقد بانها هزيمه نكراء بعد تدمير كل منظومات الدفاع الج,,0.099082,low
a2715d27-939c-4569-a5c9-0f64d449308e,mediaspeech,../data/mediaspeech_ar/AR/a2715d27-939c-4569-a5c9-0f64d449308e.flac,,هذه الزياره التي كان يعول عليها البعض ربما فيما يتعلق بالملف الليبي تحديدا هل ترين ايه اسباب قد تؤشر الي خلافات بين الطرفين وعدم نضوج الاجواء ر,,0.00114,low
a5e8ff2e-901c-4db2-99d4-615913d37309,mediaspeech,../data/mediaspeech_ar/AR/a5e8ff2e-901c-4db2-99d4-615913d37309.flac,,ول كل الدول العربيه ليست السعوديه فقط كل الدول العربيه المنتجه للنفط خسرت بنفس الخساره نسبيا كما الل اا المملكه انا اقول انه عندما كان سعر ال,,0.054248,low
90c9ab3e-9dd4-4fdb-be89-39d34c44d7ab,mediaspeech,../data/mediaspeech_ar/AR/90c9ab3e-9dd4-4fdb-be89-39d34c44d7ab.flac,,جلبوا مثل هذه الميليشيات و هذه الاطراف الاجنبيه و ادخلوها في م ملفهم الداخلي الليبي و الليبيون وحدهم هم من سوف يقررون اخلاء الساحه الليبيه عن,,0.076856,low
9f70c46e-9d6e-4346-a238-fb3a8f29c7df,mediaspeech,../data/mediaspeech_ar/AR/9f70c46e-9d6e-4346-a238-fb3a8f29c7df.flac,,لكن اردوغان هو حكيم و الذكي او هو يستمر في المناورات ما بين واشنطن و موسكو و في روسيا يفهمون تماما بان تركيا الان معنيه بالتنسيق مع روسيا,,-0.003938,low
417dfa3b-905f-4b2d-9310-10ffcdf21734,mediaspeech,../data/mediaspeech_ar/AR/417dfa3b-905f-4b2d-9310-10ffcdf21734.flac,,تركي الاخواني هناك هناك تخوف اوروبي حقيقي من الاسلام السياسي تخوف فرنسي كبير مما مما يحصل في في ليبيا امريكا لديها مصالح في في هذا الموضوع الاسلام السياسي لم يكن ابدا,,-0.003321,low
012ad41d-6176-4208-ac6c-0eeb7059f3f2,mediaspeech,../data/mediaspeech_ar/AR/012ad41d-6176-4208-ac6c-0eeb7059f3f2.flac,,الخصوم لخصوم الجيش وخصوم مجلس النواب يحاولوا يحاولوا انه يثبتوا للعالم ان هناك فيه مشكله بين الاثنين هي ما فيش مشكله بالعكس القياده مع اتفاق تام مع مجلس النواب,,0.324627,low
19316796-ca4c-4f35-b0c7-bb47eb908d69,mediaspeech,../data/mediaspeech_ar/AR/19316796-ca4c-4f35-b0c7-bb47eb908d69.flac,,اا لا يمكن القول غير ذلك اا هل اتفاق علي المبادئ والعناوين العريضه هل يعني الخروج برؤيه اا واليه موحده جاهزه للتطبيق الان ما الذي يختلف,,0.008512,low
18ea5d48-a68a-4b63-a121-7ff4b0606ea7,mediaspeech,../data/mediaspeech_ar/AR/18ea5d48-a68a-4b63-a121-7ff4b0606ea7.flac,,ولي ولي العهد في المملكه العربيه السعوديه والتي يحدثنا فيها عن الخطه الاستراتيجيه للمملكه العربيه السعوديه عشرين ثلاثين التي اطلقت اليوم سمو الامير كنا قبل الفاصل ك كنت قد و,,-0.00038,low
507dc411-e08f-42de-bebb-e15e9c13b9ad,mediaspeech,../data/mediaspeech_ar/AR/507dc411-e08f-42de-bebb-e15e9c13b9ad.flac,,دول وكانه قضي علي هذه الجائحه في حين ان وفاه عدد كبير من الاطباء كشفت هشاشه النظام الصحي في مصر راقيه ابراهيم تتحدث عن اهمال يتعرض له الاطباء في مصر منذ عقود قائله جائحه,,0.211806,low
863061ae-5cf0-4539-969f-560941f345cd,mediaspeech,../data/mediaspeech_ar/AR/863061ae-5cf0-4539-969f-560941f345cd.flac,,استعملت قبل ثلاثه ايام امام البيت الابيض وهذه سابقه خطيره ولم تحصل في السابق وتم انتقادها وهنالك خلافات دستوريه حول الموضوع طب هي يعني عشان تكون النقطه واضحه يا دكتور سابقه خطيره من من يلام فيها يعني مره اخري,,0.267233,low
3e80a22c-0b7e-4e0e-9ea7-da830409bcd9,mediaspeech,../data/mediaspeech_ar/AR/3e80a22c-0b7e-4e0e-9ea7-da830409bcd9.flac,,في في صنعاء و لدينا اا هناك من يعلن اداره ذاتيه في الجنوب و هناك سلطه في السعوديه و بالتالي السعوديه الان هي ا تقدم بمساعدته ربما تذهب منحتها عن طريق صندوق الملك سلمان,,-0.000675,low
59db1ea8-3c7d-4693-8404-2e41545844bc,mediaspeech,../data/mediaspeech_ar/AR/59db1ea8-3c7d-4693-8404-2e41545844bc.flac,,من حق اي حد ان هو شغال ان هو يحس ان هو متامن وفي نفس الوقت متامن من نفسه ومتامن من الاخرين حتي جوا سكن الاطباء طيب خليني حضرتك يا دكتور كريم لو سمحت مع كامل احترامي لحضرتك اسال سؤال مباشر ل بعدد من الاطباء المشاركين معنا ابداها,,0.632179,mid
90e54de4-499d-46aa-a733-7b281658531f,mediaspeech,../data/mediaspeech_ar/AR/90e54de4-499d-46aa-a733-7b281658531f.flac,,طيب المساكن اشرتم سمو الامير محمد بن سلمان في الرؤيه الاستراتيجيه الي قضايا كثيره مثلا قلتوا انكم حتخفضون معدل البطاله من احدي عشر فاصله سته بالمائه الي سبعه بالمائه هل هذا من خل,,0.34607,mid
7c39efde-c9a4-4f0b-bf1b-2cd84e63d052,mediaspeech,../data/mediaspeech_ar/AR/7c39efde-c9a4-4f0b-bf1b-2cd84e63d052.flac,,باجتماعها اليوم وبالدعوه الي يعني دعم اليمن في هذه المحنه الصعبه انا اعتقد انها خطت خطوه مهمه للامان لانه انت تحتاج من يقود هذه المؤسسات,,0.223789,low
69d620b3-988d-4c4e-aa8e-d1d5192a3897,mediaspeech,../data/mediaspeech_ar/AR/69d620b3-988d-4c4e-aa8e-d1d5192a3897.flac,,الا يتم استثمار هذه الحرب ايضا اولا لخساره مصالحهما الموجوده وثانيا للتغلغل التركي المرفوض والمكروه من قبل اوروبا بشكل عام وايضا التغلغل الروسي المكروه والمرفوض من اوروبا,,-0.004001,low
62639525-8a1d-4a6b-b5ad-90f70c4e4784,mediaspeech,../data/mediaspeech_ar/AR/62639525-8a1d-4a6b-b5ad-90f70c4e4784.flac,,حفتر اعلن من طرف واحد الغاء اتفاق الصخيرات و نصب نفسه حاكما لليبيا في حد ذاته يطرح اسئله عن التحالف بين حفتر و البرلمان بعضه او جله الملتئم منذ الفين و اربعه عشر,,-0.000918,low
641bc71d-166b-4548-ade7-cece15fb7ccb,mediaspeech,../data/mediaspeech_ar/AR/641bc71d-166b-4548-ade7-cece15fb7ccb.flac,,في ليبيا لاول مره يستخدم الطيران المسير بهذه الطريقه لم تكن هناك لو سميناها حرب اهليه لو سميناها صراع علي السلطه لو سميناها خلاف بين القبائل والعشائر وهذا طبعا امر مستبعد ليس,,0.023935,low
c50af11e-af90-4971-807f-d1268ca7db1d,mediaspeech,../data/mediaspeech_ar/AR/c50af11e-af90-4971-807f-d1268ca7db1d.flac,,قيصر او سيزار هو عباره عن امتداد لعقوبات الف و تسعمائه تسعه و سبعين يعني وليست جديدا تداعياته هي ضد محور المقاومه و ليس فقط ضد سوريا يعبر عن ا ان امريكا دوله,,-0.000158,low
04e6a1ac-9864-44af-bbc0-eda345c98c68,mediaspeech,../data/mediaspeech_ar/AR/04e6a1ac-9864-44af-bbc0-eda345c98c68.flac,,ادانه وال وال والالتزام بما قر بما يعني خرج من مقررات الامم المتحده بايقاف تسليح الجماعات الغير النظاميه والجماعات الارهابيه في اليمن وهذا ما تقوم به ايران ضربت بعرض الحائط,,0.20149,low
2bea4fe9-5dd7-40a0-be10-133d260f8c9f,mediaspeech,../data/mediaspeech_ar/AR/2bea4fe9-5dd7-40a0-be10-133d260f8c9f.flac,,اول رئيس بتاريخ نعم امريكا يصف بالضبط الاعلام الرئيسي في هذا في هذ السياق الذي يصنع الملوك بانه عدو الشعب نعم يعني كانه يحرض الشعب ضد الاعلام وضرب قناه سي ان ان واعتدي عليا من يومين في اتلاتنا جورجيا,,0.093464,low
2324c10c-de65-4b84-9e42-c2806d648884,mediaspeech,../data/mediaspeech_ar/AR/2324c10c-de65-4b84-9e42-c2806d648884.flac,,يعني قطعوا يعني شغل انما الشباب اا بعتقد هيدي ممكن ينعمل عليها ويتحول الي شكل مسرحي حلو للعين وخاصه اللي بيحبوا هذا النوع من الاغاني بدكون نرجع نتذكر عبد الله نشوفو يالله يالله نشوف عبدالله,,0.914865,high
5d33831a-80e1-4913-afe8-6991787a3d9a,mediaspeech,../data/mediaspeech_ar/AR/5d33831a-80e1-4913-afe8-6991787a3d9a.flac,,الا انه لم يفعل فبعد الاجتماع احيل الملف الذي ازداد تشابكا الي وزاره الري السودانيه لمزيد من الدراسه والترتيب في بياناتها تقول الخرطوم انها تعمل علي مسوده,,0.004574,low
a15c77ff-2d1c-49ef-84bc-371072758447,mediaspeech,../data/mediaspeech_ar/AR/a15c77ff-2d1c-49ef-84bc-371072758447.flac,,يغير اصلا المنظومه الاجتماعيه و القانونيه في الولايات المتحده ما تاثير ما نتابعه الان علي شاشات امامنا انا اعتقد ان ترامب اا يعني بعد مجاعه كورونا و ضرته هذه تضره اكثر اخر استطلاعات للراي,,0.099645,low
9c7e02f2-4a9b-43ee-a0e5-371bd0b7184a,mediaspeech,../data/mediaspeech_ar/AR/9c7e02f2-4a9b-43ee-a0e5-371bd0b7184a.flac,,وعلي حياتنا كلنا بما فيهم انا الذي ا استخدم صديق لتصوير هذه اللقطات لنري كيف اثر هذا الاغلاق علي عمل داليه وكيف تقوم باعداد التقا,,0.097323,low
514eebbc-9d78-4f3f-bbd9-a3a4f8d7078b,mediaspeech,../data/mediaspeech_ar/AR/514eebbc-9d78-4f3f-bbd9-a3a4f8d7078b.flac,,ك اسالك سؤال ثاني انفذ من خلال الحديث عن ارامكو الي صندوق الاستثمارات العامه الذي سيدير طرح اا ارامكو اكتتاب ارامكو والاستثمار في ارام,,0.139745,low
8930184a-4a6a-41f1-a4cf-27d25e8c84ef,mediaspeech,../data/mediaspeech_ar/AR/8930184a-4a6a-41f1-a4cf-27d25e8c84ef.flac,,دول التحالف و لكن ما راينا العكس يعني بعدها بفتره بسيطه يمكن اقل من خمسه ايام بدا الحوثي باطلاق الصواريخ البالستيه و بدا باطلاق المقذوفات الحل السياسي يعني هو ما يرجوه,,0.068565,low
c6d9dbe6-e83d-460c-a021-b8b1c5a32103,mediaspeech,../data/mediaspeech_ar/AR/c6d9dbe6-e83d-460c-a021-b8b1c5a32103.flac,,مرحله انتقاليه واعده في اليمن بعد الفين و احدي عشر الي الفين و اربعه عشر كانت حتي تعد انها نموذج من نماذج ال ال ال الثورات العربيه كان في مرحله انتقاليه توافق عليها الشعب و عمل,,0.021632,low
491bd081-cd39-4e09-b360-a5fe01ecfa34,mediaspeech,../data/mediaspeech_ar/AR/491bd081-cd39-4e09-b360-a5fe01ecfa34.flac,,الاسر الاكثر تضررا لكن اليوم الاثر لا يقتصر علي هؤلاء الاثر بدا سوف يمتد يعني نحن اليوم عم بنحكي عن شهرين من الازمه لكن اثارا,,0.275235,low
bd4438c7-5177-47f4-8222-d510f75a7649,mediaspeech,../data/mediaspeech_ar/AR/bd4438c7-5177-47f4-8222-d510f75a7649.flac,,كون متفوق فيها وكانت في فرص او مجال للتسجيل ما استغليت فرص التسجيل او الوقت المناسب للتسجيل في كره القدم عاده اما سجلت لا بد انك تستقبل هدف لكن المهم عبد الله اعتقد,,0.037133,low
5532055c-1024-4632-a7da-d9d7aa399eca,mediaspeech,../data/mediaspeech_ar/AR/5532055c-1024-4632-a7da-d9d7aa399eca.flac,,اولا هو التوريد غير وارد لدي الجانب الايراني هي المشكله في التصدير يعني ايران طبعا لا تستورد اسلحه منذ زمن بعيد قبل العقوبات اكتفت ذاتيا في كثير من,,0.005989,low
1c524b93-8e00-412a-aac7-b97b8e43d311,mediaspeech,../data/mediaspeech_ar/AR/1c524b93-8e00-412a-aac7-b97b8e43d311.flac,,مرتاحه بعد كورونا هي حتبين تبين مظبوط المجاعه بعد كورونا لانه وقت الناس تظهر من بيوتها وتبلش تدفع التزاماتا تجاه الدوله بلديه ماليه تليفوناتها ميكانيك عربيتها بس,,0.871283,high
809dcd73-e0f0-45ea-bd9a-1c5f5e6521a1,mediaspeech,../data/mediaspeech_ar/AR/809dcd73-e0f0-45ea-bd9a-1c5f5e6521a1.flac,,الور الرئاسيه وهم كلهم اخواننا في قوات حرس الاقليم وقوات البيشمركه وكان ايضا دورهم ايجابي في خطه فرض القانون طيب اذا ما تحدثنا عن هذا العدد الكبير,,0.213381,low
d1a14745-4015-4847-be48-b5d27dcdd503,mediaspeech,../data/mediaspeech_ar/AR/d1a14745-4015-4847-be48-b5d27dcdd503.flac,,يعني صارت منهاتن خربت كثير فاهم كل تقريبا لو تشوف هاي المحل شايف هاي كله خشب كله منهوب كله منهوب كله يعني هاي المنطقه يعني,,0.98417,high
353e3542-2a45-494c-b29f-29c7260d169b,mediaspeech,../data/mediaspeech_ar/AR/353e3542-2a45-494c-b29f-29c7260d169b.flac,,هذه الفتره ما بين خمسه عشر شباط الي يومنا هذا صحيح تراجع طيب ب بس بس كمان لمراعاه الدقه الازمه ليست فقط ازمه كورونا فيما يتعلق بقطاع النفط الازمه لها علاقه باوبيك بلاس و انخفاض الطلب علي,,0.401091,mid
de158bb9-fd0b-45e7-a522-81794d725b06,mediaspeech,../data/mediaspeech_ar/AR/de158bb9-fd0b-45e7-a522-81794d725b06.flac,,اربعين في الميه من رواتب القطاع الخاص اقتصت الان في السعوديه وثم يقولون اننا في جنه الجنه نعم طيب لماذا سؤال المملكه العربيه السعوديه الصندوق كان فيه ثلاثه تريليون دولار اصبح خلال,,0.127541,low
576d074d-55e3-413b-95ce-80db068041cb,mediaspeech,../data/mediaspeech_ar/AR/576d074d-55e3-413b-95ce-80db068041cb.flac,,ليش اذا ليبيا يجب ان تبقي موحده اما اذا ذهبنا الي غرور العسكر والطمع في السلطه و بالتالي العسكري يبيع التراب الدولي مقابل ان يبقي علي الكرسي الرئاسه فهذا كل شيء وارد بس اح,,0.561744,mid
be7f57ad-52db-4232-af39-34ce3e55fff7,mediaspeech,../data/mediaspeech_ar/AR/be7f57ad-52db-4232-af39-34ce3e55fff7.flac,,وتراجع ال تراجعت حركه السفر والحظر نعم هنا بدات التاثير العام لفيروس كورونا علي اقتصاد العالم كله وليس للنفط ابدا النفط كان في الفتره في هذه,,-0.002882,low
250e4161-e7e4-406e-bced-d835d311f09d,mediaspeech,../data/mediaspeech_ar/AR/250e4161-e7e4-406e-bced-d835d311f09d.flac,,ووو فلماذا تستكبر علينا خمس يعني اربعه فاصل تسعه مليار متر مكعب ان يسجل هذه السنه يعني هو هنا ليس مقبولا انا اقول هذا امر الامر الاخر يعني جزء كبير من من من مياه نهر النيل,,0.129144,low
e98bb084-45cd-4e85-a6c5-9fe562227141,mediaspeech,../data/mediaspeech_ar/AR/e98bb084-45cd-4e85-a6c5-9fe562227141.flac,,من من ضمن ما يخطط للمنطقه باكملها اليوم نحن علي ثقه ونقول بالفم الملان نحن نرفض اي عمل شغب او عي اي اعتداء علي الاملاك الخاصه والعامه ولا ن,,0.020743,low
129ee868-d6b3-486c-9973-b740c5c9a2ca,mediaspeech,../data/mediaspeech_ar/AR/129ee868-d6b3-486c-9973-b740c5c9a2ca.flac,,يعني اعتقد ال ال الامور طيبه لانه يعني في نكو شي ايجابي انو منتخب بدا من لا شيء مستويات كانت سيئه بدا يتطور وهدا التطور نتمني انه انه يستمر في المستقبل يعني هذا ش,,0.652704,mid
161f03c9-4a25-46b1-8071-e68e74e6927c,mediaspeech,../data/mediaspeech_ar/AR/161f03c9-4a25-46b1-8071-e68e74e6927c.flac,,تحديدا ال ال النموذج القطري او التطبيق القطري البعض قال ان التطبيق يطلب مثلا الدخول علي قوائم الصور مثلا في الهاتف اللي هي يفترض ما لهاش اي علاقه برصد مرضي كورونا,,0.086148,low
4afd1b10-a884-4be9-a0e1-042e933d2d39,mediaspeech,../data/mediaspeech_ar/AR/4afd1b10-a884-4be9-a0e1-042e933d2d39.flac,,سلاح وغيرها لحفتر قد فشل واليوم يتراجع حفتر بشكل كبير وبالتالي اليوم المشهد لا يتعلق في في الناتو بشكل موحد او اوروبا موحده حتي هناك خلافات كبيره داخل اوروبا ايطاليا لديها موقف مخالف والداخل,,-0.000308,low
28ba7047-111d-4ffe-aaa6-9448427a4011,mediaspeech,../data/mediaspeech_ar/AR/28ba7047-111d-4ffe-aaa6-9448427a4011.flac,,من قدم ووافق علي الهدنه نحن في عشرين واحد وفي تسعتعش واحد عندما كانت اتفاق برلين نحن نحن من عرض الهدنه ونحن من عرض الهدنه في شهر رمضان,,0.02764,low
acdf9022-e615-4f2b-b1d7-10f2a70b1ad1,mediaspeech,../data/mediaspeech_ar/AR/acdf9022-e615-4f2b-b1d7-10f2a70b1ad1.flac,,حكومه لابعد من اللازم يعني تقول اننا نستعمل تلك تدابير بطريقه استثنائيه لمحاربه ظاهره معينه لكن مع مرور الوقت يظهر ان تلك الاجراءات ا يعني تت تتواصل يتواصل استعمالها حتي,,0.023764,low
b8ef58f2-cce4-4dd0-9ba6-60da58c8c361,mediaspeech,../data/mediaspeech_ar/AR/b8ef58f2-cce4-4dd0-9ba6-60da58c8c361.flac,,و تعتبر امتداد لمدينه لمحافظه القاهره ايه هي المبررات اولا اولا يا فندم عشان برضو قبل ما اقول المبررات اللي اتقالت لنا ال ال المدن الجديده كلها سواء الشروق و لا هو بيلبس الجديده ولا مدينه,,0.817494,high
cccb244a-5cab-44de-af56-b19abb0501cf,mediaspeech,../data/mediaspeech_ar/AR/cccb244a-5cab-44de-af56-b19abb0501cf.flac,,لبنان كله اليوم الوضع الاقتصادي والوضع النقدي والوضع المالي هو يدفع اا ثمن خيارات صعبه اتخذها فريق من اللبنانيين واعني بالدرجه الاولي حزب الله الذي كانت له خيارات خارج,,0.009387,low
12f9af0b-c35b-4848-a9ff-47c47bffdbbd,mediaspeech,../data/mediaspeech_ar/AR/12f9af0b-c35b-4848-a9ff-47c47bffdbbd.flac,,هذا و محامي متخصص في حقوق الانسان اهلا و سهلا بكم اري بعض المشاهدين علي الهشتاغ علي المستوي الشخصي اكيد عانيت كتير من العنصريه سواء لفظي سواء بالنظرات,,0.214237,low
a7d0bf91-80df-4a1b-a276-c978dc9ad00d,mediaspeech,../data/mediaspeech_ar/AR/a7d0bf91-80df-4a1b-a276-c978dc9ad00d.flac,,التحول الوطني وليس الخطه الخطه اعرفها حرفا حرفا اختي الفاضله العموم انا لا اود ان اااقش معك لكن في كل الاحوال الرؤيه عشرين ثلاثين رؤيه سليمه,,0.008768,low
76626aca-df0e-45b2-bdd7-d3632b64fb3a,mediaspeech,../data/mediaspeech_ar/AR/76626aca-df0e-45b2-bdd7-d3632b64fb3a.flac,,عمل بنجاح لانها كانت تعمل في اطار نظام متكامل للحمايه الجويه والدفاع الجوي فان حسابات هذه المنظومات كانت مدربه شكرا لك سيد مره اخري اشرنا الي ان تكون هناك,,0.003594,low
f84457d0-1698-4643-a337-66f34fd705d4,mediaspeech,../data/mediaspeech_ar/AR/f84457d0-1698-4643-a337-66f34fd705d4.flac,,والامم المتحده و غوتيريش اراد ان تنفذ اتفاقيه الرياض خوفا من تقسيم اليمن هل نحن ذاهبون الي سيناريو التقسيم لا محال المجلس الجنوبي لا يمثل كل الجنوبيين وكانت,,0.017845,low
4ee77892-dae6-4567-ae99-854c6c40408f,mediaspeech,../data/mediaspeech_ar/AR/4ee77892-dae6-4567-ae99-854c6c40408f.flac,,الحريات فيها اكبر بكثير ولم يعترض احد هذا التطبيق تم فرضه بشكل تدريجي حتي عندما اقتضت اليه الحاجه ومع ازدياد الارقام كثيرا,,0.004458,low
ea7b2168-f15f-4d0c-bcf2-e56b759d17de,mediaspeech,../data/mediaspeech_ar/AR/ea7b2168-f15f-4d0c-bcf2-e56b759d17de.flac,,ضعفي ما بعته قطر في اوروبا في الاسواق الاوروبيه يعني هل هذا مؤشر مهم يعني هل يمكن اعتماد عليه لوضع حسابات مستقبليه لان الوكاله في تقريرها توقعت انه,,0.061493,low
4bfd2503-600c-4f9f-9a83-eecc9f94f6e7,mediaspeech,../data/mediaspeech_ar/AR/4bfd2503-600c-4f9f-9a83-eecc9f94f6e7.flac,,االافلام اللي تمحور تحول دور الام اللي تميزت في هوليود ينضم الينا في الاستوديو كالعاده المتخصص في النقد السينمائي زميلنا خالد مجذوب صباح الخير يا خالد صباح الخير يا خالد صباح الخير ساره اكيد حلو الموضوع موضوع الام,,0.298903,low
c34e1bec-a83a-4ec4-9df5-542c71e08057,mediaspeech,../data/mediaspeech_ar/AR/c34e1bec-a83a-4ec4-9df5-542c71e08057.flac,,عدن لم يكن رضا منا او لم يكن مساله اختياريه هناك مساله واضحه في مساله تمرد المجلس الانتقالي في اغسطس والذي الان طوينا هذه الصفحه باتفاق الرياض في نوفمبر,,0.000702,low
d2f89c99-b793-4ecd-87cb-6c6f0d5ab351,mediaspeech,../data/mediaspeech_ar/AR/d2f89c99-b793-4ecd-87cb-6c6f0d5ab351.flac,,هذا الحراك اليوم ما نشهده واعود لاكرر ما حدث في عين الرماني وما حدث في الجي يوم السبت الماضي كان يهدد ينذر بفتنه وبتهديد السلم الاهلي وكانت حركه امل من اوائل الذين اصدروا,,0.159012,low
e72cf418-4b63-4176-b38b-659900ffb63d,mediaspeech,../data/mediaspeech_ar/AR/e72cf418-4b63-4176-b38b-659900ffb63d.flac,,اا المعالجين في المستشفيات العسكريه جيش شرطه وبين التعامل من جانب وزاره الصحه مع الاطباء الان اا حاليا انا بره مصر فما ائدرش احكم الصراحه لكن في سابقا طبعا كان في,,0.630394,mid
fb2bcc56-068c-4c43-a956-71b360c961bc,mediaspeech,../data/mediaspeech_ar/AR/fb2bcc56-068c-4c43-a956-71b360c961bc.flac,,اليوم اا قانون قيصر له ابعاد سياسيه بنتائج اقتصاديه اا ابعاده السياسيه ترتبط بمحاصره سوريا خانق لبنان عزل العراق واستسلام الاردن لها,,0.00625,low
2cb7e74c-6278-4944-b7ad-677b966bab39,mediaspeech,../data/mediaspeech_ar/AR/2cb7e74c-6278-4944-b7ad-677b966bab39.flac,,لمناقشه هذا الموضوع معنا من بغداد الاخ الاخصائيه الاقليميه للاستجابه للازمات في المنطقه العربيه في منظمه العمل الدوليه دكتور مها قطاع اهلا بك معنا عبر سكاي نيوزعربيه,,-0.001902,low
a98ad76d-479a-4f01-8eec-b6aca4f9acd3,mediaspeech,../data/mediaspeech_ar/AR/a98ad76d-479a-4f01-8eec-b6aca4f9acd3.flac,,النزول الي الفقر والفقر المدقع هاي اجراءات فوريه طبعا معظم الدول والحكومات في الدول العربيه حاولت انه تعمل بعض الصناديق اللي تامن,,0.352463,mid
9e10c81e-b2fe-44be-bc56-f5c7f420ff82,mediaspeech,../data/mediaspeech_ar/AR/9e10c81e-b2fe-44be-bc56-f5c7f420ff82.flac,,اللاعب في التقدم و كره الجزاء صحيحه بالاهمال لكن للاسف الحكم لم يعلن عنها حتي تقنيه الفيديو لم يكن لها حضور علي هذه الحاله كانت تستوجب قرارا واحدا او اكثر من قرار اي بمعني هل كانت تستحق بطاقه انذار,,0.021349,low
bca92ed3-8607-4733-ba29-5e5e4a17bcf7,mediaspeech,../data/mediaspeech_ar/AR/bca92ed3-8607-4733-ba29-5e5e4a17bcf7.flac,,بقدر ما هو اعاده هيكله العديد من الجراءات مما سوف تجعل فساد اصعب سمو الامير شكرا لك علي هذا الوقت الله يطول عمرك شكرا لكم ايها الاخوه والاخوات علي متابعه هذه,,0.169614,low
ba1fcd8f-a748-4827-bc4d-ba740254c32c,mediaspeech,../data/mediaspeech_ar/AR/ba1fcd8f-a748-4827-bc4d-ba740254c32c.flac,,قع اتهامهم بالخيانه عليكم انتم وكيف تشعرون لو بالفعل اختفت الاطقم الطبيه وسائل الاتصال كالمعتاد الاتصال الهاتفي علي رقم صفر اربعه اربعه اثنين صفر ثلاثه واحد سته اثنين صفر صفر اثنين اثنين,,0.170799,low
bb44e238-8981-4f35-a285-b55dfdc89979,mediaspeech,../data/mediaspeech_ar/AR/bb44e238-8981-4f35-a285-b55dfdc89979.flac,,ويتوغل المكان الذي كان ينبطح في جورج فلويد والشرطي والشرطي كان مجالسا صوته طبعا المكان تقيد تماما هنالك اعداد كثيره من البرود واللوحات,,0.034061,low
5eb0fd89-986e-46dd-867b-d708b508a446,mediaspeech,../data/mediaspeech_ar/AR/5eb0fd89-986e-46dd-867b-d708b508a446.flac,,جاء فاه معناته انه دائما المباريات النهائيه الشق الدفاعيه اهم من الشق الهجومي لا بد انك انت تكون اقل اخطاء هذا اللي قلناه يمكن صحيح انت قلت نادي بدون تنظيم دفاعي قوي وممنوع فيه الخطا وممنوع,,0.306442,low
d44fe47b-2aa6-472f-8d5d-83d6cc6e2617,mediaspeech,../data/mediaspeech_ar/AR/d44fe47b-2aa6-472f-8d5d-83d6cc6e2617.flac,,جديد يهدف الي المحافظه علي الممتلكات التربويه وضم في مرحلته التجريبيه اربعه وثمانين مدرسه وتم تزويده بمئه مدرسه اخري العام الجاري بتكلفه مبدئيه تبلغ خمسه وثلاثين مليون درهم,,0.016421,low
8d37dde6-f1ab-48d8-af83-aecc4839dba1,mediaspeech,../data/mediaspeech_ar/AR/8d37dde6-f1ab-48d8-af83-aecc4839dba1.flac,,كانت كبيره ولعل من بين هؤلاء الاطباء الاجانب اللاجئين السوريين في فرنسا خاصه مع تجربتهم في الحرب السوريه وتعودهم علي العمل في الظروف الصعبه,,0.011117,low
5b70ed71-9d92-4994-80e8-3fd50881efc6,mediaspeech,../data/mediaspeech_ar/AR/5b70ed71-9d92-4994-80e8-3fd50881efc6.flac,,حلفاء امريكا ثم الان تصرفات ترامب في داخل امريكا حول جائحه كورونا و حول انسحابها من منظمه الصحه العالميه و حول ادارته السيئه و المتخبطه و التي تزيد النار حطبا في اداره,,0.053361,low
bc81cbd8-c679-45e2-939a-acdb18339cbd,mediaspeech,../data/mediaspeech_ar/AR/bc81cbd8-c679-45e2-939a-acdb18339cbd.flac,,استثنائي يمر به لبنان لابد ان يشعر المواطن ان هذه السلطه حينما تتحدث عن الفساد تحمل ملفا ما وتقول هذا الملف هو ملف فساد حينما تتحدث عن الهدر تحمل ملفا اخرا,,-0.005939,low
83f82dff-3883-4890-9008-a91452fcb48c,mediaspeech,../data/mediaspeech_ar/AR/83f82dff-3883-4890-9008-a91452fcb48c.flac,,طيب سنعود ل ل لنسال عن هذه المواقف مصر دور محوري هذه الدول دكتور نزار بعد قليل انه الدول التي كما اشرنا في البدايه التي دعمت هذه المبادره دول اساسيه سواء في الاقليم او حول العالم ولكن,,0.102969,low
2f1be655-04d5-45bd-a89c-79ddbb4a0acf,mediaspeech,../data/mediaspeech_ar/AR/2f1be655-04d5-45bd-a89c-79ddbb4a0acf.flac,,هنالك مناطق الجليد فيها بدا يذوب وهنالك مناطق فيضانات وهنالك مناطق جفاف وهنالك ازمات كلها اسبابها من مناخ مناخيه,,0.045451,low
6149ed1e-dd2c-4306-a394-2355083efeba,mediaspeech,../data/mediaspeech_ar/AR/6149ed1e-dd2c-4306-a394-2355083efeba.flac,,ارهاب والتدمير لكل شيء خاصه بالمناطق المحرره في البدايه كان البعض منهم البعض كان يرحب بهذا التنظيم ارهابي بعد سقوط الموصل للمحافظات عديده لكن,,-0.005122,low
016dc0c6-3275-4688-8775-8bafc98479a6,mediaspeech,../data/mediaspeech_ar/AR/016dc0c6-3275-4688-8775-8bafc98479a6.flac,,مربط الفرس يعني انا شايف الحديث حاليا كله بيتكلم عن المساحات والكمامات والاجراءات الوقائيه احنا للاسف الوزاره وحتي احنا كمجتمع لغايه دلوقتي بنتكلم علي اجراءات وقائيه,,0.902734,high
53c3d9e1-ba3d-48b4-8ff2-120122a0a525,mediaspeech,../data/mediaspeech_ar/AR/53c3d9e1-ba3d-48b4-8ff2-120122a0a525.flac,,لديهم مشكله في انا انا دعني اكون صريحا يعني الشخصيات السياسيه ان كان في ايران او في فنزويلا ليس لديهم اي مشكله في العقوبات هم يعيشون حياتهم جيدا هم لديهم اموالهم لد,,0.006854,low
6bf6108f-a083-4033-bef9-bfe77c5f2bce,mediaspeech,../data/mediaspeech_ar/AR/6bf6108f-a083-4033-bef9-bfe77c5f2bce.flac,,دم ووجود الجماعات الارهابيه اللي مصنفه في حسب في قرارات مجلس الامن مثل مجلس شوري مجاهدي درنه ولا مجلس شوري ثوار بنغازي او جبهه النصره وهيئه تحرير الشام,,0.362855,mid
2c42c247-0b70-4cef-b535-43a96f19d75b,mediaspeech,../data/mediaspeech_ar/AR/2c42c247-0b70-4cef-b535-43a96f19d75b.flac,,ومتابعه هيدي الشتول حتي انتاجها وبيعها بالاسواق اللبنانيه وقد يتنصل الي تصديرها الي الخارج ولكن احنا سابقا كنا نستوردها وايضا بهذا المجال يعني نحن من خلال خطه,,0.399186,mid
ea50a914-35d8-4c85-84cb-e09152fe1d54,mediaspeech,../data/mediaspeech_ar/AR/ea50a914-35d8-4c85-84cb-e09152fe1d54.flac,,تحولا عما نقلته وكاله رويترز عن مسؤول كبير في الاداره الامريكيه بان واشنطن ستتخذ اجراءات للرد علي تحدي طهران للحظر الامريكي ونقل,,-0.004834,low
29e46bf3-e295-4cad-869f-3426bf3bfeee,mediaspeech,../data/mediaspeech_ar/AR/29e46bf3-e295-4cad-869f-3426bf3bfeee.flac,,كالعاده ادعوكم مشاهدينا ومتابعينا الي المشاركه معنا في حوار الليله من خلال صفحتين علي تويتر وايضا الموقع علي الانترنت سؤال كما يظهر علي الشاشه برايك ما الدافع لتشديد واشنطن عقوباته علي ايران,,0.008386,low
6f706b6c-ce12-447e-9861-bd4e5cc485cb,mediaspeech,../data/mediaspeech_ar/AR/6f706b6c-ce12-447e-9861-bd4e5cc485cb.flac,,سبب سبب يعني توقف اثيوبيا عن التوقيع الطرف الامريكي والبنك الدولي مراقبان وليس من حقهم ان يكون يعني لهما دور في صياغه,,0.004195,low
49d109c3-15e0-4eb7-ae9f-c734d0a8b913,mediaspeech,../data/mediaspeech_ar/AR/49d109c3-15e0-4eb7-ae9f-c734d0a8b913.flac,,فرنسي يقول بانها تعتبر جميع المراسلات البريديه والبرقيه والمخاطبات الهاتفيه وغيرها من وسائل الاتصال سريه لا تخضع للمراقبه او الاطلاع او التوقيف او المصادره الا بامر قضائي وفق احكام القانون,,-0.004868,low
6a8877a7-963b-452a-839c-a95170567019,mediaspeech,../data/mediaspeech_ar/AR/6a8877a7-963b-452a-839c-a95170567019.flac,,كل الاعلانات او الكلام اللي قالوا الرئيس وغيره من الاوفيشيل زعلت الناس اكتر وطلعت المظاهرات اكتر فيعني ما في حاجه هم عملوها ولا حتي,,0.958367,high
37839037-7a35-49b0-b7f0-28864470fd9c,mediaspeech,../data/mediaspeech_ar/AR/37839037-7a35-49b0-b7f0-28864470fd9c.flac,,مارك اسبر فترامب يركز علي الاستقرار علي الامن لكنه لا يتجاهل الحاله الاجتماعيه والمشهد الطائفي في امريكا وايضا العوامل التي ادت الي مص,,0.005683,low
55b0d05e-a18b-4607-a535-fd271bdb6381,mediaspeech,../data/mediaspeech_ar/AR/55b0d05e-a18b-4607-a535-fd271bdb6381.flac,,جمهوريون بعد اشهر تحديدا في الثالث من نوفمبر المقبل هل تكون منصات التواصل الاجتماعي وحريه التعبير فيها ضحيه لهذا التجاذب بين الجمهوريين,,6.2e-05,low
f3f21831-deb0-4391-852d-e37169aa5848,mediaspeech,../data/mediaspeech_ar/AR/f3f21831-deb0-4391-852d-e37169aa5848.flac,,وبالتالي كان البديل ما حصل الان نود ان نجد توصيفا دقيقا لما حصل الان هذا ما اود ان اسال عنه السيد ايهاب يعني في ظل التوتر الذي شهدته مياه الخليج مؤخرا اا حد توجيه البحريه,,-0.002885,low
cba5c6e3-f459-421c-97aa-b9f21eff8f67,mediaspeech,../data/mediaspeech_ar/AR/cba5c6e3-f459-421c-97aa-b9f21eff8f67.flac,,كالوقت الرئيس الفرنسي من يعني قال ان الحلف في حاله موت سريري اذا هناك خلاف ضمن يعني ضمن حلف حلف الناتو في فيما يخص نتذكر فما حصل في سوريا وكيف,,-0.0011,low
48eeb1f7-21ac-4e49-a07f-56800c1e1f27,mediaspeech,../data/mediaspeech_ar/AR/48eeb1f7-21ac-4e49-a07f-56800c1e1f27.flac,,وتفعيله بشكل جيد وايضا تقاطع المعلومه الاستخباراتيه شوفوا اليوم عندنا عده اجهزه استخباراتيه لدينا جهاز المخابرات الوطني العراقي لدينا ايضا جهاز الاخر جهاز امني استخباراتي هو جهاز مكافحه الارهاب سوف,,0.176946,low
17df86b2-bbb7-43f1-b5e7-28138fe8e7e6,mediaspeech,../data/mediaspeech_ar/AR/17df86b2-bbb7-43f1-b5e7-28138fe8e7e6.flac,,اا ان تقدموا للشعب السعودي في موضوع الترفيه لما نتكلم عن الترفيه ومستوي معيشه مستوي الدخل السعودي مو هو من اسوا دول العالم من افضل دول العالم لكن لكن وين المشكله عنده,,0.63179,mid
613993a3-f51d-4efb-ad12-96d786ee272d,mediaspeech,../data/mediaspeech_ar/AR/613993a3-f51d-4efb-ad12-96d786ee272d.flac,,كما نقول هنا ان موضوع الانبعاثات مش موضوع فني موضوع قرار سياسي نحن نتذكر ان الرئيس ترامب رئيس الجمهوريه الامريكيه في حملتو ال,,0.246378,low
e6c229c5-bff1-4461-854b-196f4963a96e,mediaspeech,../data/mediaspeech_ar/AR/e6c229c5-bff1-4461-854b-196f4963a96e.flac,,ؤت الوادي واقول لك انه اشكال المقاومه التي لا تبث اعلاميا مستوي المقاومه اللي يقاومها شعبنا في تلك المحافظات لا تبث بحكم الحصار الع,,0.287276,low
a7c4d412-f92a-4d65-8592-26c5cb318b99,mediaspeech,../data/mediaspeech_ar/AR/a7c4d412-f92a-4d65-8592-26c5cb318b99.flac,,الحالات الحرجه هذا بحكم طبعا ما شاهدوه وايضا طبيعه عملهم في السابق قبل ان يلجاوا الي فرنسا في سوريا والحرب التي عاشوها هناك اا بالفعل هؤلاء الاطباء,,0.061428,low
4d49c59b-2a63-4b91-98f2-3908178a7a9f,mediaspeech,../data/mediaspeech_ar/AR/4d49c59b-2a63-4b91-98f2-3908178a7a9f.flac,,فكره ان هم شايفين غير مخالف للقوانين وبالتالي تهديد لنا سياسيه كبيرهاحنا كلنا النهارده شغالين عند المواطن وعشان رضا المواطن اشكرك جدا سياده النائب طلعت خليل عضو لجنه الخطه والموازنه بمجلس النواب شكرا جزيلا يا فندم,,0.779845,high
f423b763-4b95-4ef2-94b1-0896b5de87c7,mediaspeech,../data/mediaspeech_ar/AR/f423b763-4b95-4ef2-94b1-0896b5de87c7.flac,,باتوقع ان هذا الوقت ان احنا نعمل فيها و تكون هي فعل و ليس قول فلا تطبيق للشعارات و الخطابات الرنانه المنادي بها في بلاد اثبتت انها تتخذ من صوره التسامح و الديمقراطيه غطاء,,0.184945,low
b4294e1c-cfff-4e81-a0f7-2532170089f0,mediaspeech,../data/mediaspeech_ar/AR/b4294e1c-cfff-4e81-a0f7-2532170089f0.flac,,يرضي اعطينا شهداء من الاعلام حقيقه اعطينا شهداء وقسم اخر انجرح من الاعلام اا هذا الموضوع اا يحل ان شاء الله احنا في اتصال يعني حقيقه اتصلت ويا السيد قائد عمليات بغداد,,0.438753,mid
3d5d0e20-0e09-41bf-a4fd-eb409689b868,mediaspeech,../data/mediaspeech_ar/AR/3d5d0e20-0e09-41bf-a4fd-eb409689b868.flac,,للجمهوريين لما اقدم عليه تويتر هل يمكن القول اننا امام فصل جديد من معركه انتخابيه بين الجمهوريين والديمقراطيين هذه المره علي منصه تويتر,,0.02043,low
6b97b9e9-117f-46b5-9be6-1cf645945032,mediaspeech,../data/mediaspeech_ar/AR/6b97b9e9-117f-46b5-9be6-1cf645945032.flac,,يقدم مبادرات و تعزز المبادره التي قدمها عقيله صالح و ان يكون هناك اطروحات سياسيه لصالح ليبيا شكرا جزيلا لمستشار مركز الاهرام للدراسات عمرو الشوبك علي المشاركه من القاهره,,-0.004144,low
88209554-8378-40fe-826a-b8e7d1b2e3b7,mediaspeech,../data/mediaspeech_ar/AR/88209554-8378-40fe-826a-b8e7d1b2e3b7.flac,,ايران نعم وفي النهايه ايران اوصلت النفط الي سوريا وعادت سفينتها سالمه الي ايران نعم ثم تم اطلاق سراح السفينه البريطانيه العقوبات الامريكيه,,0.003186,low
4cb6822f-72b0-4651-a807-2d49a194a929,mediaspeech,../data/mediaspeech_ar/AR/4cb6822f-72b0-4651-a807-2d49a194a929.flac,,المياه النقطه الثالثه ليست هناك اي مياه تصل الي البحر المتوسط لانه مصر الدوله الوحيده في العالم التي تعيد استخدام المياه اربع مرات اربع مرات لانه,,0.002997,low
fff189d2-ca6e-49e0-9f3b-72621aec507d,mediaspeech,../data/mediaspeech_ar/AR/fff189d2-ca6e-49e0-9f3b-72621aec507d.flac,,تفاوضيه هل هذه وارده من وجهه نظركم باختصار هذا اولا هذا القرار شعبي مش قرار رسمي مش قرار حكومي ولا قرار مجلس النواب ولا قرار الجيش هذا القرار الشعب الليبي شعب,,0.251671,low
d4a66a94-6289-4df4-bd62-286ac2f92f05,mediaspeech,../data/mediaspeech_ar/AR/d4a66a94-6289-4df4-bd62-286ac2f92f05.flac,,يا فندم هو ليه الحق في حياه كريمه ليه هو واسرته تمام حضرتك تتحدث طبعا عن الاطباء في وزاره الصحه وفي المستشفيات العموميه لانه كمان هناك انتقادات موجهه للاطباء الذين لديهم,,0.689828,high
9e95f0ae-1e4b-44bd-aec1-7fa2ec0064c0,mediaspeech,../data/mediaspeech_ar/AR/9e95f0ae-1e4b-44bd-aec1-7fa2ec0064c0.flac,,ينضم الينا مقدم برنامج ايش االلي السعودي بدر صالح وهو اسم البرنامج طبعا اللي يقدمه صباح الخير بدر بدايه بدنا نتعرف علي الاسم انه ايش اللي ليش اخترته هذه التسميه مع انه يعني واضح انه,,0.79953,high
ade67c58-5c63-4e7d-8620-1db7264f5856,mediaspeech,../data/mediaspeech_ar/AR/ade67c58-5c63-4e7d-8620-1db7264f5856.flac,,الي الاستاذ يوسف الزميل العزيز والك استاذ محمد ولكل المشاهدين طبعا ما يشهده لبنان اليوم من حالات احتجاجيه في الشارع او من تدهور في,,0.012436,low
33d47323-dd45-493a-8da6-3611dcb616ea,mediaspeech,../data/mediaspeech_ar/AR/33d47323-dd45-493a-8da6-3611dcb616ea.flac,,الصحافه العربيه نبداها مع صحيفه اليوم وعنوان تشغيل القطار المزدوج خلال سته وخمسين يوما حيث اكد المتحدث باسم المؤسسه العامه للخطوط الحديديه بان الخط المزدوج لقطار,,-0.003967,low
57d13094-349d-4ee4-929b-646e87bb1c55,mediaspeech,../data/mediaspeech_ar/AR/57d13094-349d-4ee4-929b-646e87bb1c55.flac,,العبدلي المحامي و الناشط السياسي مدير مركز الجزيره العربيه لتعزيز الحريات شكرا جزيلا لحضرتك قبل ان اتحول مره اخري الي مشاركات حضراتكم الهاتفيه لنسال عن العماله الوافده و عن التاثر في حياتكم انتم بهذه الاجراءات,,0.000732,low
134e12a4-56f2-49bb-91a7-290c69913d03,mediaspeech,../data/mediaspeech_ar/AR/134e12a4-56f2-49bb-91a7-290c69913d03.flac,,او اا منخفض لو عاد النفط واستقرت اسعاره فوق السبعين دولار مالها العلاقه كيف حتتاثر الرؤيه ما لها علاقه ما تعتبر الرؤيه بشكل عام اذا ارتفع نفط بلا شك انه سوف,,0.353274,mid
2c1dbf58-d1c1-447f-a1e9-39f456ddcca7,mediaspeech,../data/mediaspeech_ar/AR/2c1dbf58-d1c1-447f-a1e9-39f456ddcca7.flac,,علامات الاستفهام حول فعاليه السلاح الروسي فهل يتم اتباع الطريقه الصحيحه لاستخدام بانسر في ليبيا في القتال بدليل انه تم اسقاط العشرات من,,-0.002386,low
cc0bb96d-83b1-4905-8616-b27d55c06c72,mediaspeech,../data/mediaspeech_ar/AR/cc0bb96d-83b1-4905-8616-b27d55c06c72.flac,,محتاجهم المواطنين محتاجينهم لو واحد ورا التاني هيصاب ويعزل حتي مشيجرالو حاجه مجرد ان هيعزل يبقي هيخرج من الميدان لا احنا عايزينهم كلهم في الميدان وكلهم يبقوا سيت فور اا فورم,,0.894402,high
4b62284f-bdda-4341-9649-98be04761294,mediaspeech,../data/mediaspeech_ar/AR/4b62284f-bdda-4341-9649-98be04761294.flac,,بين فلتحل هذه المساله ولا تلقي بهذه المشاكل مشاكل التزييف علي تويتر او فيسبوك او غيرها اما وبعد وطبعا سيقوم هناك من يقوم باستعمال وسائل التواصل,,0.006285,low
3e927965-df30-40d5-97b0-5324807c52e8,mediaspeech,../data/mediaspeech_ar/AR/3e927965-df30-40d5-97b0-5324807c52e8.flac,,يعني تم استقدامهما و الدفع لهما و استئجارهما هناك من اجل هذه الحرب القذره و بالتالي هناك حاجه ملحه الان لتبني هذا ال ال الهدنه هذا الهدنه الضروريه طيب,,0.117271,low
2a4cd1ca-e634-4b80-8471-e453f9901d64,mediaspeech,../data/mediaspeech_ar/AR/2a4cd1ca-e634-4b80-8471-e453f9901d64.flac,,اقتصادي زياد ناصر الدين ومن باريس الباحث في الفلسفه السياسيه الدكتور رامي الخليفه العلي مرحبا بكم جميعا ضيوفي الاكارم ابدا معك اا دكتور حيان ما الذي ادي الي ما الت اليه الاوضاع اليوم,,0.044768,low
8895cb5a-391f-4a8c-b43a-ee06fa6a0ab5,mediaspeech,../data/mediaspeech_ar/AR/8895cb5a-391f-4a8c-b43a-ee06fa6a0ab5.flac,,فتيل الازمه اكثر و اكثر ابو يوسف مثلا يقول الاجابه فيما تتعرض له الشعوب العربيه من بطش و تنكيل من قبل الاجهزه الامنيه لان جميع هذه الاجهزه,,0.017531,low
dfe46f4b-3054-4244-80ff-11fdd9c6cbc5,mediaspeech,../data/mediaspeech_ar/AR/dfe46f4b-3054-4244-80ff-11fdd9c6cbc5.flac,,نالت حكومته ثقه البرلمان اللبناني اا ولا نري منه الافعال كما كال قال الدكتور طلال بل يعني نري الاقوال اكثر من الافعال هو دائما ما عندما يسال عن الانجازات ال,,-0.001267,low
e6739369-ed45-408a-a708-ff1c4a68d79d,mediaspeech,../data/mediaspeech_ar/AR/e6739369-ed45-408a-a708-ff1c4a68d79d.flac,,الحصانات الزراعيه وفي الصناعات الغذائيه وفي الملابس وفي المفروشات وفي السلع الهندسيه يعني مجموعه من المجالس اللي هي بتمثل الصادرات المصريه بمشاكلها بحلول,,0.157505,low
fb433f73-8a8c-4171-b8ae-adacdcc10956,mediaspeech,../data/mediaspeech_ar/AR/fb433f73-8a8c-4171-b8ae-adacdcc10956.flac,,حتي البلد ومصلحه الشعب اللبناني ان تنجح الحكومه اا وان تحقق انجازات التي وعد بها اا الرئيس حسان دياب وان تنفذ ال البرنامج الذي قدمته البيان الوزاري الذي,,0.025665,low
447a30c1-5cd8-4f99-8d54-75531400848d,mediaspeech,../data/mediaspeech_ar/AR/447a30c1-5cd8-4f99-8d54-75531400848d.flac,,المتضرره من الازمه للمساهمه في سداد رواتب العاملين تزداد اذا اعداد المتعطلين عن العمل يوما بعد اخر لترتفع معها معدلات البطاله بسبب وباء كورونا بعد ان عصف هذا,,-0.003065,low
8187cf16-f811-4bab-8c8f-845cabb31b55,mediaspeech,../data/mediaspeech_ar/AR/8187cf16-f811-4bab-8c8f-845cabb31b55.flac,,نعم وتمنعنا من اشكرك استثمارنا في بلادنا نعم من خلال الشركات ومن خلال البني التحتيه ومن خلال المساهمه في توريد الاموال والسيطره علي الاموال المنهوبه نعم شكرا لكما ضيفي لم يتبقي الا نذكر مشاهدينا,,0.002243,low
96c86005-3f14-4c39-9413-c36311e8848f,mediaspeech,../data/mediaspeech_ar/AR/96c86005-3f14-4c39-9413-c36311e8848f.flac,,السعوديه دائما حقيقه يعني و هذا ما افعله الان يا استاذ محمد يعني انا الزملاء يتحدثون لي عن صعوبه الاستماع لخط حضرتك بسبب وجود صوت معدني فيه بس انا اردت ان استمع الي وجهه النظر الاخري هذا تحد,,0.177024,low
2531962f-af23-48ba-9941-d08b609f14f2,mediaspeech,../data/mediaspeech_ar/AR/2531962f-af23-48ba-9941-d08b609f14f2.flac,,تاح لكن اتوقع انا كان دخول هتان كان ممكن يعطيك فعاليه اكثر خاصه في ظل التكتل اكثر من كنو لانه هو في الاخير انت مستحوذ علي علي اللعب اعتقد حتي خروج عاا عبدالله عطيف,,0.316098,low
5834c743-dcca-459f-88a4-4fc278124257,mediaspeech,../data/mediaspeech_ar/AR/5834c743-dcca-459f-88a4-4fc278124257.flac,,لم ينتخب لهذا السبب بعدين هو يحيط نفسه بالمرؤوسين والمستشارين والوزراء الذين يطبلون له يذكرني بايام صدام حسين عندكم في العراق يعني لازم يعني,,0.274171,low
cb9b47b5-ca75-441a-bb47-7051ed8b8368,mediaspeech,../data/mediaspeech_ar/AR/cb9b47b5-ca75-441a-bb47-7051ed8b8368.flac,,اجور مرعب في رقم هايل جدا في الاجور بيشيله ويشيل بعد الصيانات وبعض الامور الخاصه بالمصروفات الاخري والباقي يوديه للهيئه العامه للطرق والكباري اللي هي بتمول به نفسها,,0.474557,mid
f06df10b-6311-4e93-9b1b-80814b695f71,mediaspeech,../data/mediaspeech_ar/AR/f06df10b-6311-4e93-9b1b-80814b695f71.flac,,الي الي اي جهه انتمت المطلوب من الحكومه ان تتخذ كل الاجراءات الرادعه لانها عمل مستنكر ومدان ومستهجن بكل الاساليب وبكل اللغات لا يمكن ان تغطي اي جهه لكن يهمنا ان نعرف من هذه الجهات هل هي اطراف سياسيه معينه محدده معلومه,,0.02576,low
c6c1a8bc-605a-4135-9e47-e629ae6b016e,mediaspeech,../data/mediaspeech_ar/AR/c6c1a8bc-605a-4135-9e47-e629ae6b016e.flac,,الصفات التقنيه والتكتيكيه الاساسيه لي هذا النظام المدفعي الصاروخي للدفاع الجوي فنحن يجب ان نلسم نرسم استنتاج حول ان هذا نظام فعال جدا في مجال,,-0.005261,low
ba1c0b2d-3c3b-4ccc-8379-8b9b87f35b1c,mediaspeech,../data/mediaspeech_ar/AR/ba1c0b2d-3c3b-4ccc-8379-8b9b87f35b1c.flac,,ما هو متاح لمصر من اا مياه اقل من احتياجها الفعلي بخمسين مليار متر مكعب و لذلك تعيد استخدام اا المياه نمره اثنين او نمره ثلاثه الاخ بيتحدث عن,,0.441386,mid
f33c9156-6523-477a-847a-21b9c41e6858,mediaspeech,../data/mediaspeech_ar/AR/f33c9156-6523-477a-847a-21b9c41e6858.flac,,امريكا هل يمكن القول ان هذه التشريعات يمكن ان تحضر باجماع بموافقه الديمقراطيين هل سوف يمررها ترامب وبيده القدره علي فرض فيتو ووقفها,,-0.002494,low
58323c6c-b4c9-402c-8c97-526f0d1e7c0f,mediaspeech,../data/mediaspeech_ar/AR/58323c6c-b4c9-402c-8c97-526f0d1e7c0f.flac,,اعاده التموضع والتكتيكي كيف ترون ما يوصف بالنفوذ التركي وتغيير موازين القوي منذ اتت كيف ترون رده فعل حلفاء حفتر وحلفاء السراج وسائل الاتصال كالمعتاد لاتصال الهاتف,,0.030721,low
c3c27ff0-dbf1-40b4-b0fa-2ddc3a3b273d,mediaspeech,../data/mediaspeech_ar/AR/c3c27ff0-dbf1-40b4-b0fa-2ddc3a3b273d.flac,,امر تدركه القياده الايرانيه التي حرصت علي تنسيق تحركاتها مع حلفائها في فنزويلا مؤكده ان الوقت الذي كانت واشنطن ترهب به العالم قد ولي لقد انقضي وقت,,-0.004591,low
1fa65271-38b1-457d-92f2-66d52f75a077,mediaspeech,../data/mediaspeech_ar/AR/1fa65271-38b1-457d-92f2-66d52f75a077.flac,,انهزام لقوات خليفه حفتر ام اا عمليه تكتيكيه اعاده تموضع كما ذكر المتحدث الرسمي باسم قوات اختي الكريمه نحن لو نظرنا الي بدايه المشكله من,,0.129628,low
54d68451-1279-454c-9baf-107ec6c331cb,mediaspeech,../data/mediaspeech_ar/AR/54d68451-1279-454c-9baf-107ec6c331cb.flac,,قنتين لتزويد العراق بالكهرباء والغاز ماذا لو انقطع الكهرباء والغاز من العراق من دون وجو وجود البديل الامريكيون عجزوا ان يوضعوا البديل خلال سبعه عشر سنه بيدهم,,0.059567,low
680eedf2-4d44-4eef-8c50-eb848dfac96e,mediaspeech,../data/mediaspeech_ar/AR/680eedf2-4d44-4eef-8c50-eb848dfac96e.flac,,عبيره المطلوب هو استعاده المسار الديمقراطي للتصدي لكل المشاكل الديموقراطيه كفيله بالمحاسب في هذا الشق ايضا ساعرض في الجزء التالي من البرنامج لقضيه تسييس قضيه او ازمه نقابه الاطباء,,-0.001222,low
32046d57-48a3-431a-9b3d-324cb039689e,mediaspeech,../data/mediaspeech_ar/AR/32046d57-48a3-431a-9b3d-324cb039689e.flac,,اثيوبيا وافقت علي انه التوصل لاتفاق للملئ الاول وفترات الجفاف ومصر وافقت علي ذلك اين المشكله اذا لماذا من وجهه نظره يعني الموقف الاثيوبي,,-0.004835,low
3e147a14-b6dd-4cff-ade9-1c3ecb0635d5,mediaspeech,../data/mediaspeech_ar/AR/3e147a14-b6dd-4cff-ade9-1c3ecb0635d5.flac,,و ان ياتي بالجنجوين و ينكر ذلك و ياتي به بكل هؤلاء المرتزقه هذا الموضوع واضح بس مش غريبه استاذ مصطفي ان تقارير الامم المتحده تكون منصفه لما تتحدث عن حفتر و غير منصفه و لا تعلم,,0.259319,low
97acb34b-0b5d-410b-9dc5-3afb98c86c20,mediaspeech,../data/mediaspeech_ar/AR/97acb34b-0b5d-410b-9dc5-3afb98c86c20.flac,,مسلمين واهم بلد اسلامي وما عندك متحف اسلامي في المملكه العربيه السعوديه هل هذا يعقل لم يجي الزائر الغير مسلم ويبغي يطلع علي الاسلام من السعوديه مو موجود اي,,0.516466,mid
bd826f1f-400f-4818-b967-817c9a4776e8,mediaspeech,../data/mediaspeech_ar/AR/bd826f1f-400f-4818-b967-817c9a4776e8.flac,,يعني عوده تنظيم داعش من نهجه اساليب جديده تمركز في الواحات و شن ضربات و العوده للتمركز في مناطقه يعني البعض يتحدث عن حاجه الجانب العراقي للقدرات الاس,,0.010346,low
56b46efc-8141-45c9-86eb-727a34bf0686,mediaspeech,../data/mediaspeech_ar/AR/56b46efc-8141-45c9-86eb-727a34bf0686.flac,,و التركي اللي احنا اولت عليه قبل كده تصريح البوابه الرسميه للارهاب الراعي الرسمي للارهاب ما تجيش تقول لي داعش متغير من تكتيكها داعش موجوده ودهش فكر ما هواش بس يعني مجموعه جنود,,0.829708,high
4fe6d8d6-2dac-4070-915d-aa88c749378c,mediaspeech,../data/mediaspeech_ar/AR/4fe6d8d6-2dac-4070-915d-aa88c749378c.flac,,كثير من الخطط العسكريه الكثير من القدرات واستطاع ان يهزم بثلاث مئه وعشره جندي وضابط وضابط صفي في بني غازي ومجموعه من الشباب المسلحين المؤيدين,,0.03356,low
42fb1269-a71e-40a5-8ce4-edac33406954,mediaspeech,../data/mediaspeech_ar/AR/42fb1269-a71e-40a5-8ce4-edac33406954.flac,,اذا هذه الرساله فقط و الا لا يؤثر علي ايران مهما زادت العقوبات و مهما عظمت كما هم يصوروها خلال السنتين الثلاثه الماضيه في العقوبات التي فرضوها قالوا شامله و مدمره لكن لا,,-0.000261,low
6db6d074-76ab-492c-b70c-dce1443f8121,mediaspeech,../data/mediaspeech_ar/AR/6db6d074-76ab-492c-b70c-dce1443f8121.flac,,اا بدانا بالحملات الارشاديه بدانا باطلاق المشاريع المشروع تلو الاخر ان كان مشروع حقل الحقول الامهات بدانا هيدا الاسبوع بتوزيع,,0.036907,low
ee81dda4-5df5-462b-a1e8-cd51fc034bdb,mediaspeech,../data/mediaspeech_ar/AR/ee81dda4-5df5-462b-a1e8-cd51fc034bdb.flac,,انها كانت محاوله هي جيد لعب الكره في هذه الحاله الثانيه مباشره نشوف الحاله الثانيه نعم هذي حاله ثانيه شوف الحكم ان اعلن عن وجود ركله حره مباشره لكن كانت,,0.298451,low
28c82c45-5bc8-4e57-8378-fbfd7cd55117,mediaspeech,../data/mediaspeech_ar/AR/28c82c45-5bc8-4e57-8378-fbfd7cd55117.flac,,الانوروا مع كل المؤسسات الانسانيه مع كل الاتفاقات الدوليه اذا هو الرئيس ترامب في الحقيقه متمردا علي كل شيء اسمه معاهده و اتفاق و التزام نعم حتي علي قرار مجلس الامن,,0.005265,low
f449139c-f709-473e-8e3e-e9b526a5db31,mediaspeech,../data/mediaspeech_ar/AR/f449139c-f709-473e-8e3e-e9b526a5db31.flac,,او سواء للمواطنين او رجال الاعمال هذا مصيرنا كلنا كسعوديين فلابد ان كل يقوم بدوره في هذه الرؤيه سمو الامير ايضا ضمن الرؤيه اشرتم الي المجتمع الحيوي,,-0.004244,low
40e65f30-0b72-48f0-bbf6-a73ed4a89946,mediaspeech,../data/mediaspeech_ar/AR/40e65f30-0b72-48f0-bbf6-a73ed4a89946.flac,,ترامب هو تعزيز للطائفيه و التغذيه للفرقه في المجتمع الامريكي وفقا لناجي العلي الولايات المتحده في مهب الريح اما خالد فيري ان ترامب يشبه بعض,,0.015223,low
e6d04787-873c-4953-a534-0935bf4db6ae,mediaspeech,../data/mediaspeech_ar/AR/e6d04787-873c-4953-a534-0935bf4db6ae.flac,,ومتابعينا بنتائج تصويتهم علي سؤال اليوم مع انطلاق الحوار الاستراتيجي مع واشنطن هل تتمكن حكومه الكاظمي من انهاء الوجود الامريكي في العراق نحو خمسه عشر بالمائه منكم اجابوا بنعم نحو خم,,0.000789,low
ac24ce79-c02a-47f0-9b7b-92602dfbd7c1,mediaspeech,../data/mediaspeech_ar/AR/ac24ce79-c02a-47f0-9b7b-92602dfbd7c1.flac,,اطباء احنا احنا في وقت معركه مفيش ال ال الجندي ما يرميش سلاحه علشان يروح يكلم قائد علي انه عايز اجازه لا حضرتك احنا كل حاجه ناجلها الي ما بعد المعركه,,0.774302,high
ad2fc5da-81c9-45d2-8b99-f25eb3b2d0a5,mediaspeech,../data/mediaspeech_ar/AR/ad2fc5da-81c9-45d2-8b99-f25eb3b2d0a5.flac,,انه الطبيب الذي يتخلي عن موقعه الان بالاستقاله هو يخون واجبه في هذه ال الاوقات الصعبه احنا كان عندنا قضيه الاستقالات من الفين و سبعه عشر النقابه ب ب بتشير لها الحقيقه الناس,,0.252247,low
7bf8548e-ba97-452f-af26-9612fb7bc53f,mediaspeech,../data/mediaspeech_ar/AR/7bf8548e-ba97-452f-af26-9612fb7bc53f.flac,,في انشاء هذه الشركه باقي فقط رتوش بسيطه ونعتقد انو ممكن تطلق في اواخر او اول الفين وسبعتعش بتفاصيل اا اكثر ايضا عندنا مشكله في في الانفاق اا العسكري مهما,,0.560741,mid
f05b896b-b255-4396-84c8-850cd684c86b,mediaspeech,../data/mediaspeech_ar/AR/f05b896b-b255-4396-84c8-850cd684c86b.flac,,التي اشار اليها السيد ايجور يعني هل فلنخلط قليلا من السياسه في المساله الاقتصاديه الصرفه نقطه بتحير الكثير من الخبراء والمتابعين في هذا المجال انه,,0.002561,low
0230101f-1040-4133-ab31-0865e7e7917d,mediaspeech,../data/mediaspeech_ar/AR/0230101f-1040-4133-ab31-0865e7e7917d.flac,,روسيه قد يكون بوابه لتقويه حقوق اخري مثل مثلا حريه الحركه والتعبير حريه التعبير وحريه تكوين الجمعيات وغيرها من الحريات اا خصوصا عندما تجد اا يعني البيانات التي تجمع,,-0.000135,low
1f7c16fa-7c3d-4f60-a916-121cb166b7e8,mediaspeech,../data/mediaspeech_ar/AR/1f7c16fa-7c3d-4f60-a916-121cb166b7e8.flac,,هو رئيس جهاز المخابرات وعندما يكون رئيس وزراء رئيس جهاز مخابرات يمتلك الكثير من اليعني المخابرات تم تلك الكثير من المعلومات خاصه عن عناصر التنظيم الارهابي وهو في,,-0.002108,low
8245162b-f2f5-44e7-a4c2-d8465e3e9b77,mediaspeech,../data/mediaspeech_ar/AR/8245162b-f2f5-44e7-a4c2-d8465e3e9b77.flac,,قدمته لي المجلس النيابي وعلي اساسه نالت الثقه ا من مصلحه كل اللبنانيين ان تنجح الحكومه وان تحقق يعني ال ما ما يصبو اليه رئيس الحكو,,0.039331,low
69afc8b6-d04f-4275-8dc7-057205a08023,mediaspeech,../data/mediaspeech_ar/AR/69afc8b6-d04f-4275-8dc7-057205a08023.flac,,حرب كل يوم من الحرب هو يوم تكلفه زائده والافضل انهاؤها قبل ان يستفحل الامر اكثر وحتي من ناحيه المسؤوليه تجاه ما ستؤول اليه الاوضاع ان استمرت الاوضاع باتجاه كارثه,,0.004155,low
af88ea5c-18d6-45b1-b888-de1c4523373a,mediaspeech,../data/mediaspeech_ar/AR/af88ea5c-18d6-45b1-b888-de1c4523373a.flac,,تشديد العقوبات علي سوريا اقتصاد منهك اا سنوات طويله من الحرب بغض النظر عن اي موقف سياسي اي عقوبات اقتصاديه قد تؤدي بضرر مباشر علي المواطن,,0.005915,low
15a2a5d8-ca53-4cac-946b-a163e1894dce,mediaspeech,../data/mediaspeech_ar/AR/15a2a5d8-ca53-4cac-946b-a163e1894dce.flac,,ولهيدي الشريحه الاجتماعيه اللي عانت علي مر السنين كتير من الازمات وعدم وقوف الدوله الي جانبها والحكومات السابقه من خلق فرص عمل ومشاريع انمائيه ومشا,,0.333447,mid
a5227ba4-000a-447d-bb7f-c14f04b4bf79,mediaspeech,../data/mediaspeech_ar/AR/a5227ba4-000a-447d-bb7f-c14f04b4bf79.flac,,قيصر واقتراب دخوله حيز التنفيذ ا اثر اكبر في ا هذا التدهور السريع يعني علي في في في فتره اسابيع محدوده تهاوت العمله السوريه من,,0.067338,low
ba127713-c67f-4c47-96df-66788071440c,mediaspeech,../data/mediaspeech_ar/AR/ba127713-c67f-4c47-96df-66788071440c.flac,,الي ايران سيد امير نبيل يعني نتابع حراك صيني روسي وتنسيق ورسائل للامين العام للامم المتحده حول المساعي الامريكيه يعني اذا كان ربما الفيتو تقريبا,,0.076894,low
7b5adc46-ef6b-4a07-abca-83cb01ded61b,mediaspeech,../data/mediaspeech_ar/AR/7b5adc46-ef6b-4a07-abca-83cb01ded61b.flac,,ويرفض تقديم الدعم الي ان الدعوه الي الامم المتحده وتشكل التحالف الدولي وحينما تشكل بدا الحديث انه العمليات ستستمر لمده خمسه عشر عاما الي ثلاثين عاما هنا,,-0.003083,low
8969f0dd-d1db-4230-92aa-d496227ad823,mediaspeech,../data/mediaspeech_ar/AR/8969f0dd-d1db-4230-92aa-d496227ad823.flac,,اا كان الامور ان شاء الله تسير نحو الافضل سيد زياد هل باعتقادك يعني ايضا ما شكل جزءا من المشكله هو مبدا نفسي نفسي الذي تعاطت به بعض المؤسسات النقديه,,0.002728,low
326533a6-ac4f-4bc4-b095-31966322a8f3,mediaspeech,../data/mediaspeech_ar/AR/326533a6-ac4f-4bc4-b095-31966322a8f3.flac,,شو بين السود والبيض والل موجه الانتفاضه الهائله التي الان تشل امريكا تصور يعني امريكا لاول مره اربعين مدينه في وضع غليان في فوضي في سرقات في,,0.529086,mid
5aa4c8e1-8731-46cc-bdbc-6fa999d7cdd6,mediaspeech,../data/mediaspeech_ar/AR/5aa4c8e1-8731-46cc-bdbc-6fa999d7cdd6.flac,,اهداف اخري واحد من المخاوف اللي تفضلت و طرحتها يا حسين و طرحها ايضا ضيفي منذ قليل و خليني اخد كل هذه النقاط لضيفي التالي عبر خدمه سكايب من عمان الدكتور بشار الحوامده رئيس جمعيه شركات تقنيه,,0.179337,low
8cfdb753-d16d-44ef-9037-80ac1fc80552,mediaspeech,../data/mediaspeech_ar/AR/8cfdb753-d16d-44ef-9037-80ac1fc80552.flac,,خمسه زائد خمسه طبعا هذه محادثات العسكريه المتعلقه بوقف اطلاق النار الذي انطلقت في جينيف هذا يتطلب كما يقول السفير اجراء مفاوضات جاده من الجانبين و متابعه متابعه الامم,,-0.000998,low
62fb8a50-5e0f-4f5e-91e5-ce40226e68c5,mediaspeech,../data/mediaspeech_ar/AR/62fb8a50-5e0f-4f5e-91e5-ce40226e68c5.flac,,مواطن امريكي لكن من اصول صوماليه وموجود الان تحديدا حيث قتل فلويد يا عبد الكريم اهلا وسهلا بك ما هي الصوره لديك الان اهلين محمد والله الحين انا,,0.335444,mid
f46ad8b7-621e-4336-b9c0-3f28ae9e9846,mediaspeech,../data/mediaspeech_ar/AR/f46ad8b7-621e-4336-b9c0-3f28ae9e9846.flac,,في هذه الحلقه نكون قد اختتمنا تغطيه العربيه الخاصه لبطوله كاس الخليج العربي الرابعه و العشرين شكرا لكل فريق العمل برئاسه الزميل طلال الحمود و معه نجيب زواق ليليان تنوري خالد الغا,,0.113115,low
00073265-992a-4857-ba25-4bef475f83ee,mediaspeech,../data/mediaspeech_ar/AR/00073265-992a-4857-ba25-4bef475f83ee.flac,,الي وصول هذه السفن الي فنزويلا لان امريكا كانت تستطيع ان توقف هذه السفن وكيف كان سيكون الرد الايراني لن يكون هناك رد ايراني سيكون كما كان الرد علي عمليه مقتل قاسم سليماني طلقات في الهواء,,-0.000437,low
ce5ecbd8-bffd-4993-bc9c-dcae1cdad572,mediaspeech,../data/mediaspeech_ar/AR/ce5ecbd8-bffd-4993-bc9c-dcae1cdad572.flac,,مواقفه الداعيه دائما الي ا وحده الكلمه وحده الصف لانها من اهم عناصر قوه لبنان هذا الكلام الذي يطلق احيانا نسمعه ونسمع البعض يردده دون ان يتاكد منه لا يمكن لحد,,0.202837,low
36f907e1-8fc1-41f3-a65e-d4a9e3cd2d25,mediaspeech,../data/mediaspeech_ar/AR/36f907e1-8fc1-41f3-a65e-d4a9e3cd2d25.flac,,طرف عما تقوم به تركيا في ليبيا او تعطي لتركيا الضوء الاخضر للاستمرار في هذه العمليه البعض يشير في علي سبيل المثال الي دول غربيه محدده هل هناك دول تغض الطرف وتسمح ل,,-0.003556,low
e1ca63b7-e61d-4938-92e2-2a0cb4bf81bc,mediaspeech,../data/mediaspeech_ar/AR/e1ca63b7-e61d-4938-92e2-2a0cb4bf81bc.flac,,من الاحتياطي النقدي كل هذه الامور من اجل المرور من هذه الازمه هذه الازمه تعاني منها كل الدول فلا نستغرب ان المملكه العربيه السعوديه تقوم بهذه الاجراءات,,-0.00581,low
b30dbc54-6803-4b38-a607-8a9b269e7190,mediaspeech,../data/mediaspeech_ar/AR/b30dbc54-6803-4b38-a607-8a9b269e7190.flac,,كيف بالشكل العام لا يكفي لاقناع المواطن اللبناني بان هناك خطوات تنفيزيه يجب علي الحكومه وهي السلطه التنفيزيه في لبنان ان تقوم بها وان تؤديها الناس اليوم,,-0.004777,low
e22c25a8-1378-47ff-bfea-c70cad2fd95f,mediaspeech,../data/mediaspeech_ar/AR/e22c25a8-1378-47ff-bfea-c70cad2fd95f.flac,,غير المنتظمه والعاملون في الصناعات المغذيه لقطاع السياحه والانشطه الترفيهيه هم الاكثر تضررا من تداعيات فيروس كورونا الصناعات المكمله تمثل يمكن اكتر من العاملين في قطاع,,0.007171,low
8a350843-69ef-4d36-9465-f1fb6666327d,mediaspeech,../data/mediaspeech_ar/AR/8a350843-69ef-4d36-9465-f1fb6666327d.flac,,لكي يزيد الطين بله ولكي يزيد اوضاع الاقتصاديه سوء لا يوجد هنالك الحقيقه افق لامكانيه تغيير الوضع الاقتصادي وان كنت اشك الحقيقه كثيرا فيما ذكره السيد جيمس جيفري من ان هنالك انه يريد تغيير,,0.031149,low
6e696184-97ab-4392-82fc-959d89e59963,mediaspeech,../data/mediaspeech_ar/AR/6e696184-97ab-4392-82fc-959d89e59963.flac,,هذه المناصب يعني يعكس مدام الديموقراطيه دمقرطه هذا المجتمع ومادام يعني محاربته للتمييز العنصري وللافكار المتشدده الايدولوجيه لان,,0.13857,low
c53becba-adaf-46eb-9c27-cfec89d1093e,mediaspeech,../data/mediaspeech_ar/AR/c53becba-adaf-46eb-9c27-cfec89d1093e.flac,,رئيسي لبي بي سي في وسط العاصمه البريطانيه لندن من غير المالوف رؤيه المشهد هكذا فارغا وهادئا في منتصف ايام الاسبوع,,-0.001348,low
f8719dd2-6e15-4dc0-9143-795a9813aaa6,mediaspeech,../data/mediaspeech_ar/AR/f8719dd2-6e15-4dc0-9143-795a9813aaa6.flac,,اا كما نعلم انها منظمه العفو الدوليه تصدر تقارير دوريه هل هذا يشمل القاره الامريكيه ام انه يقتصر الامر كما يقول المنظمات,,-0.004008,low
f0953630-3b9b-4e03-8097-45301ea3a056,mediaspeech,../data/mediaspeech_ar/AR/f0953630-3b9b-4e03-8097-45301ea3a056.flac,,المحكمه و يقاضيه اذا المساله هي تماما كذلك لا يمكن ان تفعلي عبر تويتر ما لا يمكن ان تفعليه في قاعه محاضرات او اجتماعات او الصحف او غيره,,0.000526,low
2d491526-0fd9-427c-8b9a-cfd5dfd6863b,mediaspeech,../data/mediaspeech_ar/AR/2d491526-0fd9-427c-8b9a-cfd5dfd6863b.flac,,يعني خليني اول شيء ابا اكمل الجواب علي السؤال الاول فيما يخص الحالات التجمعات لا يتم اخذ اي او اي اجراء علي الحالات التجمعات سواء في كانت البلاغات كيديه الا اذا كانت ظهرت اكثر من,,0.382,mid
a678198e-810f-4165-a65a-4248b119c6d0,mediaspeech,../data/mediaspeech_ar/AR/a678198e-810f-4165-a65a-4248b119c6d0.flac,,مواطن رفع الضريبه الي اخر الاجراءات التي حضرتك تعرفها اكثر مني بس كمان هناك حقوق للمواطنه مرتبطه بزياده نسبه الضرائب التصاعديه خصوصا علي الوافدين مثلا لان ذلك سيس,,0.236884,low
a35accd9-61ac-4daf-b4b5-aa23d55ca102,mediaspeech,../data/mediaspeech_ar/AR/a35accd9-61ac-4daf-b4b5-aa23d55ca102.flac,,ولكن علي الاقل خلال اا ثمان سنوات او قبل سنتين كانت الاوضاع الاقتصاديه نسبيا افضل بكثير مما هي عليه الان بالرغم من ما يتحدث عنه النظام من سيطرته علي مناطق واسعه جديده داخل الاراضي السوريه وغياب,,-0.001229,low
3a1f0e78-2cb7-4a08-8b4a-fc67ac1c1ae9,mediaspeech,../data/mediaspeech_ar/AR/3a1f0e78-2cb7-4a08-8b4a-fc67ac1c1ae9.flac,,والامريكي ايضا والاممي اذا اردتم يعني ان نتفاهم بطريقه شامله فعلينا ان نجلس الي طاوله المفاوضات ويعني تقدمون تنازلات وهذا نجده ايضا علي المستوي العراقي علي المستوي,,0.009833,low
74ade070-ac1a-4ea1-b21e-57121e0507c6,mediaspeech,../data/mediaspeech_ar/AR/74ade070-ac1a-4ea1-b21e-57121e0507c6.flac,,تنمر ويفهم الامريكيون جيدا ان عليهم القبول بالعواقب حين تسعي الدول للحصول علي نفس الحقوق التي تتمتع بها الولايات المتحده ان هددونا او فرضوا اي قيود عليهم ان يتوقعوا علي,,-0.002943,low
028ad1f9-fdc9-4975-baa0-d2c49f38d38d,mediaspeech,../data/mediaspeech_ar/AR/028ad1f9-fdc9-4975-baa0-d2c49f38d38d.flac,,ما نحتاج اي جندي اجنبي علي الارض يحمل السلاح ويقاتل وايانا مهم لكن احنا مو مشكله ان تبادلنا المعلومات الاستخباراتيه انتب في موضوع التدريب التسليح احنا نريد مني القدرات بشكل,,0.422979,mid
89d63ec4-632f-4ffd-a9a8-c05a7809aa3f,mediaspeech,../data/mediaspeech_ar/AR/89d63ec4-632f-4ffd-a9a8-c05a7809aa3f.flac,,سلطه بالجغرافيا انت قبل قليل قلت لتتحدث عن الجنوب انا اتحدث عن الجنوب ليس بالتركيز علي الجنوب اتحدث ربطا بانه يتوجب ان تكون هناك سلطه وحكومه مكتمله تدير مينا عدن تدير المساعدات تدير,,0.008213,low
c85f5f08-5f31-4568-b021-ef6d67c0cce9,mediaspeech,../data/mediaspeech_ar/AR/c85f5f08-5f31-4568-b021-ef6d67c0cce9.flac,,من يتحاملون علي حكومته بانهم هم من ستحيق بهم الدائره كنتيجه لورشه محاربه الفساد كما وصفها في البلاد,,-0.0021,low
849fb40a-04f9-4771-aad6-b240d189f48e,mediaspeech,../data/mediaspeech_ar/AR/849fb40a-04f9-4771-aad6-b240d189f48e.flac,,اضرب لك مثل في في في الاشكاليه التي خلقتها الحكومات الخليجيه لهذه الدول لدينا الان اليوم نهقعد نعاني من هذه المشكله طلبنا بعده بيانات سابقه بان يكون هناك في,,0.295728,low
5394f5d1-118b-4a27-b943-32e6f9e4132c,mediaspeech,../data/mediaspeech_ar/AR/5394f5d1-118b-4a27-b943-32e6f9e4132c.flac,,سنه صرنا نري اربع فصول في كل اسبوع ال الرئيس الامريكي المرشح في الانتخابات القادمه امامه مشكلتين ما الحلول و هذا ايضا يحتاج الي ايرا,,0.021215,low
844fc9e4-59e0-47f0-9353-0a3f431079ed,mediaspeech,../data/mediaspeech_ar/AR/844fc9e4-59e0-47f0-9353-0a3f431079ed.flac,,انهاء انهاء الانقلاب عوده السلطه الشرعيه لم يحدث هذا من ست سنوات لا يمكن لك ان تحدث ان تتحدث عن صنعاء ولديها شان خاص وعدن شان خاص ومارب منطقه خاصه اين هذه المساعدات وكيف,,-0.004595,low
82b9dda2-6bd3-4bd5-a5fe-efa71cdf0476,mediaspeech,../data/mediaspeech_ar/AR/82b9dda2-6bd3-4bd5-a5fe-efa71cdf0476.flac,,منسق الائتلاف المغربي لهيئات الدفاع عن حقوق الانسان يا سيد عبدالرزاق اهلا بحضرتك في المغرب جدل كبير حول هذه التطبيقات واعتقد المجلس القومي لحقوق الانسان معترض بشده عليه لانه لم تتم استشاره,,-0.001654,low
0c8668ce-2d06-446d-a847-e28e31cbded4,mediaspeech,../data/mediaspeech_ar/AR/0c8668ce-2d06-446d-a847-e28e31cbded4.flac,,تريده روسيا من ليبيا تحديدا ايضا الموقف الروسي غير واضح هي تنسق وتتحالف مع تركيا من جهه وتدعم الطرف الاخر ميدانيا والذي الان شهد تراجع في العمليات العسكريه كيف نفسر او,,-0.005054,low
b93306b8-e279-4745-8b6d-6b53758972ca,mediaspeech,../data/mediaspeech_ar/AR/b93306b8-e279-4745-8b6d-6b53758972ca.flac,,اه النظامين لكن الدفعه لا زالت متمسكه الحقيقه انا بستغرب لان هو اا احنا عندنا سبعه الاف طبيب خارج اسوار الوزاره و الوزاره متمسكه بان هي تكلفهم علي اا النظام الجديد الذي قد ي,,0.385457,mid
742bf5ed-c620-4e40-9a63-475a09709581,mediaspeech,../data/mediaspeech_ar/AR/742bf5ed-c620-4e40-9a63-475a09709581.flac,,تريد وتستهدف ايران بالدرجه الاولي وتستهدف ذلك المحور بشكل كامل وتعتبر ان ايران تمثل الراس في هذا الاطار وهي استطاعت بالفعل التضييق من الناحيه الاقتصاديه طبعا يمكن الحديث عن تفكير رغبوي وعلي ان الشرق سوف يهب,,-0.002921,low
34ffe2f3-7a90-4909-b4fc-3e7881f4ca6b,mediaspeech,../data/mediaspeech_ar/AR/34ffe2f3-7a90-4909-b4fc-3e7881f4ca6b.flac,,مباشر من قلب اا نيويورك هي في انتظار بدايه التظاهرات قالت لي الساعه الثالثه يفترض هو وقت التجمع شكرا جزيلا حنين مم من نيويورك دكتور ا خالد فكره اا الاتهامات المتبادله,,0.020307,low
37342f4e-e386-4ffb-bd53-a730d2af08a1,mediaspeech,../data/mediaspeech_ar/AR/37342f4e-e386-4ffb-bd53-a730d2af08a1.flac,,او للفريق الطبي في ست ايام طيب اا مش قضيه طبعا نقص مستلزمات تمام القضيه قد تكون رؤيه الوزاره نفسها كانت ابعد طيب هناك نقطه اخري اريد ان اعود بها للدكتور احمد من مصر انضم الينا عبر الهاتف بعد اذنك دكتور وليد,,0.337248,mid
5a70d3cd-d24f-4f1d-a6c1-51701ac07445,mediaspeech,../data/mediaspeech_ar/AR/5a70d3cd-d24f-4f1d-a6c1-51701ac07445.flac,,سعر بيت انه حقيقه اثيوبيا قالت يعني رئيس الوزراء الاثيوبي عرض ان يكون الكهرباء يكون في اثيوبيا وتكون السودان ارض كبيره تكون للزراعه ويكون هناك التصنيع يكون في مصر,,0.166885,low
b532a1dc-4ca8-47a5-b8ec-e8acbb00de66,mediaspeech,../data/mediaspeech_ar/AR/b532a1dc-4ca8-47a5-b8ec-e8acbb00de66.flac,,ؤؤن الامريكيه الاستاذ الدكتور عبدالله الشايجي استاذ العلوم السياسيه في جامعه الكويت قبل ان ابدا بطرح الاسئله عليكم دكتور بودي ان اهنئكم عل,,0.048874,low
d36072e0-85b5-42ce-ad63-86dea0f8f1c2,mediaspeech,../data/mediaspeech_ar/AR/d36072e0-85b5-42ce-ad63-86dea0f8f1c2.flac,,مستوي اللبناني وعلي المستوي اليمني وهذا شيء يعني طبيعي في السياسه التي تتبعها ايران منذ عده سنوات هي اليمن ورقه في في في يدها تلعبها وقت ما شاءت وتضغط,,0.198247,low
d86735be-dee1-4090-95c0-e8e7f4dff7f6,mediaspeech,../data/mediaspeech_ar/AR/d86735be-dee1-4090-95c0-e8e7f4dff7f6.flac,,مركز هيوستن الفضائي يولي اهتماما لنشر ثقافه والمعرفه العلميه خاصه في مجال التكنولوجيا والهندسه والرياضيات والعلوم,,-0.004078,low
26500aca-bc88-4206-9f3b-57655bd35991,mediaspeech,../data/mediaspeech_ar/AR/26500aca-bc88-4206-9f3b-57655bd35991.flac,,امريكي المحتمل بانه قرصنه صريحه ناهيك عن تلميحات بقدرتها علي ارباك الملاحه في مضيق هرمز ومياه الخليج حيث مصالح الامريكيين وحلفائهم في المقابل,,0.007265,low
9873d7e2-6b94-42b4-a5db-94f778ad4fc4,mediaspeech,../data/mediaspeech_ar/AR/9873d7e2-6b94-42b4-a5db-94f778ad4fc4.flac,,مبادرات ففي موازاه المبادره المصريه التي افضت الي اعلان القاهره تعمل الجزائر علي خط جمع الفرقاء الليبيين وفي اطار هذا المسعي يزور رئيس,,0.002795,low
156a1589-1ecb-44a8-a956-92db495465f9,mediaspeech,../data/mediaspeech_ar/AR/156a1589-1ecb-44a8-a956-92db495465f9.flac,,الدولي في الحكومه الليبيه المؤقته كان ضيف مواجهه لهذه الليله مواجهه جديده الاسبوع القادم الي اللقاء,,-0.002726,low
38585c3a-08f3-445f-8bee-19a43afbce0e,mediaspeech,../data/mediaspeech_ar/AR/38585c3a-08f3-445f-8bee-19a43afbce0e.flac,,من المشكلات التي قد شاهدتها وانا اي افكر بذلك كنت ادرب المحامين والمذيعين والقضاه وانا كنت اعمل مع رجال الشرطه في مختلف دول العالم,,0.0512,low
4c07c24b-e7c2-4739-9e18-697224d94d71,mediaspeech,../data/mediaspeech_ar/AR/4c07c24b-e7c2-4739-9e18-697224d94d71.flac,,ا من اثيوبيا بعد سنوات طويله من التفاوض وكل مره نصل الي طريق مسدود واذكر الاخ الكريم ا انه لماذا تم الذهاب الي واشنطن لان المفاوضات وصلت الي طريق,,0.028939,low
3b3ec525-3b7b-4c62-8d47-2306c73130a4,mediaspeech,../data/mediaspeech_ar/AR/3b3ec525-3b7b-4c62-8d47-2306c73130a4.flac,,لانها تريد ان تستخدم الفيتو كما تفعل الان و ااا يعني نحن تفصلنا الان ساعات عن الغد وسوف نعرف او سوف نطلع بشكل كامل علي الموقف الاثيوبي,,0.007074,low
3bc27c68-8366-4bc4-aad7-553584fa5c94,mediaspeech,../data/mediaspeech_ar/AR/3bc27c68-8366-4bc4-aad7-553584fa5c94.flac,,هذه او هذا المحصول باتجاه السوق السوداء وصول سوق المخدرات الي اليوم ااا الرؤيه لا تزال ضبابيه عند البعض ولكن نحن كوزاره زراعه من خلال اا بحثنا في هذا الامر اليوم,,0.00722,low
83be0275-2091-4c9d-bd9c-9c507d3299ce,mediaspeech,../data/mediaspeech_ar/AR/83be0275-2091-4c9d-bd9c-9c507d3299ce.flac,,الانسانيه كارثه يصعب شرحها و لا اريد لان دا امن اتهم بالتشاؤم بان لكثير مواضيع لا تسر انا مش شغلتي ان اسيء انا دائما اقول انني,,0.360944,mid
30b5f2d6-015e-457c-b311-03c20c532be7,mediaspeech,../data/mediaspeech_ar/AR/30b5f2d6-015e-457c-b311-03c20c532be7.flac,,الماليه السعوديه لم تعد تستطيع ااا يعني ان ان تستمر من دون هذه الاجراءات والثابت ايضا انه نتاج ميزانيه الربع الاول لعام الفين وعشرين ااا وقع فيه عجز يقدر بتسعه,,0.002542,low
ad444697-773a-4bf6-a5d6-8507c2937cae,mediaspeech,../data/mediaspeech_ar/AR/ad444697-773a-4bf6-a5d6-8507c2937cae.flac,,في افاقيه جديده ستطرح علي الجوله الرابعه من المفاوضات و التي من المفترض ان تعقد في الخرطوم بمشاركه مراقبين دوليين وساطه سودانيه تدخل علي خط خلاف يحتدم بين,,0.013005,low
7dd53e29-e2be-462a-a456-92ddb93de8c2,mediaspeech,../data/mediaspeech_ar/AR/7dd53e29-e2be-462a-a456-92ddb93de8c2.flac,,سياسات الدول بل ان الدول التي لا تسير في فلك الولايات المتحده تفرض عليها العقوبات اما بالنسبه لايران نعم العقوبات الامريكيه اثرت كثيرا علي الصادرات البترول الايراني,,-0.004465,low
2b0454d7-44fb-49a0-aac7-538c54e9239b,mediaspeech,../data/mediaspeech_ar/AR/2b0454d7-44fb-49a0-aac7-538c54e9239b.flac,,ستقوم بتحميل التطبيق هل هو الزامي اولا وهل ستقوم بتحميله اذا طلب منك هو ليس الزامي لكن اذا طلب مني ساقوم بتحميله لماذا لانه,,-0.006691,low
9c331666-dd6b-4623-9e14-ec8fd491efde,mediaspeech,../data/mediaspeech_ar/AR/9c331666-dd6b-4623-9e14-ec8fd491efde.flac,,كنتاكي علي وجه التحديد لكن عبر سكايب من واشنطن ارحب بالدكتور نبيل ميخائيل المحاضر في العلوم السياسيه والعلاقات الدوليه بجامعه جوج واشنطن يا دكتور نبيل اهلا بحضرتك هناك الكثير من النقاط حقيقه عن,,0.100519,low
56556b76-3e9b-47d8-bbee-58ff113cc0c0,mediaspeech,../data/mediaspeech_ar/AR/56556b76-3e9b-47d8-bbee-58ff113cc0c0.flac,,العراقي وان ما تسمح لبقايا هذا التنظيم الارهابي العبث بسلامه وامن العراق وشعب العراق هذا يعني ان العراق الان ليس بحاجه لاي جهد عسكري علي الارض اجنبي لمواجهه داعش احنا ما,,0.216493,low
a9241bcc-15c6-438e-a502-11082d04a639,mediaspeech,../data/mediaspeech_ar/AR/a9241bcc-15c6-438e-a502-11082d04a639.flac,,محايدين اذا هذه الاتهامات الاثيوبيه لا محل لها من الاعراب اصلا والحاصل انه في الجوله التي كانت اا يوم الخميس اول امس اثيوبيا ترفض اا ان,,0.055533,low
887b4852-aaf6-4766-af53-3746298ed7e4,mediaspeech,../data/mediaspeech_ar/AR/887b4852-aaf6-4766-af53-3746298ed7e4.flac,,البيانات الواضحه برفض هذا الامر و اما بالنسبه للاخوه في حزب الله و للتكاليف الشرعيه هذا الكلام اصبح لغه خشبيه دائمه يستخدم عندما نريد ان نرمي التهم دون اي اثباتات بالعكس,,0.003496,low
b4101867-368f-439e-b24c-4c17cfd125c7,mediaspeech,../data/mediaspeech_ar/AR/b4101867-368f-439e-b24c-4c17cfd125c7.flac,,الاوراق الكثيره ممكن ان تؤدب الاداره الامريكيه في المنطقه وخارج المنطقه اذا لاحظنا ان الرئيس ترامب كيف كان ذليلا امام هذه الشجاعه الايرانيه الناقلات ذهبت والطائره,,-0.000861,low
05b9aa30-5f86-4fbf-8919-1c68424ddcb8,mediaspeech,../data/mediaspeech_ar/AR/05b9aa30-5f86-4fbf-8919-1c68424ddcb8.flac,,الامر يمكن ان يفرض عليهم بشكل مختلف سبق و ان تلقت تركيا مثل هذه الصفعه حتي من قبل روسيا في الملف السوري و بالتالي وهم الانتصار الجزئي هو ما,,-0.004793,low
0a0d1abd-0bd3-45f8-818f-8ab214be329e,mediaspeech,../data/mediaspeech_ar/AR/0a0d1abd-0bd3-45f8-818f-8ab214be329e.flac,,الواقع الحالي كمثال ابو سروال وفنيله صدفه وهذا بدون اي نوع مع ان نحنا اصحاب بس صدفه بدون اي نوع من انواع التعاون او التواصل بيننا بين لايك,,0.34734,mid
aae8265e-c5e4-493b-b45c-fdd504dfbdef,mediaspeech,../data/mediaspeech_ar/AR/aae8265e-c5e4-493b-b45c-fdd504dfbdef.flac,,بغض ب بخلاف كل المعايير الاخري هي المعيار الانساني الذي يقلقني والذي يجب ان نعطيه الاولويه في خطط في خططنا للخروج من الازمه,,-0.002765,low
cbe071e2-5e68-45fc-b21b-92ade21ee180,mediaspeech,../data/mediaspeech_ar/AR/cbe071e2-5e68-45fc-b21b-92ade21ee180.flac,,في تقارير الللل الامم المتحده من يستعين بالاجانب بان يستعين بالمرتزقه سواء الروس او الجنجاويد كل هذا موجود في تقارير الامم المتحده وليست في تقارير حكومه الللل الوفاق الوطني,,0.057179,low
2437ab47-4836-4c19-8be8-79077dc9f872,mediaspeech,../data/mediaspeech_ar/AR/2437ab47-4836-4c19-8be8-79077dc9f872.flac,,عن اا عمال فقدت وظائفها اسر كامله لم يعد لديها دخل فا ال ال ال الاجراء الاساسي هو كيف يمكن ان نؤمن هذه العائلات بدخل اا مناسب يامنها ا من,,0.106911,low
c2331fef-4715-4672-bf90-9178021f6256,mediaspeech,../data/mediaspeech_ar/AR/c2331fef-4715-4672-bf90-9178021f6256.flac,,ا النقاط التي ا يعني يجري الحديث عنها في هذا الحوار هذه قاعده الوطيه ترهونه ولنا سؤال عن ترهونه بعد لحظه وهذه خارطه ليبيا وطرابلس طبعا موقعا,,0.089666,low
a9f66e99-0e93-4937-a380-5718f3824037,mediaspeech,../data/mediaspeech_ar/AR/a9f66e99-0e93-4937-a380-5718f3824037.flac,,استغلال ازمه كورونا لتحقيق مكاسب ماديه ومهنيه وتصفيه حسابات اطباء مصر ليس علي رؤوسهم ريشه علي حد تعبيره امري محمد كتب يقول السيسي يرسل مساعدات طبيه الي بعض,,0.104338,low
ea0561a0-a553-4032-ba7f-b0a669c68fca,mediaspeech,../data/mediaspeech_ar/AR/ea0561a0-a553-4032-ba7f-b0a669c68fca.flac,,اصبحوا هم محور اهتمام اغلب الامهات للحديث اكثر تنضم الينا استشاريه المظهر ميمي رعد صباح الخير يا ميمي صباح الخير ميمي صباح النور صبايا هي شيء يعني شايفينه بس في الفتره الاخيره وخصوصا انه في السنوات,,0.290367,low
ed1d5112-3cfc-438e-a111-619146d1b155,mediaspeech,../data/mediaspeech_ar/AR/ed1d5112-3cfc-438e-a111-619146d1b155.flac,,موضوع الفساد ليس موضوعا محددا هناك الكثير من الاقوال التي نسمع منذ امد طويل ان لبنان يتغلغل فيه الفساد وان الاداره,,-0.004705,low
dc0995c4-7ca0-40e1-955e-2f16e3253d75,mediaspeech,../data/mediaspeech_ar/AR/dc0995c4-7ca0-40e1-955e-2f16e3253d75.flac,,يعني الطريقه التي يتحدث بها كينيث ماكينزي انا قلت لك انه كانه يتجاهل هذا الجدل وهذا النقاش صفه بالديمقراطي او غير الديمقراطي في الداخل العراقي علي الاقل هناك نقاش تجاهل كل هذا الامر وتحدث يعني كانه يفرض امر واقع,,0.018985,low
3d5e056d-cc5b-47d8-8b3b-e641a1693a24,mediaspeech,../data/mediaspeech_ar/AR/3d5e056d-cc5b-47d8-8b3b-e641a1693a24.flac,,جديد اكيد فقرتنا الاسبوعيه موضه اليوم نحن نتحدث عن عالم هوليوود طبعا فلم يعد المصورين يلاحقون المشاهير فقط لنشر صورهم انما ايضا يسلط الضوء علي اطلالات اولادهم حتي,,0.059405,low
4d0be134-1c72-46bb-98e2-b52d1a5dcabd,mediaspeech,../data/mediaspeech_ar/AR/4d0be134-1c72-46bb-98e2-b52d1a5dcabd.flac,,حشد الشعبي وما بين المؤسسه العسكريه العراقيه والقائد العام للقوات المسلحه بعض الفصائل المنضويه تحت لواء الحشد الشعبي تعتقد بان الجانب الامريكي او الوجود العسكري الامريكي يشكل تهديد علي العراق,,-0.003862,low
d2fe07a7-8c6f-443b-a99a-d23520bd5dc5,mediaspeech,../data/mediaspeech_ar/AR/d2fe07a7-8c6f-443b-a99a-d23520bd5dc5.flac,,لي ااا مشروع استعاده وطن ان يهزم اكثر من عشرين الف تكفيري من كافه انحاء العالم من سوريا من موريتانيا تمام هلئ اسمعت حضرتك يا استاذي فاضل استاذ خالد هلئ اسمعت حضرتك بعض الاصوات من داخل ليبيا لترد,,0.25814,low
81396162-d57f-4aa1-b886-6adee3826ce6,mediaspeech,../data/mediaspeech_ar/AR/81396162-d57f-4aa1-b886-6adee3826ce6.flac,,وبالتالي لا اعتقد ان هنالك جديه حقيقيه اما ما تحدثت عنه من ان حتي حلفاء الولايات المتحده الامريكيه او ما يتشاركون معها بالرؤيه هل يستطيعون او هل هم مقتنعين بالفعل,,0.013279,low
37ac6928-88f4-4c10-9655-c97fde4f6fd5,mediaspeech,../data/mediaspeech_ar/AR/37ac6928-88f4-4c10-9655-c97fde4f6fd5.flac,,بنخصص لها في موازنه كل عام مبالغ لانشاء الطرق لكن بعد ما تم التعارف عليه انشاء بما يسمي الطرق القوميه احيانا يبقي الطريق عاملاها هيئه المجتمعات العمرانيه,,0.099027,low
9ab3d925-f81d-478f-bdaf-8db4b51f01cf,mediaspeech,../data/mediaspeech_ar/AR/9ab3d925-f81d-478f-bdaf-8db4b51f01cf.flac,,ضي عليه سيد طلال اليمن الجنوبي الان اا يعني جغرافيا اقصد حيث هنالك سيطره لحكومه لها علاقه بالسعوديه ابدا يعني انا اقول لك الحكومه او,,0.336816,mid
1f077713-1052-4f04-8b5f-33f6617069e2,mediaspeech,../data/mediaspeech_ar/AR/1f077713-1052-4f04-8b5f-33f6617069e2.flac,,انها تكون امام مرحله فرض الشروط اما عن مرحله لعب جميع اوراقها و الخروج و التراجع في المنطقه مم بالتالي نحن ننتظر من الان حتي شهر ا ما بعد ايلول ما بدء الانتخابات الامريكيه,,0.011259,low
ded8d020-6708-4d36-9c3a-a1e78c644abd,mediaspeech,../data/mediaspeech_ar/AR/ded8d020-6708-4d36-9c3a-a1e78c644abd.flac,,رجالات الدين ومعظم الاوقاف بلبنان وضعت بتصرف وزاره الزراعه ونحن نتحمل المسؤوليه لاخذ هذا الموضوع لخدمه لبنان ولخدمه اللبنانيين لذلك نحن,,0.029788,low
9afc3f3c-127a-4f92-b209-ed58ff2a1aff,mediaspeech,../data/mediaspeech_ar/AR/9afc3f3c-127a-4f92-b209-ed58ff2a1aff.flac,,مسؤولين السعوديين الي ان يوقفوا حربهم علي اليمن وسيوفرون مليارات الدولارات بدل التقشف علي شعبهم علي حد وصفه مصطفي بدوي اقترح لضبط المصروفات في السعوديه الغاء مخصصات الاسره المالكه او علي الاقل تخفيضها,,0.165312,low
264e5192-454c-4f39-9611-678ab64e0b54,mediaspeech,../data/mediaspeech_ar/AR/264e5192-454c-4f39-9611-678ab64e0b54.flac,,عارف ان المنتخب السعودي لو لعب معاه مباراه مفتوحه حتكون حيكون التفوق اا كامل للمنتخب السعودي فهو اعتمد علي اغلاق علي اغلاق مناطقه حتي لو المباراه مشيت لاشواط اضافيه او ضربات ترجيح,,0.564395,mid
cd31c516-0806-46ae-aee0-a2d21181223e,mediaspeech,../data/mediaspeech_ar/AR/cd31c516-0806-46ae-aee0-a2d21181223e.flac,,دول الجوار الليبي كل هذا صحيح ولكن اعتقد انه في الفتره الحاليه مع وضوح حجم التدخلات الاقليميه ومع وجود عناصر تنتمي لتنظيمات ارهابيه من,,-0.003664,low
3e080b83-572b-45c4-9055-84f25d4a9f4e,mediaspeech,../data/mediaspeech_ar/AR/3e080b83-572b-45c4-9055-84f25d4a9f4e.flac,,كارييبي فهل كسبت طهران رهان التحدي رغم مخاطر المواجهات العسكريه مع واشنطن وما هي دلاله عدم اعتراض القوات الامريكيه للناقلات الايرانيه رغم رفض واشنطن,,0.001039,low
0dcc04db-0077-4b9b-8515-7605a9d08e34,mediaspeech,../data/mediaspeech_ar/AR/0dcc04db-0077-4b9b-8515-7605a9d08e34.flac,,القواعد الاجنبيه علي اي اساس يعني اليوم التحالف الدولي حينما جاء و جاءت معه امريكا انسحبت فرنسا و اسبانيا و هولندا و تسع دول معها بجنودها و بقي الامريكي ينصب باتريوت,,0.001975,low
5090b4c6-a1b2-4ee8-b1ef-b83a2f7dfea4,mediaspeech,../data/mediaspeech_ar/AR/5090b4c6-a1b2-4ee8-b1ef-b83a2f7dfea4.flac,,المكسرات النيئه مش المحمصه فمعظم الدهون الموجوده بمكسرات النيئه هي بالفعل دهون احاديه غير مشبعه شبيهه بالدهون اللي بناخدها من زيت الزيتون,,0.327643,low
10a8fd7a-ac66-4464-952a-6020741b09e9,mediaspeech,../data/mediaspeech_ar/AR/10a8fd7a-ac66-4464-952a-6020741b09e9.flac,,و اثيوبيا ليست طرفا فيها و الاتفاقيه ليست وارده اه في هذه المفاوضات لا من قريب و لا من بعيد و لذلك اكرر ان هناك فجوه كبيره بين الخطاب و اللغه الاثيوبيه و بين الواقع,,-0.002749,low
aa98a135-34d3-4fcd-82b6-54f8ccf01488,mediaspeech,../data/mediaspeech_ar/AR/aa98a135-34d3-4fcd-82b6-54f8ccf01488.flac,,قيمه الضرر التي تحملت التي حملت البشريه به اي ناخد مثال شركه طيران الطائرات طبعا تبعث انبعاثات سيئه المصانع,,0.254828,low
e941dd53-0203-459a-9524-40aca9a18b14,mediaspeech,../data/mediaspeech_ar/AR/e941dd53-0203-459a-9524-40aca9a18b14.flac,,اليمني غير ذلك الان من الذي سيقوم بتوزيع هذه المساعدات المنظمات الانسانيه لديها موظفين وهناك هواميع يعني من ينهبون هذه الاموال والمصاريف تذهب نصف هذه المساعدات تذهب,,0.008345,low
aae592c7-1a3e-40d3-a318-6a58133836fc,mediaspeech,../data/mediaspeech_ar/AR/aae592c7-1a3e-40d3-a318-6a58133836fc.flac,,غالبيه عمليات القصف و الغارات الجويه التي اسفرت عن خسائر في صف المدنيين و الحاق اضرار بالبنيه التحتيه هي لقوات مرتبطه بخليفه حفتر ما يعرف بالجيش الوطني الليبي و اشارت الي عدد من العمليات يمكن الاطلاع,,-0.003125,low
0a0d41fe-293e-48ef-8406-1fe32b73e5b5,mediaspeech,../data/mediaspeech_ar/AR/0a0d41fe-293e-48ef-8406-1fe32b73e5b5.flac,,ده سؤال برضو مهم من حق الامريكيين ان يعبروا راضيين او ساخطين علي سلوك ترامب مره اخري حريه الراي مكفوله ترامب لم يصدر قرار باسكات هؤلاء الاصوات,,0.480361,mid
f67b8e02-6fc2-4766-83cd-142a06ad8b6f,mediaspeech,../data/mediaspeech_ar/AR/f67b8e02-6fc2-4766-83cd-142a06ad8b6f.flac,,حتي حزب الله هناك قرار واتصور ان سماحه السيد حسن نصرالله سيتحدث عن هذا الموضوع يوم الثلاثاء المقبل بعد غد ولكن لا لا يمكن ان نحمل مجموعه من المشاغبين والزعران,,0.083719,low
62281305-f8df-45b0-926d-833835d08f07,mediaspeech,../data/mediaspeech_ar/AR/62281305-f8df-45b0-926d-833835d08f07.flac,,جبران يعرف ايضا ظروف الحرب كان يعالج المرضي خلال خمس سنوات تحت قصف النظام السوري باباااا بعد وصوله الي فرنسا انضمت اليه زوجته,,-0.00258,low
b2f2e17c-f675-43eb-867d-4bb124576594,mediaspeech,../data/mediaspeech_ar/AR/b2f2e17c-f675-43eb-867d-4bb124576594.flac,,الدور هو كان يوف يعني تنسيق عالي من خلال قياده العمليات المشتركه في موضوع تبادل معلومات استخباراتيه التصاوير الجويه وايضا الضربات الجويه والنقطه الاخري التي عملنا فيها,,0.07496,low
d8243c23-1f31-4c3c-8776-3c10c7ee32bf,mediaspeech,../data/mediaspeech_ar/AR/d8243c23-1f31-4c3c-8776-3c10c7ee32bf.flac,,المنظمات في اطار نظام كامل وفي هذه الحلقه قد يمكن ان نقول ان عامل هذه المنظومات فعالا هي خلاصه القول خلاصه التفسير الاسباب لتدمير هذه المنظومات,,-0.004941,low
427ed486-9a39-4e69-9725-4bad1cfa9958,mediaspeech,../data/mediaspeech_ar/AR/427ed486-9a39-4e69-9725-4bad1cfa9958.flac,,دوق ارامكو جزء من الاصول في اصول اخري نعتقد اغلبها عقاريه تنقسم الي عده اقسام اصول صغيره متنوعه غير مستفاد منها صفت نقلت الان للصندوق اصول ضخمه,,0.013422,low
98989d4f-eb46-4a55-93e9-45a5bc89d644,mediaspeech,../data/mediaspeech_ar/AR/98989d4f-eb46-4a55-93e9-45a5bc89d644.flac,,ربما الي الان لكن بالتاكيد ساعود لكي ارصد الكثير من التعليقات التي وردت اون لاين لكن المهم الان قبل ان ندخل في تفاصيل النقاش ان نحاول ان نفهم علي الاقل طيب ما هي طبيعه هذه,,0.08424,low
fded95ac-0f76-487f-bb5c-add78f950830,mediaspeech,../data/mediaspeech_ar/AR/fded95ac-0f76-487f-bb5c-add78f950830.flac,,ان الحدود الجنوبيه قبل ان نتدخل ونمنع ذلك كلنا يعرف ان ايران للاسف قد مارست من خلال الحوثيين ادوارا سيئه وكان املها ان تح ان,,0.008893,low
47dccb82-0d48-4465-89ae-c290c02bc828,mediaspeech,../data/mediaspeech_ar/AR/47dccb82-0d48-4465-89ae-c290c02bc828.flac,,علي فيسبوك و يقول فيه الناس تسرق و تنهب في الشوارع باسم و ليس عليه عذرا لازم في الاول يتم السيطره امنيا وبعدين يبقي يشوف العنصريه في ب,,0.657678,mid
fa032051-5f81-4c51-83be-0dfec5b9cd25,mediaspeech,../data/mediaspeech_ar/AR/fa032051-5f81-4c51-83be-0dfec5b9cd25.flac,,المدرب قدم عمل جيد في البطوله في البطوله بشكل عام لكن هذه المباراه بهذه المباراه يعني خالفوا التوفيق لانه خالفوا التوفيق ليش لان المنتخب البحريني اجاد ما ننسي انتا كانت في كوره في,,0.516877,mid
d063bbf9-c72b-4d8f-94d8-b90db3fa4980,mediaspeech,../data/mediaspeech_ar/AR/d063bbf9-c72b-4d8f-94d8-b90db3fa4980.flac,,بها وقت ما شاءت كما كانت ولازالت تزال تضغط بورقه اشكرك حزب الله في لبنان وهذا شيء يعني ي يقرا من طرف علي المستوي الاوروبي وعلي المستوي الامريكي في هذا السياق في يعني معادله يعني توازن قوي و,,0.089816,low
e40a975a-5538-49c4-afb0-58c97a8b28ff,mediaspeech,../data/mediaspeech_ar/AR/e40a975a-5538-49c4-afb0-58c97a8b28ff.flac,,ان اغلق تويتر كان عليه ان يقول ماشي انا ساذهب الي المحكمه واثبت انه في هذه الولايه هناك تزييف في سجل الناخبين يتخذ قرار من المحكمه ان هذه الولايه,,0.303062,low
0d35e05f-22d1-4767-b7d5-4beff770d5c3,mediaspeech,../data/mediaspeech_ar/AR/0d35e05f-22d1-4767-b7d5-4beff770d5c3.flac,,وكل اللي مطلوب منه هو تصريح ال ال اللي بيبقي احنا بندي هو له التصريح دون بيبقي مسجل فيه بياناته المسجله عندنا في الشركه بحيث يطلع عليها فرد الامن او المسؤول الامني اللي موجود في الشارع,,0.864848,high
07273fb5-4dc7-43e3-a06d-1602553657b4,mediaspeech,../data/mediaspeech_ar/AR/07273fb5-4dc7-43e3-a06d-1602553657b4.flac,,القوات المسلحه اللي هو تحصيل ال اا الرسوم الموازين علي الطريق انت عارفه حضرتك انوالطريئ ده طريئ محوري اا بيبئي عليه اكتر من مينا ويعني عليه يعني مواني السخنه كلا,,0.679518,high
c956ed5c-0a31-4a8d-9704-305182a5c4cb,mediaspeech,../data/mediaspeech_ar/AR/c956ed5c-0a31-4a8d-9704-305182a5c4cb.flac,,دعني اسال يعني بما يتعلق بالنقطه الايرانيه والتي اشرت اليها دقه توصيف البعض لها بان الحاضر او الغائب الحاضر علي طاوله الحوار هذه سيد عباس تفضل,,-0.002688,low
7820f54c-5871-4e43-9974-0ae2a7a19fb6,mediaspeech,../data/mediaspeech_ar/AR/7820f54c-5871-4e43-9974-0ae2a7a19fb6.flac,,معروف هو حفتر عندما تقول في شهر سبتمبر الماضي تقول بان الف وتسعين غاره جويه قامت بها قوات الميليشيا حفتر علي طرابلس من ضمن هذه الطلعات تمنميه طلعه بالطيران,,0.015479,low
9d8a9df1-8a16-463b-bc05-275af9723bc5,mediaspeech,../data/mediaspeech_ar/AR/9d8a9df1-8a16-463b-bc05-275af9723bc5.flac,,اي شرعيه دوليه لهذه الحكومه اولا هذه الحكومه وهذا الاتفاق لم يدسر لن يضمن في الاعدام الدستوري والدستور المؤقت للبلاد لم تعتمد هذه الحكومه من مجلس النواب الجهه التشريعيه المنتخبه والمعترف بها من المجتمع,,0.002185,low
aceccf0e-d071-44a5-a0d0-663fff8c58d7,mediaspeech,../data/mediaspeech_ar/AR/aceccf0e-d071-44a5-a0d0-663fff8c58d7.flac,,شباب فريق اول ما يحس الا من اخر الدقايق يحرق الجمهور علي الفاضي البحرين يستحق الفوز وسجل يعني هدف جدا رائع وجميل وتمنينا يعني,,0.463821,mid
960b2917-2db8-46ca-b7f3-bd7b7043e67d,mediaspeech,../data/mediaspeech_ar/AR/960b2917-2db8-46ca-b7f3-bd7b7043e67d.flac,,مباشر وفيه الكثير من الغرابه اليوم تحدثت المفاوضين بنفس الاسلوب يعني قبل المفاوضات اصلا كان هناك حديث لديفيد شينغار مساعد وزير الخارجيه للشرق الادني تحدث انه يجب ضمان,,0.012674,low
f730197e-cc20-4bf5-aab8-5e889025feca,mediaspeech,../data/mediaspeech_ar/AR/f730197e-cc20-4bf5-aab8-5e889025feca.flac,,الفرقاء السياسيين وكذلك اا مناقشه كل القضايا المتعلقه سواء القضايا الامنيه او القضايا السياسيه بغير الحوار استاذ محمود نعم فاعتقد بان امد الازمه سوف يطول اكتر واكتر,,0.109408,low
c20ab4c3-55a3-4d40-b21e-0407b149e2ff,mediaspeech,../data/mediaspeech_ar/AR/c20ab4c3-55a3-4d40-b21e-0407b149e2ff.flac,,موجود معاه هو في الطرف في الطرف الايمن للمنتخب السعودي كان موجود مع عبد الهادي الما صحيح المفروض كان يكون موجود معاه الغنام يعني صحيح انت مغسل اسامه عن هذا الدور يعني في هدف البحرين كان اللاعب اللي يغطي هو,,0.540012,mid
031e33e2-4859-4b2c-8e6d-cfa41ec663d7,mediaspeech,../data/mediaspeech_ar/AR/031e33e2-4859-4b2c-8e6d-cfa41ec663d7.flac,,العسكريه فتم التدمير من قبل الجيش الوطني الليبي حوالي خمسين طائره مسايره تركيا فتلك هي وثائق مثبته و يمكن ان نحصل علي المزيد من المعلومات من الوثائق,,0.004142,low
5936053e-16f6-42a6-a19f-de7620fa3537,mediaspeech,../data/mediaspeech_ar/AR/5936053e-16f6-42a6-a19f-de7620fa3537.flac,,تن علي انه لا يتم اخذ مساحات من المخالطين وغير مصرح بعزل المخالطين سواء منزلي او بجهه العمل وعمل تقييم ذاتي لانفسهم هم والحقيقه المنشور اضاف جزئيه في قمه الخطوره انه,,0.034721,low
b6f327f5-f5a0-48e2-be28-fb545af39a8d,mediaspeech,../data/mediaspeech_ar/AR/b6f327f5-f5a0-48e2-be28-fb545af39a8d.flac,,يسلكي في بعض الظروف ال ال اللي صاحبت الوضع يعني يعني بصراحه اول شيء خسر قلبي دفاع في الشوط حسان ما بدا معاه وبعدين خسر خبراني بالاضافه انك الشوط الاول الفترات اللي انت,,0.750263,high
715a9087-8ff2-4b88-9549-2fd5ab5f464e,mediaspeech,../data/mediaspeech_ar/AR/715a9087-8ff2-4b88-9549-2fd5ab5f464e.flac,,اه دي مش نتيجه انه اصحاب رؤوس الاموال او المستثمرين اا مش عايزين يخسروا لا هم وصلوا الي مرحله عدم وجود اي اموال لسداد,,0.677645,high
79faf055-e2ba-4750-a8c2-edfdf046a2f7,mediaspeech,../data/mediaspeech_ar/AR/79faf055-e2ba-4750-a8c2-edfdf046a2f7.flac,,ديس مثلا تفوت علي المحلات التجاريه تسال تقول انا بدي البس بنتي مثل ما انا لابسه سوري لان وقت الخلاص العين بتصير تشوف اا علي فتره طويله و متكرره نفس الشخص بي,,0.733746,high
86d99f9f-a263-424c-827a-412798de7bbc,mediaspeech,../data/mediaspeech_ar/AR/86d99f9f-a263-424c-827a-412798de7bbc.flac,,واجه اشكاليات تم حل هذه الاشكاليات وهذا ما سوف يدعم ويزيد ربحيه هذه الشركات مما سوف ويؤدي الي ارباح اكثر للصندوق البعض يري ان الصندوق كان يدار بسياسه استثماريه محافظه هل تجاوزتم,,-0.001719,low
688d9681-b836-4a2d-9109-4c5c28d5a326,mediaspeech,../data/mediaspeech_ar/AR/688d9681-b836-4a2d-9109-4c5c28d5a326.flac,,كورونا في اطار الكوليرا في اطار عدد النازحين و اللاجئين الخرافي لليمنيين خارج و داخل اليمن عن اي عيشه كريمه نتحدث بعد كام سنه لماذا لا نجرب الان يمن اتحادي يضمن لجميع اليمنين بس كيف,,0.217629,low
7455a400-98b9-47b5-8257-4ad2b050c041,mediaspeech,../data/mediaspeech_ar/AR/7455a400-98b9-47b5-8257-4ad2b050c041.flac,,متورطه فيه مجموعه من الدول الامارات ومصر والسعوديه وفرنسا خير دليل علي ذلك كل الاسلحه التي وجدت بالطيران بعدد الرحلات بعدد الغارات هذا كله,,0.002481,low
c02cfdb4-3c8d-4d41-b15b-347ffe48d96d,mediaspeech,../data/mediaspeech_ar/AR/c02cfdb4-3c8d-4d41-b15b-347ffe48d96d.flac,,الدول العربيه لتوازن مع الجماعات التي صعدت الفين وحدعش وتحديدا الجماعات ضد الاسلام السياسي السنيه وبالتالي هناك ثنائيه سنه شيعه شمال جنوب هذه الثنائيات,,0.017888,low
35ff5a30-26bc-4cc5-81cc-e33689566672,mediaspeech,../data/mediaspeech_ar/AR/35ff5a30-26bc-4cc5-81cc-e33689566672.flac,,اساسيتين اشار اليهما السيد عمرو طريق لاعاده بناء مؤسسات الدوله واستبعاد العناصر الارهابيه المصنفه ارهابيه دوليا استاذ توفيق في وعد من الرئيس الجزائري,,-0.003806,low
d1fc3d47-9772-43d2-90c7-871bb8b25d82,mediaspeech,../data/mediaspeech_ar/AR/d1fc3d47-9772-43d2-90c7-871bb8b25d82.flac,,والتقدم وهو مجرد وهم اؤكد عليه لان القوه علي الارض في حال تبدلت يعني في حال تم دعم قوي حفتر والجيش الليبي يمكن ان تنقلب المعادله وقد سبق,,0.031153,low
2c8027ff-b8ed-4e36-b132-3bd6b4113101,mediaspeech,../data/mediaspeech_ar/AR/2c8027ff-b8ed-4e36-b132-3bd6b4113101.flac,,ان التحليل يقودني الي ان دور فرنسا كان سلبي تدخلت بقوه وبكثافه من اجل ازاحه القذافي لملفات كما ذكرت بشكل اساسي ملف لقتل الشاهد يعني القذافي,,0.001933,low
7157b26a-ea4b-4556-b8b7-2b34b0df964d,mediaspeech,../data/mediaspeech_ar/AR/7157b26a-ea4b-4556-b8b7-2b34b0df964d.flac,,بقياده المشير اركان حرب خليفه حفتر الذي نصبه البرلمان الليبي المعترف به دوليا وجهه نظر حضرتك واضحه ومحترمه ولا احد يراجعك فيها انا اتحدث عن صياغتنا نحن مره اخري نحن لن نكون طرفا في اي,,-0.001528,low
33c0f2cd-b4ef-4fb4-94b6-1aec3ee6601b,mediaspeech,../data/mediaspeech_ar/AR/33c0f2cd-b4ef-4fb4-94b6-1aec3ee6601b.flac,,حتي اذا استعملت التطبيقات هناك وسائل عندما تقول ان هذا يعني مخ معركه خسرناها انا لا اتفق مع ذلك لان يمكن استعمال تلك التطبيقات و يمكن استعمال التكنولوجيات الجديده بمراعاه,,0.042461,low
2bba4409-f94e-4e76-b130-9a44c7c1eb19,mediaspeech,../data/mediaspeech_ar/AR/2bba4409-f94e-4e76-b130-9a44c7c1eb19.flac,,وهذه الهجمات الارهابيه بالتوترات السياسيه اعرف جنابك بعيد عن الجانب نعم السياسي لكن هنالك ربط ما بين هذه القضيه وهنالك من يربط هذا الموضوع ايضا بالتواجد العسكري الامريكي او الاجنبي,,-0.003359,low
0e44195d-0537-4b4a-a319-5ecca1312faf,mediaspeech,../data/mediaspeech_ar/AR/0e44195d-0537-4b4a-a319-5ecca1312faf.flac,,اء اا العقوبات اعفاء العقوبات هي فقط للعراق يعني العراق هو المستهدف لانه ما في دوله اخري ا معفيه حتي الذين اعفوا في القرار نفذوا العقوبات مثل كوريا الجنو,,0.164715,low
c110725b-eb85-453d-808c-05335d07b894,mediaspeech,../data/mediaspeech_ar/AR/c110725b-eb85-453d-808c-05335d07b894.flac,,داعش داعش غير موجود نعم اا ككيان موجود بوجود الامريكان وموجود برفقه الامريكان نعم وهنالك الكثير من الادله التي تثبت ان الجانب الامريكي هو الذي يدعم هذه العصابات بل ي,,0.009136,low
d1865b9b-e66f-419c-abea-c34164634f64,mediaspeech,../data/mediaspeech_ar/AR/d1865b9b-e66f-419c-abea-c34164634f64.flac,,اقتصادي العراقي كيف سيسير العراق ذهب الي اتفاقيه مع الصين ذهب الي اتفاقيه مع المانيا في شركه سيمنس و واجه اعتراضا في ملف الكهرباء بل منع في حكومه العبادي ان يستثمر في الكهرباء,,-0.002357,low
0e91ec41-33cc-47fc-8dd9-056c2d5426e9,mediaspeech,../data/mediaspeech_ar/AR/0e91ec41-33cc-47fc-8dd9-056c2d5426e9.flac,,الجزائري وعد ان يكون الطرفان المصري ا والتونسي شريكا واحدا اليوم تضمن الجزائر بان لا تغرد تونس خارج سرب دول الجوار وهون باشاره الي الزيارات او الزياره الا,,0.015287,low
d64bf83c-8d88-459d-982d-b069574cb8e2,mediaspeech,../data/mediaspeech_ar/AR/d64bf83c-8d88-459d-982d-b069574cb8e2.flac,,دراسي اللي بدانا فيا تبين انو قد يبدا بتلاتميه مليون دولار وقد يصل بالسنوات اا القادمه الي مليار دولار وهيدا امر طبيعي وانا فيني لخص لك اا استاذي الك,,0.624887,mid
1845581c-3e57-4618-81fd-42625a8eecab,mediaspeech,../data/mediaspeech_ar/AR/1845581c-3e57-4618-81fd-42625a8eecab.flac,,الازمه التي يمر بها اقتصادنا السعودي حاليا علي خلفيه تراجع اسعار النفط بشكل كبير وتداعيات جائحه فيروس كورونا العالميه هذا التحدي وان كان,,0.064419,low
92016181-2eab-4dd0-8484-567e1f8a5416,mediaspeech,../data/mediaspeech_ar/AR/92016181-2eab-4dd0-8484-567e1f8a5416.flac,,اقتصاد السعودي والحفاظ علي الاستقرار المالي للمملكه كيف رايتم انتم مستقبل الاقتصاد السعودي وقدرته علي التعافي من بعض ما جاءنا ربيع نور كتب تعليقا مختصرا قال فيه حسب اسعار النفط,,-0.000235,low
c85f7916-551f-49a1-a3f9-411b9468efc0,mediaspeech,../data/mediaspeech_ar/AR/c85f7916-551f-49a1-a3f9-411b9468efc0.flac,,السؤال هو من في الحكومه يمكنه الوصول الي هذه البيانات وكيف نضمن انها لن تقع في ايادي اشخاص او اجهزه تستعملها لاسباب غير صحيه طيب بس هو يعني,,0.179887,low
2ecec706-48d2-491b-b0a1-9b1bfef79f74,mediaspeech,../data/mediaspeech_ar/AR/2ecec706-48d2-491b-b0a1-9b1bfef79f74.flac,,هاتف من غوغل او ابل ام انا اثق بهذه الشركه وتعامل بتقنيتها وهناك درجه ما من الثقه بالدوله مثل سويسرا والسويد وهناك تطبيق اخر في النرويج,,0.003252,low
5ae56130-88da-4f27-b371-886e2696041e,mediaspeech,../data/mediaspeech_ar/AR/5ae56130-88da-4f27-b371-886e2696041e.flac,,ردود فعله هذه هي المشكله انا اعتقد انه زمام الامور بيده هو الوحيد الذي يستطيع ان يحل هذه المشكله بسرعه لكن عليه ان يتنازل قليلا انا سابحث في البدائل امامه في الجزء الثاني يا دكتور لكن,,0.040484,low
be82282f-8dfb-4477-ae80-c0239c729c94,mediaspeech,../data/mediaspeech_ar/AR/be82282f-8dfb-4477-ae80-c0239c729c94.flac,,تناقض في ال ال ال الحديث مع الحوثي يعني لما بدات ازمه كورونا قررت دول التحالف بايقاف بطلب من ال الحكومه الشرعيه ايقاف العمليات العسكريه وقامت بذلك,,0.128736,low
6fec70dc-eb20-4259-a220-46d007013dfa,mediaspeech,../data/mediaspeech_ar/AR/6fec70dc-eb20-4259-a220-46d007013dfa.flac,,مهمه جدا نعم كان الجانب العراقي حاضرا بها لوحده مع مع مع كل ابناء طيفه نعم البشمركه والحشد الشعبي طب وابناء العشائر في امر لي وجرف النصر وفي تحرير تكريت,,0.021448,low
b8c00d02-4643-42ab-a73b-9a75f4463e8e,mediaspeech,../data/mediaspeech_ar/AR/b8c00d02-4643-42ab-a73b-9a75f4463e8e.flac,,ولحاكم الولايه وهو مستقل من ولايه الي اخري وقوانينه تختلف في كل ولايات عاده الحرس الوطني ليس مصطلح حرس الوطني موجود في الدول العربيه الحرس الوطني هو يساعد في حالات الكوارث,,0.030049,low
c6bbdbad-735b-409c-84f4-4cac4a7333e7,mediaspeech,../data/mediaspeech_ar/AR/c6bbdbad-735b-409c-84f4-4cac4a7333e7.flac,,دعيني اشرح حتي تكون صوره واضحه امامك وامام المشاهدين اتفاق الرياض اتي في نوفمبر بعد احداث اغسطس وكان الهدف الرئيسي من اتفاق الرياض هو طي صفحه الماضي ولملمه الجهود,,0.009588,low
a28abe6c-75be-4592-93a8-c5f22b90cc29,mediaspeech,../data/mediaspeech_ar/AR/a28abe6c-75be-4592-93a8-c5f22b90cc29.flac,,عزيزي احنا البيانات اللي بستخدمها المواطن اول شيء عند التبليغ الحالات التجمعات التجاريه والمناسبات لا يتم اخذ اي بيانات من المواطن لا رقم تليفونه ولا اسمه مع انه اوبشينال يعني هو اختياري يدخلهم,,0.343714,mid
dc3f0396-f671-44eb-b71e-fe47734a05be,mediaspeech,../data/mediaspeech_ar/AR/dc3f0396-f671-44eb-b71e-fe47734a05be.flac,,كبيره لهذه العصابات بعدها وبمعلومات ايضا من قبل جهاز المخابرات الوطني والتنسيق معاه ااا جهاز اا مكافحه الارهاب,,0.217584,low
f9b19736-d5ba-47c1-80fd-5972160d88ad,mediaspeech,../data/mediaspeech_ar/AR/f9b19736-d5ba-47c1-80fd-5972160d88ad.flac,,تكون له مزاياه وقد تكون له عيوبه والنظام القديم برضو انا حضرت بعض جلسات التفاوض مع مسؤولي وزاره الصحه النظام القديم يعني مش مش مش احسن حاجه زي ما بنقول لكن ا في جميع الاحوال,,0.534933,mid
e5df387e-1e17-4c77-982e-ef09a795a536,mediaspeech,../data/mediaspeech_ar/AR/e5df387e-1e17-4c77-982e-ef09a795a536.flac,,القضايا في الداخل يعني هشم امريكا كليا كنظام قائم علي ما بعد الحرب العالميه الثانيه بضرب المؤسسات و الدوله العميقه و الاستابلشمنت و خارجيا طبعا انسحب من جميع الاتفاقيات,,0.041038,low
47ec1eae-fa75-4b53-8b0f-35c9768aa7b0,mediaspeech,../data/mediaspeech_ar/AR/47ec1eae-fa75-4b53-8b0f-35c9768aa7b0.flac,,وضبط هيدي الزراعه وتسويق هيدي الزراعه وتامين لقمه العيش لهؤلاء المواطنين المحرومين فعلا محرومين طب معالي الوزير الا يمكن ان تكون هذه الزراعه علي حسابات علي حساب زراعات اخري يعني علي سبيل,,0.620049,mid
2738e202-c84e-4573-abc9-505d85ded870,mediaspeech,../data/mediaspeech_ar/AR/2738e202-c84e-4573-abc9-505d85ded870.flac,,كم جميعا ضيوف الاكارم ا ابدا معك سيد القبيبان ما الذي يعني يمكن ان ينفع به المال اليمن الذي يحتاج ثمانون بالمئه منه الي المساعدات ووضعه يزداد صعو,,0.011838,low
fac604ac-099f-48f6-909c-d46dddabc18c,mediaspeech,../data/mediaspeech_ar/AR/fac604ac-099f-48f6-909c-d46dddabc18c.flac,,الوفاق المرتزقه الذين جاؤوا من كل دول العالم وجمعوهم في سوريا وجاءت جاء بهم اردوغان الي ليبيا ولكن هناك مشكله وهي ان الولايات المتحده الامريكيه شريك مع,,0.002003,low
b78a5d66-cb7f-48ef-8e09-1e1de2cf1fdf,mediaspeech,../data/mediaspeech_ar/AR/b78a5d66-cb7f-48ef-8e09-1e1de2cf1fdf.flac,,لكل ما هو اسود في مجتمعاتنا العربيه واللي يخلي ويعزز كل السلوكيات العنصريه في المجتمعات العربيه عمر ما رايك في هذه,,0.28225,low
0bf64ec0-6e33-4529-86a7-98423516279b,mediaspeech,../data/mediaspeech_ar/AR/0bf64ec0-6e33-4529-86a7-98423516279b.flac,,اصابه داعش الارهابي في القتال هزمت باتجاه الاراضي السوريه وتعرف التيس الان في مناطق شمال غرب سوريه لا زال تواجد لعصابه داعش الارهابي ايضا هناك سجون لدي,,0.021966,low
61a25c5b-2fbf-4f21-939a-68cf3e1256d0,mediaspeech,../data/mediaspeech_ar/AR/61a25c5b-2fbf-4f21-939a-68cf3e1256d0.flac,,سياسيه جهرت في الخصومه الحاده لحسان دياب ولا للحكومه طبعا في بعض القوي السياسيه سواء كانت تيار المستقبل او القوات اللبنانيه او الكتائب قالوا انهم,,0.108919,low
73208c43-0f04-4c17-8d6d-94b5145e816b,mediaspeech,../data/mediaspeech_ar/AR/73208c43-0f04-4c17-8d6d-94b5145e816b.flac,,شوكته من من من مدينه سرت بعد ان قدمنا اكثر من سبعميه شهيد في هذه المعركه وهذه هذه هي نفس القوات التي اقتلعت داعش اما قصه محاوله تصوير في بدايه العدوان صقرت,,-0.00099,low
5b400dd5-0b3e-4448-a63f-daa5bb51de3d,mediaspeech,../data/mediaspeech_ar/AR/5b400dd5-0b3e-4448-a63f-daa5bb51de3d.flac,,السوري بين اا روسيا وووبين ا تركيا وفيها نهايه المطاف يعني كيف تنظر انقره الي دور روسيا ايضا علي الساحه الليبيه,,0.070831,low
3ba44706-b353-468c-9216-71d2b7643fab,mediaspeech,../data/mediaspeech_ar/AR/3ba44706-b353-468c-9216-71d2b7643fab.flac,,ان يكون اي نوع من التسامح وخصوصا يعني لو تكلمنا عن المغرب لان انا اصولي من المغرب انه هذه الظاهره الاحظها لما اكون اتجول في في شوارع المغرب يعني لا اعمم ان هذه,,0.380028,mid
09a1315b-50cf-4cc8-96c9-b6625f8adb5a,mediaspeech,../data/mediaspeech_ar/AR/09a1315b-50cf-4cc8-96c9-b6625f8adb5a.flac,,ترامب اا سيحظي بنسبه كبيره من تاييد المستقلين الرئيس الامريكي لا يربح الانتخابات نظرا لانه يحصل علي انتخ اصوات حزبو اعتقد ان نسبه التصويت في نوفمبر المقبل,,0.069109,low
a1bf1979-f96e-4c3f-9447-822fa68d88a3,mediaspeech,../data/mediaspeech_ar/AR/a1bf1979-f96e-4c3f-9447-822fa68d88a3.flac,,منطقه العربيه بمنظمه العمل الدوليه دكتور مها قطاع شكرا لوجودك معنا وفي الامارات اظهر تقرير للينكدان حاله فريده فبالرغم من التاثر السلبي لبعض القطاعات,,0.000191,low
50ef03f0-c5dd-4993-93d6-c42f3bed6ad1,mediaspeech,../data/mediaspeech_ar/AR/50ef03f0-c5dd-4993-93d6-c42f3bed6ad1.flac,,اخر رغم وجود مجتمع مدني صلب في تونس يمنع مثل هذا الانتشار السياسي اذا اجابه علي سؤالك اظن ان هناك تحالف جزئي امريكي تركي في في في ليبيا سيد شمايررهناك,,0.001201,low
cd6fbaa9-d7e0-4222-8248-51b4fd9d9f65,mediaspeech,../data/mediaspeech_ar/AR/cd6fbaa9-d7e0-4222-8248-51b4fd9d9f65.flac,,انه شويه تاجيل وهذا اشي عادي يعني فهمت متكيف انه من راعي ظروف بعض يعني بدي اجي اخذ والله هالمتين وعشرين دينار الفرضوه الحكومه اجبروا صاحب المحل وما فيش مبيع كمان,,0.959707,high
8091ac2c-4859-4297-81d7-89ea78ecaa73,mediaspeech,../data/mediaspeech_ar/AR/8091ac2c-4859-4297-81d7-89ea78ecaa73.flac,,اولا عندما تتجه العقوبات ضد اصدقاء ايران يدل علي ان العقوبات الماضيه فشلت ضد ايران يعني كل هذه العقوبات النفطيه والماليه والاقتصاديه وحتي الطبيه والانسان,,-0.00087,low
7512db3a-bfb7-4c56-99be-d5410c3bcbf3,mediaspeech,../data/mediaspeech_ar/AR/7512db3a-bfb7-4c56-99be-d5410c3bcbf3.flac,,الملفات جميعها تتاثر ببعضها البعض ولكن الحديث عن ان هناك مقايضات بمعني مثلا زي ما يذكر البعض ادلب وليبيا وغيرها اعتقد انها مبالغات كبيره ملف ادلب اصلا واضح بشد درجه كبيره,,0.116614,low
3ca21209-e16f-49f9-a45f-5048745748d6,mediaspeech,../data/mediaspeech_ar/AR/3ca21209-e16f-49f9-a45f-5048745748d6.flac,,كان المفروض ان يعقد مؤتمر صحفي طارئ مع وزير العدل الامريكي يعيد فيها في النظر والتحقيق في ممارسات الشرطه في كل انحاء الولايات المتحده كل فتره تحصل حوادث مثل هذه اا يتم الوعد من الحكومه,,0.071165,low
adfc208a-bfd5-401e-b02d-1acac86d9421,mediaspeech,../data/mediaspeech_ar/AR/adfc208a-bfd5-401e-b02d-1acac86d9421.flac,,هل كانت بينهم نسبه كبيره من الاجانب اا الاقصر مدينه سياحيه فكان فعلا فيها نسبه كبيره من الاجانب في اول الوباء عندنا كان حوالي من ثلث لنصف المصابين كان عالم الاجانب من ست,,0.082079,low
17955b9d-fb0d-4a69-bf5d-c28d487a3910,mediaspeech,../data/mediaspeech_ar/AR/17955b9d-fb0d-4a69-bf5d-c28d487a3910.flac,,انتخابه فهو يسعي جاهدا لانهاء الازمه ا وطبعا هو لم يقيد ا حريه اي راي في انتقاده يعني العديد من الناس انتقدوه فهو لم يعتقل هؤلاء من قام,,0.007385,low
3662bc22-47e1-4315-94da-0050d8e0ec53,mediaspeech,../data/mediaspeech_ar/AR/3662bc22-47e1-4315-94da-0050d8e0ec53.flac,,هذا الحادث من فرص اعاده انتخاب ترامب هل سيكون الرئيس القادم ايضا لولايه جديده عمر لا يتوقع ذلك و يقول الناخب الامريكي مادي بالدرجه الاولي كل همه ان يجلب الرئ,,0.065515,low
0b480782-05dc-467b-af27-bdaaa7ad2928,mediaspeech,../data/mediaspeech_ar/AR/0b480782-05dc-467b-af27-bdaaa7ad2928.flac,,داعش وانه سوف تكون هناك هجمات يعني كانه تنظيم داعش يغير اسلابه وعشرين الف مره لا هو مش بيغير اسلوبه طب اين هذا الاستطلاع اين يعني اين هذه القدرات الامريكيه اين اين الخدمات التي قدمها الجانب الامريكي,,0.394287,mid
c9f77999-6ed1-4c21-9308-9465283a08c0,mediaspeech,../data/mediaspeech_ar/AR/c9f77999-6ed1-4c21-9308-9465283a08c0.flac,,الفين وخمسه عشر حدود اثيوبيه تدخل الملف في خانه المراوغه فمن الزاويه ذاتها توجه اديس ابابا اصابع الاتهام لمصر متهمه القاهره,,0.049866,low
c8c2bcef-4390-4238-941a-4205b712a955,mediaspeech,../data/mediaspeech_ar/AR/c8c2bcef-4390-4238-941a-4205b712a955.flac,,مجيء الملك سلمان وابنه محمد بن سلمان اصبح لدينا اثنين تريليون اين ذهب الترليون اضافه الي خمس مئه مليار لقاء عفو عفو اضافه الي مئات المليارات طيب حضرتك طرحت نقطه لها علاقه بالصندوق السيادي وباجراءات متخذه في دول خليجيه اخري,,0.156635,low
b34417ea-bc2e-443a-a64e-a3f4d41ab806,mediaspeech,../data/mediaspeech_ar/AR/b34417ea-bc2e-443a-a64e-a3f4d41ab806.flac,,وبالتالي ليس لها مصلحه ان يكون هناك حل سياسي اذا المشكل بالاساس هو مشكل امني لا لا وجود مشكل حقيقي بين الليبيين لا توجد مشكله في بين الليبيين من يحكم الليبيين لا يمكن ان طيب,,0.026952,low
d69feb9b-7331-4247-a242-c0e2bc4f61ab,mediaspeech,../data/mediaspeech_ar/AR/d69feb9b-7331-4247-a242-c0e2bc4f61ab.flac,,تربحه او تخسره بالنسبه بالنسبه الان لنفوذها انت الان تحدثت عن الداخل الايراني ماذا بشان النفوذ الايراني يعني هذه العقوبات الامريكيه وهذه التشريعات التي جاء بها الجمهوريون تتحدث عن استهداف,,0.001693,low
5f32f1f3-89ec-41f6-a565-25c292df926e,mediaspeech,../data/mediaspeech_ar/AR/5f32f1f3-89ec-41f6-a565-25c292df926e.flac,,قالت انه محكمه الجنايات الدوليه لديها من الاقمار الاصطناعيه ما يرصد الامور بدقه لكنه يفند تماما ما جاء لا لا لا لا لا,,-0.004996,low
20e900e3-c66e-4817-9acb-f48c9f30a5bc,mediaspeech,../data/mediaspeech_ar/AR/20e900e3-c66e-4817-9acb-f48c9f30a5bc.flac,,بتكون مغلقه بالنسبه امامك فتبدا تتجه للحلول الفرديه اللي هو التسديد نحن يمكن لو شفنا تقريبا كره سالم كانت خطيره جدا لكن كانت محاوله وحده المفروض في في دفاع,,0.369488,mid
3d8267ad-35b7-40a8-9a3f-6894fee8091c,mediaspeech,../data/mediaspeech_ar/AR/3d8267ad-35b7-40a8-9a3f-6894fee8091c.flac,,محمد عوض لكنني ساطرحها علي ضيفي عبر خدمه الانترنت من القاهره الدكتور شريف موسي رئيس الطاقم الطبي في مستشفي عزل اسنا دكتور شريف اهلا وسهلا بحضرتك كان لي مع حضرتك لقاء سابق علي ما اتذكر وكنا نتحدث عن عدد الحالات,,0.139324,low
8ebeadc7-bdd0-41c2-b6c4-e36fe0d3c22a,mediaspeech,../data/mediaspeech_ar/AR/8ebeadc7-bdd0-41c2-b6c4-e36fe0d3c22a.flac,,هذا راي جميله ربما يكون الرد علي جميله من التعليقات التي هاجمت اداره ترامب بسبب التعامل مع الازمه بل و ترامب نفسه و حملته المسؤوله عن اشعال,,0.014071,low
5ab7796c-09f9-4952-a248-124ee6ef133c,mediaspeech,../data/mediaspeech_ar/AR/5ab7796c-09f9-4952-a248-124ee6ef133c.flac,,انتقالي واعاده التموضع وتعيين المحافظ هذه المصفوفه التي وقع عليها الانتقالي مكتوب فيها بالتفصيل انه يجب تسليم الاسلحه كذا وكذا وكذا يجب اعاده تموضع كذا وكذا وفي الخطوه الثامنه يتم,,0.237286,low
986557a7-2d2a-4c97-a2b6-b89b1cc45d77,mediaspeech,../data/mediaspeech_ar/AR/986557a7-2d2a-4c97-a2b6-b89b1cc45d77.flac,,علي سبيل المثال يعني ما يقع الان في ليبيا او في المخيمات المتواجدين فيها اللاجئين الافارقه او من افريقيا جنوب الصحراء يعني لم يتس يعني منظمات حقوقيه,,0.010411,low
f51c5616-2288-4c7e-9737-417f46daea31,mediaspeech,../data/mediaspeech_ar/AR/f51c5616-2288-4c7e-9737-417f46daea31.flac,,ا نموذج لانتاج جماعي في علاقته مع الواقع بكل ا تجلياته وقضاياه والمراه يعني اكيد هي ا تبقي موضوع مهم جدا اثار جدلا بخصوص مدي انصاف,,0.149487,low
0d5b08b6-4a4a-4629-8028-3611b318f941,mediaspeech,../data/mediaspeech_ar/AR/0d5b08b6-4a4a-4629-8028-3611b318f941.flac,,عمل القضاء بحيث ان القضاء نظف نفسه و او نقي نفسه من كل الشوائب ومن كل الفساد في اول محطه عندما يعني نقل المرسوم الي القوي السياسيه او لرئيس الجمهوريه لتو,,0.06347,low
5601f635-ca85-4689-815f-05a67e2921ec,mediaspeech,../data/mediaspeech_ar/AR/5601f635-ca85-4689-815f-05a67e2921ec.flac,,اصبحت حرب اعلاميه من الجهتين سواء من الوزيره او الحكومه والنقابه النقابه بتتحدث للاسف ما عندهاش اللي عندها معلومات اا من وزاره الصحه وزاره الصحه,,0.439576,mid
e6fa6141-625d-4b6b-bb69-3d18c51b1840,mediaspeech,../data/mediaspeech_ar/AR/e6fa6141-625d-4b6b-bb69-3d18c51b1840.flac,,عندهن اشكاليه انه يجوا يستثمروا بلبنان صار عندنا نحن مشروع متكامل و لكن نحن حينما يبصر النور هدا المشروع المتكامل سيكون بمتناول المعنيين بالدوله اللبنانيه لدعم هذا,,0.315803,low
40110d85-aed8-44b9-a0cb-bcee437ed318,mediaspeech,../data/mediaspeech_ar/AR/40110d85-aed8-44b9-a0cb-bcee437ed318.flac,,لكن كنت نقطه عايز اقولها ان دلوقتي احنا في امريكا بنشهد ازمه اقتصاديه خانقه عدد العاطلين يفوق حوالي تلاتين مليون ده يعني خراب علي الكل ازمه كرونا ازمه خطيره جدا ادت الي,,0.857989,high
f6fc8724-1e47-4795-ad8f-abec0ddc1b8a,mediaspeech,../data/mediaspeech_ar/AR/f6fc8724-1e47-4795-ad8f-abec0ddc1b8a.flac,,و والمعاني وهذه الامور ولكن ما الذي يفهم عمليا منه يفهم عمليا منه انها تقول انها سوف تلتزم لكنها لا تريد ان توقع اتفاقا قانونيا فبمعني انه,,-0.002882,low
b2b917bf-5ed8-4b03-a9ff-61f4c4d95533,mediaspeech,../data/mediaspeech_ar/AR/b2b917bf-5ed8-4b03-a9ff-61f4c4d95533.flac,,يعني ولا رئيس يجرؤ لا يمكنك ان تستعدي الاس اف هذه جزء من المنظومه الامريكيه الحاكمه ينسف جميع المؤسسات في الدوله الان طرد اربعه من المراقبين داخل,,0.068667,low
2689ed19-ad72-4671-a01b-c184a74b194d,mediaspeech,../data/mediaspeech_ar/AR/2689ed19-ad72-4671-a01b-c184a74b194d.flac,,عن زراعات اخري و ماذا عن قدره قطاع صناعه الدواء في لبنان علي استيعاب المحاصيل هذه المحاور و غيرها نناقشها في حلقه الليله من برنامج نيوز ميكر مع وزير الزراعه اللبناني عباس مرتضي,,0.005361,low
6a6a1515-890f-4cda-ac17-c88d7072145c,mediaspeech,../data/mediaspeech_ar/AR/6a6a1515-890f-4cda-ac17-c88d7072145c.flac,,فقط انا ان افرض الحلول لذلك انا اقول ان اتفاقيه الفين وخمستعش باريس مع حسن النوايا فيها لم تطبق لان لاعب رئيسي فيها,,0.163758,low
00637516-a35d-4905-98fe-504114152bd8,mediaspeech,../data/mediaspeech_ar/AR/00637516-a35d-4905-98fe-504114152bd8.flac,,بادئ الفين وخمستعش هي لم تقل نحن نرفض ولكنها وضعت شرط في حال لم ينفذ هذا الشرط يفترض الانسان ان اديس ابابا لن تقبل بالاتفاق,,0.254842,low
d7b59977-47bc-4870-9292-4f4226af59a3,mediaspeech,../data/mediaspeech_ar/AR/d7b59977-47bc-4870-9292-4f4226af59a3.flac,,ترعي اا مؤسسات ومصالح هذا القطاع الزراعي لذلك نحن بنشوف خير فيه حتي نحن ما نضل نلعن الظلام خلينا نضوي شمعه حتي ما نقول ان الوضع الامني,,0.535873,mid
89fd0759-0f7d-4ed3-a48b-a88cd4978fad,mediaspeech,../data/mediaspeech_ar/AR/89fd0759-0f7d-4ed3-a48b-a88cd4978fad.flac,,قيمه وان الرئيس كان يرغب في القيام بشيء نحن لم نشهده تاريخيا في الولايات المتحده من قبل فلذلك هناك الكثير من الناس الذين يشعرون بالكثير من القلق ازاء مثل هذه السياسات,,-0.005336,low
99d9d714-a9ab-45d8-8a2d-deb239084034,mediaspeech,../data/mediaspeech_ar/AR/99d9d714-a9ab-45d8-8a2d-deb239084034.flac,,شكرا لكم علي هذه الدعوه وتحيه لضيفيكم الكرام ا اذا كما ما هو معروف انه حدث ان حصل خلاف في ضمن حلف شمال الاطلسي كما تفضلتم في سوريا وشبه في ذلك,,0.080548,low
607aa3b2-300c-422b-aa3e-860bb2001390,mediaspeech,../data/mediaspeech_ar/AR/607aa3b2-300c-422b-aa3e-860bb2001390.flac,,هو هاتفي الذكي لذلك فكرت اذا كان بامكاني القيام بكل هذا فقط من خلال استخدام هاتفي الذكي لماذا لا اطلب من ضيوفي اليوم ان يخبرونا قصصهم بطريقتهم الخ,,-0.003055,low
cda24b6d-f7c5-497d-87e5-77c29775f723,mediaspeech,../data/mediaspeech_ar/AR/cda24b6d-f7c5-497d-87e5-77c29775f723.flac,,مع دول العالم اجمع ومع الغرب تحديدا بسبب سياساتها الخاطئه ليس فقط سياستها الخارجيه علي مستوي العالم ولكن مع دول الجوار في الاقليم وسياساتها داخليا مع الشعب الايراني نفسه هي التي ادت الي كل ما يحدث,,-0.003946,low
c047d34f-e736-428d-8ddf-50ba0b486bc6,mediaspeech,../data/mediaspeech_ar/AR/c047d34f-e736-428d-8ddf-50ba0b486bc6.flac,,مشكله المنهج والطريق والاسلوب وبالطبع نحن يجب ان نتعامل مع هذه القضيه بسبب ان ذلك يثير فوضا سياسيه في الولايات المتحده الان,,0.008543,low
5fe15a57-e830-4ab3-8aad-c927a8106f5b,mediaspeech,../data/mediaspeech_ar/AR/5fe15a57-e830-4ab3-8aad-c927a8106f5b.flac,,لجوء الما يعرف ان اللاجئين اللي جو علي دول امنه انهم لا يعترف باللجوء عنهم والفتره اللي كانت يعني في بدايه الفين وواحد هي اللي كانت فتره ايجابيه بعدما يعني,,0.526084,mid
bde92d77-2ef2-4c21-ad30-102945c9cb42,mediaspeech,../data/mediaspeech_ar/AR/bde92d77-2ef2-4c21-ad30-102945c9cb42.flac,,اطباء ونحن ندرك بشكل كامل يعني الحرقه اللي هم بيتكلموا في بها دفاعا عننا وعن ارواحنا وعن ارواح الزملاء لكن انا يعني يمكن يحزني ان الحرب,,0.596677,mid
1b2e5fb0-76aa-4ea7-8bfa-d645c952e51c,mediaspeech,../data/mediaspeech_ar/AR/1b2e5fb0-76aa-4ea7-8bfa-d645c952e51c.flac,,امام الاحساء الرياض سيكتمل انجازه منتصف شهر رجب المقبل او شهر يوليو حيث تبدا مرحله التشغيل التجريبي وفقا لاستعدادات متكامله في تقديم خدمه عاليه المستوي للمسافرين بضمان,,-0.000389,low
1f32ca36-d9b3-4955-adf8-172f39a1e591,mediaspeech,../data/mediaspeech_ar/AR/1f32ca36-d9b3-4955-adf8-172f39a1e591.flac,,في هذا التصريح يشككون في جهود مواجهه فيروس كورونا فنظر الي الاطباء الذين يعربون عن استيائهم او ااا اعتراضهم علي ما جري الدكتور وليد وزملائه انهم بالتاكيد هم من جماعه الاخوان المسلمين ويريدون,,0.00026,low
d63e70a8-e0fe-45f5-8aa6-c7f2db7b5820,mediaspeech,../data/mediaspeech_ar/AR/d63e70a8-e0fe-45f5-8aa6-c7f2db7b5820.flac,,معي من هناك طارق مقيم في الولايات المتحده لكن من اصل سوداني يا طارق اهلا وسهلا اولا قبل ان نتحدث عن تعامل الاداره مشاهداتك انت في منيابليس ما هي وهل فعلا علي,,0.113501,low
27e651ad-25b6-4c00-a378-7d88a26a5bbe,mediaspeech,../data/mediaspeech_ar/AR/27e651ad-25b6-4c00-a378-7d88a26a5bbe.flac,,الارهابيين وكذلك تدمير مضافات قديمه وبعض المضافات اللي كانوا يختبئون فيها لكن هذا يشير الي انهم ليسوا بالعشرات بل اكثر من المئات ربما لا لا لا يعني,,0.080793,low
699958ba-03c7-489e-ad88-191de18f3ce5,mediaspeech,../data/mediaspeech_ar/AR/699958ba-03c7-489e-ad88-191de18f3ce5.flac,,مجموعه من المشاركين علي صفحاتنا مثلا عبدالله الجودر كتب يقول انسحاب حفتر تكتيك من المخرج لكي تظل الحرب بلا منتصر مد وجذر لاجل تظل الحرب مشتعله بالاموال,,0.023623,low
f03c4c88-9dc1-4cde-9b59-771196206314,mediaspeech,../data/mediaspeech_ar/AR/f03c4c88-9dc1-4cde-9b59-771196206314.flac,,الفين الفين وعشرين نحن الحكومه الشرعيه نحن الحكومه الوطنيه نحن الحكومه القانونيه نحن الحكومه الشعبيه نحن الحكومه الاخلاقيه وبالتالي ونحن نتواجد علي اغلب علي اغلب مناطق طرابلس حتي الانسحاب اللي حصل من الجيش,,0.314944,low
55e3b3f2-2252-470d-a2ab-648fbf016d07,mediaspeech,../data/mediaspeech_ar/AR/55e3b3f2-2252-470d-a2ab-648fbf016d07.flac,,لبنان مواجهات عنيفه بين المحتجين والقوي الامنيه في خضم ما يبدو انه مستمر من احتجاج علي تدهور سعر الليله الليره وعلي غلاء المعيشه فهل يذكر الخلاف بين الفرقاء,,0.017127,low
3cef5c75-adc2-4b38-8f53-4e5b6c943c08,mediaspeech,../data/mediaspeech_ar/AR/3cef5c75-adc2-4b38-8f53-4e5b6c943c08.flac,,سعودي علي الاجراءات الاخيره ايمن عبدالله كتب يقول زياده الضرائب ستاتي بالثوره ضد النظام السعودي علي حد قوله لم يستبعد بو فهد ان يؤدي فرض الضرائب الي تصاعد مطالبات بالتمثيل السياسي في السعوديه هذه نقطه,,-0.002232,low
03b393d0-78c4-4269-ac86-12e507801d30,mediaspeech,../data/mediaspeech_ar/AR/03b393d0-78c4-4269-ac86-12e507801d30.flac,,الانفاق عالي جدا مستوي يعطينا فرصه لرفع مستوي الاجهزه الامنيه والجيش السعودي وفي تخفيف الانفاق في المجال العسكري والامني جميل سمو الامير ما بقي عندي وقت كثير,,0.320253,low
c9e58b67-dc22-47d7-aff0-6897cdd2a74b,mediaspeech,../data/mediaspeech_ar/AR/c9e58b67-dc22-47d7-aff0-6897cdd2a74b.flac,,ويمكنكم مشاهدينا الاكارم المشاركه معنا من خلال التصويت في صفحتنا علي موقع تويتر ات ار تي ارابيك عبر الاجابه علي السؤال التالي هل تؤيد فرض رقابه علي وسائل التواصل الاجتماعي,,0.001405,low
df30810f-f6aa-4495-ab38-1c6e0aa28fdf,mediaspeech,../data/mediaspeech_ar/AR/df30810f-f6aa-4495-ab38-1c6e0aa28fdf.flac,,وبعيدا عن زلك ا معامله ال ال الشهداء من الاطباء معامله مصابين العمليات العسكريه يعني قانون ستاشر سنه الفين وتمنتاشر هو الحئيئه هنا الامر اختلف الطبيب هنا بيقدم روحه ببساطه,,0.327959,low
eda1fb9c-76d2-4ebf-bcb3-a6b910ebc4e4,mediaspeech,../data/mediaspeech_ar/AR/eda1fb9c-76d2-4ebf-bcb3-a6b910ebc4e4.flac,,الجمهوريين يختلفون معه في من وراء الكواليس لكن لا يريدون ان يقولوا علنا انهم ضده لن يعرفون لديه قاعده يمينيه تؤيده قاعده عنصريه تؤيده خصوصا عندما يكون الموضوع,,0.029454,low
5c862e53-d917-4541-a88e-aabac5382406,mediaspeech,../data/mediaspeech_ar/AR/5c862e53-d917-4541-a88e-aabac5382406.flac,,الطائرات المسيره التركيه وهل من يستخدم بانسر في ليبيا تمكنوا من الاستفاده القصوي من مواصفاته القتاليه العاليه ام اساء توظيف هذا السلاح,,-0.003049,low
e8d2da51-7992-4bbd-957f-81dc82b2a940,mediaspeech,../data/mediaspeech_ar/AR/e8d2da51-7992-4bbd-957f-81dc82b2a940.flac,,يجب ان يتصدي اليه وهناك يعني مخاطر اخري ما هي المخاطر الاخري مثلا يجب ان تكون تلك الاجراءات التقنيه محدوده النطاق والغرض وتستخدم فقط,,-0.004917,low
58763a53-635f-4647-b10b-9b60fdb5a2ea,mediaspeech,../data/mediaspeech_ar/AR/58763a53-635f-4647-b10b-9b60fdb5a2ea.flac,,سياسيه محاوله من بعض الاطراف لاظهار الاحتجاجات بمظهر اه الشغب وانها اعمال عنف وايضا محاوله من اجل اطاحه بالحكومه بشكل من الاشكال من قبل,,0.009951,low
886d5069-3a5c-4985-b2d8-f63c56445370,mediaspeech,../data/mediaspeech_ar/AR/886d5069-3a5c-4985-b2d8-f63c56445370.flac,,والنسيج المجتمعي اما الدول ما هيش قاعده عزز في فكر عدم التمييز طيب يا دوريه انت تتابعين بالتاكيد مباريات كره القدم في اكثر من بلد اوروبي وتابعتي هذه الشعارات الع,,0.710539,high
d61ce35d-fedc-4397-b23d-389679db0a41,mediaspeech,../data/mediaspeech_ar/AR/d61ce35d-fedc-4397-b23d-389679db0a41.flac,,اوغنده وروسيا ايضا انما يقوم به العسكريون هو انهم يفجرون الاماكن وهم يقتلون اناسا هذا هو دورهم الاساسي فهذا منهجم الاساسي ولكن المشكله ا تكمن في ان,,-0.004434,low
db2c87d4-5f33-43cf-bebe-52367eb02dae,mediaspeech,../data/mediaspeech_ar/AR/db2c87d4-5f33-43cf-bebe-52367eb02dae.flac,,اجراءات التباعد الاجتماعي والعمل من المنزل القت بظلالها علي جوانب كثيره جدا في حياتنا وفي عملنا بالنسبه لي الفرق الاكبر كان في غياب احد اهم عناصر فريق التصوير,,-0.004061,low
d9389300-16ea-4c02-a84e-21896c8300ae,mediaspeech,../data/mediaspeech_ar/AR/d9389300-16ea-4c02-a84e-21896c8300ae.flac,,لا يعني هو نعم نعم طبعا هو ترامب ومشكلته النرجسيه ومشكلته انه لا يخطئ هو يؤمن بانه هو الرئيس الافضل والاحسن والاذكي ويفهم بالطب,,0.024401,low
3952b5f2-3aaf-4a11-95c3-35f1691f27ad,mediaspeech,../data/mediaspeech_ar/AR/3952b5f2-3aaf-4a11-95c3-35f1691f27ad.flac,,عالاقل في الفتره الاخيره هناك درجه اكبر من الوعي وانا لا افضل مساله ولا اتمني ان تكون هناك منافسات بين مصر والجزائر او بين اي دوله لانه الثمن هو انه هناك,,0.162837,low
e1884642-346d-48bb-88af-cf4a16190edc,mediaspeech,../data/mediaspeech_ar/AR/e1884642-346d-48bb-88af-cf4a16190edc.flac,,ولايات اخري مختلفه ذات الغضب من مقتل فلويد طريقه تعامل الاداره تحديدا مع هذه الازمه هي موضوع اليوم و عنها اتحدث مع ضيفي,,-0.002691,low
ff3793ed-1b4d-40c3-bc9f-4cd705054d9f,mediaspeech,../data/mediaspeech_ar/AR/ff3793ed-1b4d-40c3-bc9f-4cd705054d9f.flac,,في اول الادويه اللي كانت فيه كانت موجوده متوفره وقتها الاصناف اللي بدات تتغير في النص لانو نوفرها بشكل ما باخر عن طريق طلب من الوزاره وكان بيجي لنا واللي كان الطلب كان بيجي بس كان متاخر شويه بحكم ان احنا كنا مكان بعيد شويه في الصعيد,,0.831721,high
3001b855-5f51-41b4-ae79-5dd5c9acc7be,mediaspeech,../data/mediaspeech_ar/AR/3001b855-5f51-41b4-ae79-5dd5c9acc7be.flac,,انفاق يا دكتور سرور وليس عن كونه ضروريا من عدمه انا اسال حضرتك عن تاثير ذلك تقنيا ماليا علي موازنه لدوله وبعدين ميزانيه لدوله تتحدث عن عجز في الميزانيه او في الموازنه,,0.019134,low
0ad74435-dfb7-4ae9-8b9e-6dbc57ce4731,mediaspeech,../data/mediaspeech_ar/AR/0ad74435-dfb7-4ae9-8b9e-6dbc57ce4731.flac,,الاجتماعي لتكفي لتكثيف حملات الدعايه الانتخابيه ولكن ستكون هناك ا يعني اشغال كثيره للقسم القانوني ولكي نصحح الانطباع الذي اعطاه,,-0.000302,low
98d8237b-6dcd-4880-895a-667e55263604,mediaspeech,../data/mediaspeech_ar/AR/98d8237b-6dcd-4880-895a-667e55263604.flac,,اللي بتشتغل بها مرسول مختلفه تماما عن الشركات اللي قفلت في مصر لانها بتشتغل علي مالتي كاتجوري يعني بتشتغل علي قطاعات مختلفه تمام يعني مساله التوصيل عندها,,0.580323,mid
5b92a9f7-dadb-41b3-9749-388afce74395,mediaspeech,../data/mediaspeech_ar/AR/5b92a9f7-dadb-41b3-9749-388afce74395.flac,,لا اعتقد ان هنالك اهتمام دولي او ادني ذلك يقود مضاجع زعماء العالم كان هنالك عدد كبير من الضحايا خلال العشر سنوات الماضيه بعض الارقام تشير الي,,-0.00194,low
ba781148-98b6-4e44-b225-47e05355a8b7,mediaspeech,../data/mediaspeech_ar/AR/ba781148-98b6-4e44-b225-47e05355a8b7.flac,,طيب بدر تحكي لنا كيف بدا البرنامج هل انت كانت فكرتك هل انعرض عليك بس انك تقدم من فين جات الفكره بالاساس الفكره جايه من انه انا يعني امي,,0.760067,high
0719fa63-2367-4fd6-9bb7-c81f5309a746,mediaspeech,../data/mediaspeech_ar/AR/0719fa63-2367-4fd6-9bb7-c81f5309a746.flac,,هذه المبادره وهي عباره عن ورقه خارطه طريق خارطه الطريق ل ل لانت يعني نهايه ال ا الازمه الليبيه والحل النهائي في حقيقه الامر يعني بنودها تصب في مصلحه الليبيين,,0.035423,low
93659674-6a06-42e5-b35c-49f326841a59,mediaspeech,../data/mediaspeech_ar/AR/93659674-6a06-42e5-b35c-49f326841a59.flac,,خاصه الاقليميه في تحييدها عن الازمه الليبيه واعاده احياء مبادرات اخري سياسيه يجب ان تكون مرفقه بحلول امنيه وحلول امنيه وحلول امنيه عاجله اعتقد ان بالامكان,,-0.002745,low
08bf6ea7-0fc6-4cf9-b832-f0e1749a99e3,mediaspeech,../data/mediaspeech_ar/AR/08bf6ea7-0fc6-4cf9-b832-f0e1749a99e3.flac,,نتوقع العالم انها نهايه البشريه ولكنها خرجت من الازمه بشكل اقوي وهذا ما نراهن عليه لاقتصادنا السعودي باذن الله تعالي الازمه التي مر بها اقتصاد,,-0.000134,low
ce0ea724-764f-4d69-a9e8-a75ed1736a79,mediaspeech,../data/mediaspeech_ar/AR/ce0ea724-764f-4d69-a9e8-a75ed1736a79.flac,,علي تصرفات خشنه وقاسيه لرجال الشرطه اذا يعني هل تعتقدون بالفعل هذه عادات مكتسبه من اا الاسرائيليين من الشرطه الاسرائيليه,,0.028983,low
11e59b2a-718c-4ccd-859b-a67447bfa8d2,mediaspeech,../data/mediaspeech_ar/AR/11e59b2a-718c-4ccd-859b-a67447bfa8d2.flac,,المتدخله في النزاع الليبي الليبي وبالتالي فاعتقد اان الوضع السياسي الان اصبح جاهزا من اجل تقديم مثل هذه المبادرات لمساعده الاخوه الليبيين,,-0.004799,low
cc7766fe-93aa-427a-aef6-270c0fe5a1a4,mediaspeech,../data/mediaspeech_ar/AR/cc7766fe-93aa-427a-aef6-270c0fe5a1a4.flac,,ممكن ان يحسب في هذا الاتجاه هو ان الايرانيين استطاعوا ان يخترقوا العقوبات الامريكيه ولكن صديقي العزيز انا من وجهه نظري الشخصيه اعتقد ان هناك ما تم,,-0.002097,low
9575d724-51cb-4869-a36e-fa5596a3bb20,mediaspeech,../data/mediaspeech_ar/AR/9575d724-51cb-4869-a36e-fa5596a3bb20.flac,,و سيكونون معنا انت اشرت الي انه القرار قرار اعلان الاداره الذاتيه سيشمل كل المناطق الجنوبيه باشاره الي المناطق الجنوبيه التي تعتبر قبل حدود العام الف وتسع مئه و تسعين صح و لا انا غلطان صحيح,,0.182103,low
fc6c3ae5-45e1-40fe-be79-2bb890aa7aa3,mediaspeech,../data/mediaspeech_ar/AR/fc6c3ae5-45e1-40fe-be79-2bb890aa7aa3.flac,,في تاجيج الوضع في المقابل هناك توجه له ثقل ايضا في التعليقات يبدي تفهما وتاييدا احيانا لاداره دونالد ترامب ويمثله هذا التعليق الذي بعث به علي,,-0.002555,low
e6756bc2-a14a-45e1-ac95-9bd578622096,mediaspeech,../data/mediaspeech_ar/AR/e6756bc2-a14a-45e1-ac95-9bd578622096.flac,,استاذ رامي من مصراته استاذ رامي اهلا وسهلا السلام عليكم استاذه رشا اهلا وسهلا خليني اسال حضرتك سؤال مباشر ما الذي يغير موازين القوي في ليبيا الان استاذه رشا موازين موازين,,0.316089,low
9393b837-a2f2-4239-9046-eb5889241205,mediaspeech,../data/mediaspeech_ar/AR/9393b837-a2f2-4239-9046-eb5889241205.flac,,ننتقدها من بدايه الازمه بدورها الرئيس في ظل هذه الجائحه وفي ظل هذا التحدي هذه نقطه تريد الاجابه والاستيضاح طيب طيب طيب سيد عبد الباقي يعني تتحمل اا او يتحمل المجتمع الدولي,,0.207532,low
a5bd5eec-8279-4085-9656-0591e14e27e9,mediaspeech,../data/mediaspeech_ar/AR/a5bd5eec-8279-4085-9656-0591e14e27e9.flac,,يعتمد او يفضل ان يكون في هناك حكام خليجيين موجودين يعني مثل هاي المباراه النهائيه لو حتي كان في حكام خليجين كان يكون انا اعتقد الاخراج او الاداء التحكيمي يعني ان شاء الله راح يكون جيد,,0.355321,mid
9c82b136-97b6-41af-b83e-cc4228cbcd85,mediaspeech,../data/mediaspeech_ar/AR/9c82b136-97b6-41af-b83e-cc4228cbcd85.flac,,غير ملمين باحداث اليمن والهدف الرئيسي من هذا التدخل واما انه تجني علي المملكه وحكومه المملكه هذه اولويه مطلقه مش وارد تكون وجهه نظر مخالفه,,0.199454,low
ca51f7fb-df5e-4930-bc4f-3710d628608b,mediaspeech,../data/mediaspeech_ar/AR/ca51f7fb-df5e-4930-bc4f-3710d628608b.flac,,فقط خمسه اهداف عن معادله الكويتي جاسم يعقوب الهداف التاريخي للبطوله برصيد ثمانيه عشر هدفا ليصبح ببخوت الهداف التاريخي للابيض في بطولات,,0.00294,low
cb2ace0d-158f-48b5-9b2b-21cac5235ef9,mediaspeech,../data/mediaspeech_ar/AR/cb2ace0d-158f-48b5-9b2b-21cac5235ef9.flac,,فاوضات والسلام هو المخرج الامر الاخر لماذا عندما نتحدث عن ليبيا اتحدث عن مليون وسبعميه وخمسين الف كيلو متر مربع اتحدث عن عديد من القوات لا يمكن ان يغطي هذه المساحه ولا ي,,0.008972,low
850b4cc5-83a4-4c4a-9816-387ceaa8ee6d,mediaspeech,../data/mediaspeech_ar/AR/850b4cc5-83a4-4c4a-9816-387ceaa8ee6d.flac,,واقصد بذلك في الحسكه والرقه الدوله السوريه الان وضعت خطط نحن نعتمد علي اصدقائنا علي روسيا علي ايران علي الصين نفعل توجه الشرقي شرقا وضعت خطط,,0.058509,low
f2fcb650-b07d-469a-b8b3-f670ec62f374,mediaspeech,../data/mediaspeech_ar/AR/f2fcb650-b07d-469a-b8b3-f670ec62f374.flac,,ابنتي حديثه الولاده بينما الان بوجود هواتف وطرق اتصالي بالارض عبر الانترنت يسمح لرواد الفضاء اجراء المكالمات في اي وقت مع اي شخص والي اي مكان,,-0.002777,low
0067be3d-7a9b-4220-a81e-f2cd699ee214,mediaspeech,../data/mediaspeech_ar/AR/0067be3d-7a9b-4220-a81e-f2cd699ee214.flac,,والفرنسيه والبريطانيه غارات شديده ومكثفه جدا ضد ثمانيه مواقع عسكريه سوريه بما فيهم مطار شعيرات بانتسر اشتغل ايضا واسقط اطلق ثلاثه وعشرين,,0.042651,low
73de222a-38d5-4232-9d55-99a5c5885a60,mediaspeech,../data/mediaspeech_ar/AR/73de222a-38d5-4232-9d55-99a5c5885a60.flac,,و مراجعه الميزانيه بس لحظه في الاربعه ارباع في السنه لان طرحت نقطه في السابق من الضيف السابق لها علاقه بتكلفه الحرب في اليمن صواريخ باتريوت التي عادت الولايات المتحده و سحبتها و كانت طرحتها في المملكه,,0.312446,low
20aac4a9-a8cf-4bd4-8481-8ecfebf8346f,mediaspeech,../data/mediaspeech_ar/AR/20aac4a9-a8cf-4bd4-8481-8ecfebf8346f.flac,,الفنان الاردني منذ ريحانه كان ليه دور في مسلسل خطوط حمراء في في رمضان اللي فات وفي الشهر ده او في شهر رمضان القادم هيقوم بدور البطوله المطلقه في مسلسل العقرب والامر لم يقتصر,,0.706216,high
a0632c93-5581-436f-a128-a2bbb4188b77,mediaspeech,../data/mediaspeech_ar/AR/a0632c93-5581-436f-a128-a2bbb4188b77.flac,,صحيح ان الكلام متعلق بسوريا ولكن الانظار موجهه الي ايران اا ضيفك يتحدث عن مفاوضات باعتقادي انه حتي لو كان هنالك مفاوضات فهي لاجدوي منها في هذا التوقيت ونحن في سنه انتخابات ولاداره الامريكيه كالبطه العرجاء لا بل,,0.01309,low
6258e2ca-ddc1-4971-8af0-c9a3754ffc57,mediaspeech,../data/mediaspeech_ar/AR/6258e2ca-ddc1-4971-8af0-c9a3754ffc57.flac,,الرئيس عبدالفتاح السيسي يعني ربنا اداه لنا هبه من السماء لمصر الحقيقه يعني يمكن انا ان هو بيبني الانسان المصري وبياخد باله من كل فئه في الموقف اما الاطباء قبل كده,,0.705755,high
ef48991d-d473-4d67-b9fd-9f5449bd3176,mediaspeech,../data/mediaspeech_ar/AR/ef48991d-d473-4d67-b9fd-9f5449bd3176.flac,,الحرم المكي سواء مملوك للحكومه او مملوكه للمواطنين هذي سوف تستثمر وسوف تساهم في جزء من ايواء هذه الاعداد الكبيره فما اعتقد انها تحدي,,0.0631,low
9ed60bb3-0a55-4076-8bd7-2fe403625ebb,mediaspeech,../data/mediaspeech_ar/AR/9ed60bb3-0a55-4076-8bd7-2fe403625ebb.flac,,اا مشاكل كبيره قوي في عمليه التصدير الزراعي او يعني بصفه خاصه يعني اا ولكن طبعا في بعض بعض المشاكل اللي هي في الزراعه ودي بنعمل استراتيجيات,,0.504204,mid
ef074b9c-a87a-43d3-9946-08ad28c7aa6f,mediaspeech,../data/mediaspeech_ar/AR/ef074b9c-a87a-43d3-9946-08ad28c7aa6f.flac,,تاثير الفيروس علي اربع قطاعات مهمه معي فيها الاستاذ وائل صبري صاحب سلسله مطاعم اهلا وسهلا بحضرتك ايضا الاستاذ اسامه حرفوش رئيس شركه مرسول مصر اهلا و سهلا بك و الاستاذ عبد الحميد,,0.110522,low
8b17d5cf-bea2-47c3-840b-f25a3d91210f,mediaspeech,../data/mediaspeech_ar/AR/8b17d5cf-bea2-47c3-840b-f25a3d91210f.flac,,خطتنا قد نصل خلال ثالث ثلاث سنوات الي انتاج البذور لكل الخضروات وما شابه ذلك في لبنان لذلك هايدي المشاريع هي اولويات واساسيات انو نحنا نوصل للانتاج ولكن استاذنا الكريم,,0.274898,low
86cc9290-69ef-4103-82c5-debb530f2e43,mediaspeech,../data/mediaspeech_ar/AR/86cc9290-69ef-4103-82c5-debb530f2e43.flac,,الي كلفه الحرب في اليمن من مارس الفين وخمسه عشر اضافه الي طرح بعض اسهم ارامكو للاكتتاب كل هذه الامور الا ترتبط بحياه المواطن السعودي العادي,,0.246778,low
d1ecbbc7-ff8b-4e0b-b24f-3bd2012a3124,mediaspeech,../data/mediaspeech_ar/AR/d1ecbbc7-ff8b-4e0b-b24f-3bd2012a3124.flac,,وطني مشكورا اشكرك شكرا جزيلا و مره اخري اتحول الي مشاركه هاتفيه من الاستاذ اشرف الطاهر من مصراته استاذ اشرف اهلا و سهلا السلام عليكم استاذه رشا و عليكم السلام,,0.10734,low
db58b8a2-0f42-458a-80db-33bfc1840f57,mediaspeech,../data/mediaspeech_ar/AR/db58b8a2-0f42-458a-80db-33bfc1840f57.flac,,فهد البتيري علي الطائر عمر حسين و انا بدر صالح ايشيلي اه كلنا نزلنا اه في اسبوع واحد ثلاث حلقات كلنا نتكلم عن ابو سرعه الفنيه الظاهره اللي طالعه ان الناس بتنزل الشارع بسروال وفنيله بدون توب,,0.850915,high
1fb7158e-9df6-480d-950f-94d6430ab075,mediaspeech,../data/mediaspeech_ar/AR/1fb7158e-9df6-480d-950f-94d6430ab075.flac,,المشتركه و السيد رئيس مجلس الوزراء قائد العام للقوات المسلحه السيد مصر الكاظمي بحكم ال الدستور هو يعتبر القائد العام للقوات المسلحه و ايضا هو قائد العمليات المشتر,,-0.002259,low
8ef54252-0a9d-41d3-85d6-572091866db2,mediaspeech,../data/mediaspeech_ar/AR/8ef54252-0a9d-41d3-85d6-572091866db2.flac,,متر مكعب لن يكون علي هذه الكميه الطلب في العالم لكن حضرتك الوكاله كما اشرنا سابقا اا توقعت يعني رجوعا و استئنافا سريعا بل و زياده ج,,0.151525,low
bc997ce0-cfe4-4562-a020-b6101c72c54e,mediaspeech,../data/mediaspeech_ar/AR/bc997ce0-cfe4-4562-a020-b6101c72c54e.flac,,ف فهنا اعتقد قدره المنتخب بالاضافه للروح القتاليه العاليه الا لعب فيها المنتخب البحريني واعتقد برضو الحظ كان لي كان ليه دور لما تخسر فرصتين محققه ل,,0.377716,mid
43fab97b-cc02-426b-bd4f-c81697324868,mediaspeech,../data/mediaspeech_ar/AR/43fab97b-cc02-426b-bd4f-c81697324868.flac,,برايك في هذه البطوله مكاسب كبيره بصراحه انا بالنسبه لي لو ارجع لسؤالك السابق للكابتن اسامه المنتخب السعودي شفناه منتخب متطور اه التطور واضح بصراحه في بطوله الخليج قدم,,0.241964,low
5bfef320-95f0-49d4-a225-ceab9eb69541,mediaspeech,../data/mediaspeech_ar/AR/5bfef320-95f0-49d4-a225-ceab9eb69541.flac,,ورئيسها يعني بس يعني انا الرقم ده شايفه مبالغ فيه لان اجمال الناس اللي تم تعويضها تسعه الاف فرد وتسعه الاف فرد ده احنا لو حسبناها بقي الناس اللي هجرت عددها تجاوز,,0.74314,high
76195ead-d2f6-4b73-9bca-885b8b855dfb,mediaspeech,../data/mediaspeech_ar/AR/76195ead-d2f6-4b73-9bca-885b8b855dfb.flac,,الفين وتسعتاش يعني السنه الماضيه مش من مده طويله كتب مقال وقال انو في السنوات الثلاثه الاولي كانت كلفه الحرب ااا علي المملكه العربيه السعوديه مئه مليار نحن الان,,0.625454,mid
51438090-9bab-4931-acdb-2e01d2fda313,mediaspeech,../data/mediaspeech_ar/AR/51438090-9bab-4931-acdb-2e01d2fda313.flac,,يمكن كمان اكتر من وزاره الصحه كمان وزاره الصحه احنا لاحظنا الارقام اللي فيه الارقام اللي بتعلنها سواء من عدد الاصابات او عدد الوفيات اقل كتير جدا من الطبيعي من,,0.740139,high
c0088301-2415-4fe1-b571-415a6f6061b3,mediaspeech,../data/mediaspeech_ar/AR/c0088301-2415-4fe1-b571-415a6f6061b3.flac,,ال ال الدول التحالف لكن معني مشكله المشكله يعني في في في وجود المنظمات الدوليه والمتغافله تماما يعني علي الوضع الايراني والتدخل صحيح انهم يتحدث,,0.006377,low
8f10505f-9099-4443-b589-537561b59700,mediaspeech,../data/mediaspeech_ar/AR/8f10505f-9099-4443-b589-537561b59700.flac,,شعب يعني لا عندهم اا صناعات لا عندهم اي نوع من الخطوره علي السعوديه اا بس فقاعه اللهم فرق الاموال باي دوله بالعالم لازم تقيم بين مصروف,,0.631673,mid
356dac09-0f4a-4e25-adbb-282e06bf8a04,mediaspeech,../data/mediaspeech_ar/AR/356dac09-0f4a-4e25-adbb-282e06bf8a04.flac,,فهي جاءت بهذا البرلمان الذي هو نفسه الذي اقر بقانون سابق اما الحديث عن انه البرلمان اقر القانون السابق الذي في موجبه يجلي القوات الامريكيه تحت تحديد السلاح هذا,,-0.005631,low
39c052ee-dcf4-408f-8472-efa6be60fd4a,mediaspeech,../data/mediaspeech_ar/AR/39c052ee-dcf4-408f-8472-efa6be60fd4a.flac,,ا بها احتجاجه علي بعض تصرفات السود لكن اؤكد لك ان هذا موجود علي كل مستوي طيب انا اريد ان ابحث مع حضرتك البدائل السياسيه لكن ايضا اريد ان استمع لبعض الاصوات من منيابوليس نفسها اا طارق,,0.089272,low
773d249b-40ee-4015-8de8-3206391ac383,mediaspeech,../data/mediaspeech_ar/AR/773d249b-40ee-4015-8de8-3206391ac383.flac,,عزيزه هناك كثير من اليمنيين لااسف ياخذون الوسائل والمواقف وينسون الاهداف الرئيسيه الهدف الرئيسي هو العيشه الكريمه للمواطن في اطار وقد جربنا الوحده طيب كيف العيشه الكريمه في اطار,,0.261006,low
7fcb515e-f86d-44b9-84ba-cabbbf1eccbc,mediaspeech,../data/mediaspeech_ar/AR/7fcb515e-f86d-44b9-84ba-cabbbf1eccbc.flac,,اا استغلال حتي علي الاقل قضيه تبادل الاسري الذي حدث مؤخرا بين ايران والولايات المتحده وا البناء عليه في امكانيه يعني اا وضع امكانيه للتفاوض حتي من خلال سويسرا,,0.000711,low
482209c9-930e-4fcb-b645-0d4da9ff9b7d,mediaspeech,../data/mediaspeech_ar/AR/482209c9-930e-4fcb-b645-0d4da9ff9b7d.flac,,ئيره السعوديه و اكثر من خمسه ملايين طالب يعودون الي مقاعد الدراسه يعود صباح اليوم السبت الي مقاعد الدراسه اكثر من خمسه ملايين طالب و طالبه بعد ان تمتع الجميع باجازه,,0.112671,low
5a464cfa-c98b-455b-92a1-95a0fcc6b407,mediaspeech,../data/mediaspeech_ar/AR/5a464cfa-c98b-455b-92a1-95a0fcc6b407.flac,,حكوميه و خطط الحكومه و برامج الحكومه في تحقيق الاهداف اللي يريدها و تتابع بكل ا ربع اي خلل تتخذ قرارات علي ضوء نعم التقرير يرفع اا كل ربع لمجلس,,0.188589,low
b13e40b7-b554-4e52-9f84-f68f7f484044,mediaspeech,../data/mediaspeech_ar/AR/b13e40b7-b554-4e52-9f84-f68f7f484044.flac,,ان تركيا تتدخل في ليبيا بالعنوه اريد ان استمع الي الاستاذ بنبيله لطف لانه فقدت الاتصال به و بعدين عاد الاتصال من الجبل الاخضر استاذ بنبله اهلا و سهلا مرحبتين يا استاذه ما قولكم في قضيه ان هناك مقاتلين من خارج ليبيا,,0.310436,low
892a06a7-1e87-4c51-af2b-ff167fc28211,mediaspeech,../data/mediaspeech_ar/AR/892a06a7-1e87-4c51-af2b-ff167fc28211.flac,,اكثر من مره مع مسؤولي وزاره الصحه والمتحدثين باسمها ولم نتلقي اي رد كما اعتذر عدد من الضيوف اليوم لاسباب وصفوها بالخارجه عن ارادتهم ارقام وزاره الصحه الرسميه حتي الخميس,,0.008489,low
e1a6b2d9-bd21-4bf6-a2ea-fb4ce147d447,mediaspeech,../data/mediaspeech_ar/AR/e1a6b2d9-bd21-4bf6-a2ea-fb4ce147d447.flac,,الغضب ما الخطا في هذا الموقف واين التعنت ايضا مصر وافقت علي هذا الاعلان اا في الحقيقه المشكله الان مع اثيوبيا ان الكلمات,,0.069905,low
1c36361a-26f1-4e0d-b518-1bb5b3f4a310,mediaspeech,../data/mediaspeech_ar/AR/1c36361a-26f1-4e0d-b518-1bb5b3f4a310.flac,,حول تصدير الغاز المسال القطري الي المانيا التي تتاهب لاستقبال خط غاز اخر وهو مشروع السيل الشمالي اثنان من روسيا نعم تكمله للحديث,,-0.000645,low
8a12ac81-ded7-4b7d-a704-5a64977a1872,mediaspeech,../data/mediaspeech_ar/AR/8a12ac81-ded7-4b7d-a704-5a64977a1872.flac,,بدر ولا ولا مدينتي ولا العاصمه الاداريه كل هذه المدن الجديده تعتبر داخل القاهره الكبري هم وبالتالي اصلا حتي فكره فرض الرسوم غير قانونيه في حد ذاته لكن المبررات اللي,,0.231632,low
85c4796b-bb18-4b91-a728-0ec176410aaf,mediaspeech,../data/mediaspeech_ar/AR/85c4796b-bb18-4b91-a728-0ec176410aaf.flac,,الكذب لي الناخبين بينما لم يقدم ولا اي اثبات لو قدم اثباتا قانونيا علي ذلك لسكت التويتر واضح السيد توم يقول دكتور مكرم ان رد فعل دونالد ترامب,,0.004713,low
c3ccfe6b-18ea-464d-adb4-bed8b5bb1d8d,mediaspeech,../data/mediaspeech_ar/AR/c3ccfe6b-18ea-464d-adb4-bed8b5bb1d8d.flac,,وجماعات الاسلام السياسي وغيرها من الجماعات الارهابيه والمتطرفه طيب استاذ عمر سنعود معك لنتساءل ان كان هذا التحرك لدول جوار جاء متاخرا كما يعتبر البعض لكن ايضا,,0.049965,low
03d3b487-58b8-48c9-82a0-f8e8db956e7f,mediaspeech,../data/mediaspeech_ar/AR/03d3b487-58b8-48c9-82a0-f8e8db956e7f.flac,,وداخل البلاد الكونجرس اصدر استثناء بعد عاصفه كاترينا عندما طلب من الجيش ان يساعد في مساعده ضحايا عاصفه كاترينا وهذا الاستثمار الذي اعطاه الكونجرس الدستور الامريكي يقول انه الرئيس,,-0.001859,low
225f1c13-f4a0-4f2a-83e2-a79490ee6b70,mediaspeech,../data/mediaspeech_ar/AR/225f1c13-f4a0-4f2a-83e2-a79490ee6b70.flac,,اا يعني تتفاهم مع مصر والسودان وتلتزم هي بهذا الامر بناء علي الفين وخمستعشر لكن لا توقع اتفاق جديد والثغره الاساسيه او الجوهريه في هذا الامر ان اتفاق,,0.11308,low
1eff07bd-ee35-4112-b296-35f73e27085d,mediaspeech,../data/mediaspeech_ar/AR/1eff07bd-ee35-4112-b296-35f73e27085d.flac,,وما يحصل الان من حصار مدينه اا العاصمه مدينتنا الحبيبه طرابلس هو لاجل اتمام هذه العمليه واتمام مطلب الرئيس الذي طلب طالب به الشعب الليبي وفوض به القياده,,0.005908,low
634a4778-8f8d-4886-842b-03754d7442a0,mediaspeech,../data/mediaspeech_ar/AR/634a4778-8f8d-4886-842b-03754d7442a0.flac,,تكون اصعب ونامل انه تكون سهله في القريب العاجل بحلول معينه اقتصاديه ولكن نحنا خلينا نبدا من اسوا الاحتمالات رغم انه انا من الاشخاص المتفائلين واملك من الامل,,0.159339,low
b6c7b08c-e55a-4130-ad61-cecf8d1a2d47,mediaspeech,../data/mediaspeech_ar/AR/b6c7b08c-e55a-4130-ad61-cecf8d1a2d47.flac,,صال حفتر باقليم برقه يا سيدتي هناك ثلاثه اقاليم واي اقليم من الاقاليم الثلاثه لا يستغني عن بقيه الاقاليم في الجنوب هناك المئه في في الوسط هناك,,0.08955,low
066a0813-16c7-4df0-ac8c-d5c05a939b1d,mediaspeech,../data/mediaspeech_ar/AR/066a0813-16c7-4df0-ac8c-d5c05a939b1d.flac,,السيد الكاظمي السيد مصطفي الكاظمي عنده رؤيه بخصوص هذا الموضوع وهناك ا متابعه دقيقه من قبله لكل ما يجري سواء علي ارض العراق او في سماء العراق,,0.011812,low
d217907d-5f83-4598-bb3f-64c065291d43,mediaspeech,../data/mediaspeech_ar/AR/d217907d-5f83-4598-bb3f-64c065291d43.flac,,هذه الازمه ام ان هنالك انشقاق واضح في المؤسسه الحاكمه بين العسكر و السياسيين بين البيت الابيض و البنتاجون برايكم و باختصار لو تسمحون,,0.05701,low
0b8907bf-561e-472a-89b4-35b6cc2069bc,mediaspeech,../data/mediaspeech_ar/AR/0b8907bf-561e-472a-89b4-35b6cc2069bc.flac,,اما بيبقي داعش بتروح التلاجه في تركيا يقعدوا يستنوا هناك ويتعاد تسليحهم وتدريبهم وعلاجهم وبعدين يتنشروا في سينا ويتنشروا في ليبيا ويرجعوا تاني يتنشروا في العراق اعتقد يعني في وجود هذا النظام,,0.960086,high
0bdcca03-410d-4e52-ac31-0b61c3aab0ba,mediaspeech,../data/mediaspeech_ar/AR/0bdcca03-410d-4e52-ac31-0b61c3aab0ba.flac,,البحرين من اجل ان يخوض مثل هذه التحديات رغم ان الرؤيه لم تكن محل ثقه المحيطين الا ان الجميع بات يؤمن بهذا الفريق واللاعبين الذين صنعوا التاريخ بحسب المدرب البرتغالي,,-0.006143,low
98645fd7-c1c9-4a39-96d6-424a65c9a254,mediaspeech,../data/mediaspeech_ar/AR/98645fd7-c1c9-4a39-96d6-424a65c9a254.flac,,تكون في حلول في الكور تكون يعني في مستوي منخفض اقل او بالحلول الفرديه مثل ما تفضل كابتن حمزه اليوم ما شفناه كثير اعتقد هذا الاصرار خاصه في الشوط الثاني حتي احنا مهزومين اصرينا انه نلعب علي الكو,,0.498946,mid
41a25979-bbab-4b4c-aa58-29ee0dfb823e,mediaspeech,../data/mediaspeech_ar/AR/41a25979-bbab-4b4c-aa58-29ee0dfb823e.flac,,سياسيه مع عناصر ارهابيه ولكن تحقيق اختراقات في لدي الاطراف الاخري منطقه الغرب وطرابلس يعيش عليها اكثر من ثلثي الليبيين وبالتالي لا يمكن ان نعتبر,,0.018313,low
58cb030e-e508-40c2-969c-8e73d399b5c6,mediaspeech,../data/mediaspeech_ar/AR/58cb030e-e508-40c2-969c-8e73d399b5c6.flac,,يرون انه اخطا كثيرا الان الي الان علي اقل في طريقه التعامل مع الازمه هل تتفق مع هذه النسبه وهل ستؤثر هذه النسبه اصلا علي حظوظو في الانتخابات القادمه,,0.035011,low
b7c264f4-17be-4a76-a665-59390d1f59c5,mediaspeech,../data/mediaspeech_ar/AR/b7c264f4-17be-4a76-a665-59390d1f59c5.flac,,علي سبيل المثال لدعم الاقتصاد في بلد ما ضد كورونا خليني اطلع حضرتك علي وجهات نظر تخالفك او تتفق معك لنثري هذا الحوار بعد اذنك استاذ محمد الشهراني اهلا وسهلا بحضرتك,,0.408789,mid
8e4e29b7-35fc-4398-9b20-36e1398aa3f2,mediaspeech,../data/mediaspeech_ar/AR/8e4e29b7-35fc-4398-9b20-36e1398aa3f2.flac,,اهلا وسهلا بحضرتك مجددا خليني بعد اذن حضرتك ابدا من كلفه المدفوعات والمصروفات التي نقرا من خلالها ما اذا كانت الميزانيه فيها المصروفات اكبر من الواردات من عدمه,,0.088367,low
d1506a19-4053-4440-87f4-5e0bff6cdfb9,mediaspeech,../data/mediaspeech_ar/AR/d1506a19-4053-4440-87f4-5e0bff6cdfb9.flac,,اا تركي امريكي علي دخولها ايها هؤلاء المرتزقه والدعم العسكري التركي لي طبعا اا الوفاق الوفاق في قتل الليبيين الوفاق لا يوجد لديهم قوه عسك,,0.044467,low
e3697fe5-08f7-4459-a119-328f7c1ed9cb,mediaspeech,../data/mediaspeech_ar/AR/e3697fe5-08f7-4459-a119-328f7c1ed9cb.flac,,هذه القناعه الواضحه والبسيطه بان حل الازمه اليمنيه لا يوجد في اليمن بل يوجد في طهران وان علي المجموعه الدوليه سواء علي المستوي الامريكي الاممي الاتحاد الاوروبي الدول ال اا الاقليميه,,0.003772,low
57cbb7ae-dbde-4d7b-800e-abd07733bc0f,mediaspeech,../data/mediaspeech_ar/AR/57cbb7ae-dbde-4d7b-800e-abd07733bc0f.flac,,اننا طيب قوات الشعب المسلح وقوات الليبيين وحكومه الشعب اللي الليبي ومجلس النواب الليبيين وبالتالي احنا مستعدين كل يوم تقدم تنازلات مؤلمه اذا وصلتنا لنفس النتيجه نحن لا نريد القتال لاجل القتال,,0.269858,low
6beec544-bd3d-417d-98db-c8c2994786ee,mediaspeech,../data/mediaspeech_ar/AR/6beec544-bd3d-417d-98db-c8c2994786ee.flac,,رئيس الولايات المتحده لانه لم يتمكن من مواجهه كل الازمات الكبري التي عصفت بالولايات المتحده منذ دخوله البيت الابيض الي الان هل هذا يعني,,-0.004389,low
9bb1b323-23fd-4138-a318-2249f4709260,mediaspeech,../data/mediaspeech_ar/AR/9bb1b323-23fd-4138-a318-2249f4709260.flac,,هو من الايرادات الاخري الغير نفطيه واللي ما لها علاقه في الاستثمار سواء من الرسوم او من الاجراءات الحكوميه الاخري مختلفه فعملنا في الفتره الماضيه بشكل موسع,,0.094201,low
a83aafe7-94ed-4b31-8d66-ba62da044cc2,mediaspeech,../data/mediaspeech_ar/AR/a83aafe7-94ed-4b31-8d66-ba62da044cc2.flac,,ياسين اسماعيل كايا ومن باريس استاذ العلاقات الدوليه في جامعه باريس الدكتور فادي شهيد دكتوره الينا مساء الخير دعيني ابدا معك تاجيل لافت لهذا,,0.033841,low
5a5d4fb6-e832-442f-be18-d2d368744a51,mediaspeech,../data/mediaspeech_ar/AR/5a5d4fb6-e832-442f-be18-d2d368744a51.flac,,قيل كان اخرها موضوع القائم واستهداف لواء سته واربعين سبعه واربعين ثم تلاها استهداف المطار واستشهاد الشهيدين الحاج قاسم سليمان والحاج ابو مهدي المهندس ايه اي وضرب مطار كربلاء وضرب الشرطه الا,,0.007636,low
de0001f6-6083-4139-b9be-974d1cd0c40d,mediaspeech,../data/mediaspeech_ar/AR/de0001f6-6083-4139-b9be-974d1cd0c40d.flac,,انه هناك خسائر كبيره بسبب انهيار اسعار النفط في السعوديه ادت الانخفاض في عائدات الحكومه بنسبه اثنين وعشرين بالمئه هل يؤثر ذلك علي حياه حضرتك اهلا وسهلا بدايه,,0.014442,low
d884cac6-0180-4bee-b016-38c63f4a66c4,mediaspeech,../data/mediaspeech_ar/AR/d884cac6-0180-4bee-b016-38c63f4a66c4.flac,,اا اللي هي الهيئه العامه للطرق والكباري لكن احنا فوجئنا كده في ديل بيتعمل ما بين الهيئه العامه للطرق والكباري وفقا لهذا العقد انه بتديه للشركه الوطنيه للطرق طبعا هل كان القرار ده يا فندم,,0.906954,high
fa74e3a5-c79f-437f-a4d6-c2d0d16a2a86,mediaspeech,../data/mediaspeech_ar/AR/fa74e3a5-c79f-437f-a4d6-c2d0d16a2a86.flac,,ا نشر الجيش يتهم ا اطراف سياسيه مثل ال اليسار مثلا و اليسار الراديكالي و اليسار الاوبامي كما يقول ا البعض ال المؤيدين يتهمون بانهم وراء,,0.020018,low
c4ea501b-d7c1-4fe1-b15a-1847fcb130d7,mediaspeech,../data/mediaspeech_ar/AR/c4ea501b-d7c1-4fe1-b15a-1847fcb130d7.flac,,حتي في نظرها في ذلك استاذنا لكن بالنسبه لي التوقعات بالعوده السريع يعني زمنيا ستكون مده قصيره عده اشهر ربما لكي تعود اقتصادات العالم الي,,0.085727,low
a910adc1-1356-411a-87eb-46de3564ba4e,mediaspeech,../data/mediaspeech_ar/AR/a910adc1-1356-411a-87eb-46de3564ba4e.flac,,اليوم اينما يكون الانتاج جيد و بمواصفات جيده تكون الزراعه في لبنان اذا كانت في البقاع فلتكن في البقاع او في ال في اي منطقه اخري المناخ و التربه,,-0.004495,low
f2d8f938-7ec2-45e3-87a9-a13d11951bb4,mediaspeech,../data/mediaspeech_ar/AR/f2d8f938-7ec2-45e3-87a9-a13d11951bb4.flac,,كان من قبل الاسرائيليين لم يكن من قبل الامريكيين هذه حسب ما تم اعلانه من قبل السلطات الايرانيه ولكن هناك هجمات امريكيه وهناك ردات ايرانيه في,,-0.005865,low
1efaea52-c014-44ed-b46d-4120346baa41,mediaspeech,../data/mediaspeech_ar/AR/1efaea52-c014-44ed-b46d-4120346baa41.flac,,قادم اجمل ونعوض والبطوله في نهايه وديه الجاي افضل ان شاء الله وقفتنا الاخيره بعدها قرارات الحكم السويسري تحت مجهر مقيم الحكام في,,0.215512,low
13cc3142-d1f2-4309-97db-71d796ccb51e,mediaspeech,../data/mediaspeech_ar/AR/13cc3142-d1f2-4309-97db-71d796ccb51e.flac,,استقرار غير ذلك مع وجود التباين مع وجوداراده اقليميه اخري لاطراف اخري تمليها علي الموجودين في الداخل لا يمكن لا يمكن الوصول معهم الي حل سياسي وانا هنا اؤكد علي نقطه,,0.001661,low
8a9123a7-8b8e-4a5d-8ad2-45bf35911719,mediaspeech,../data/mediaspeech_ar/AR/8a9123a7-8b8e-4a5d-8ad2-45bf35911719.flac,,ااا تبعا لمصالحها تحت غطاء خطاب اخلاقي ولكن ف في النهايه مصالح اساسيه الان هي من تتحكم في هذا الموضوع اميريكا متراجعه تحتاج الي التوافق مع تركيا,,0.037058,low
02a88474-1e75-4dc2-8671-17901c6d06cc,mediaspeech,../data/mediaspeech_ar/AR/02a88474-1e75-4dc2-8671-17901c6d06cc.flac,,ااا رفضها الطرف الاخر و انتقدها البعض ان ا حكومه الوفاق لم تكن حاضره و لكن في راي اهميتها الاساسيه انها قدمت ا رساله انو,,0.035676,low
6785a702-93e0-4316-a40b-3926a5a2f2e9,mediaspeech,../data/mediaspeech_ar/AR/6785a702-93e0-4316-a40b-3926a5a2f2e9.flac,,لكن من اجل التامين ايضا كيف يتم التامين سياده النائب رغم انها محطه مخصصه لتحصيل الرسوم فقط والله يسال في ذلك هو رئيس الشركه الوطنيه للطرق لان الفكره احنا طبعا كلنا مع الامن وكلنا,,0.133556,low
8b6dff93-88e4-4b6d-bd65-6accb7a7b0ce,mediaspeech,../data/mediaspeech_ar/AR/8b6dff93-88e4-4b6d-bd65-6accb7a7b0ce.flac,,نفطي ثمان ونص بالمئه من نفط فرنسا في عام الفين وثلاتعش كان من ليبيا القرب الجغرافي هناك نبدا بالعوامل مزبوط يا دكتور فايز كي نقرب وجهه نظر حضرتك وتكون واضحه للعيان للساده المقيمين خارج,,0.365277,mid
d7d8425d-a28f-4d92-a701-bb84c41c9d31,mediaspeech,../data/mediaspeech_ar/AR/d7d8425d-a28f-4d92-a701-bb84c41c9d31.flac,,داعش الارهابي الموضوع هو تنظيف هذه المناطق من البؤر الارهابيه وبعض الخلايا اللي لا زالت موجوده في تلك المناطق وايضا في بعض مناطق السلاسل جبليه طب عذرا عنن المقاطعه نعم,,0.089894,low
1640010d-2f01-49be-bc18-1ad39e350997,mediaspeech,../data/mediaspeech_ar/AR/1640010d-2f01-49be-bc18-1ad39e350997.flac,,طيب النفوذ الناعم خاصه والاخلاقي ما بين مختلف اللاعبين فمثلا روسيا او قطر كل لاعب منهم ياخذ في الحسبان طيب ا اهميه اللاعب الاخر في وضع,,0.18409,low
6378d791-f191-41a5-8c2e-a388f36f399b,mediaspeech,../data/mediaspeech_ar/AR/6378d791-f191-41a5-8c2e-a388f36f399b.flac,,انصار المنتخب البحريني تابعوا المباراه في المنامه وسط اهتمام كبير بدر الشهري استطلع الاراء من هناك,,0.01491,low
a68438e5-9c20-429f-b256-770d27f7f7de,mediaspeech,../data/mediaspeech_ar/AR/a68438e5-9c20-429f-b256-770d27f7f7de.flac,,في حلقه اليوم سنتناول بعدا عسكريا تقنيا بحتا وبعيدا عن السياسه وهو موضوع الحرب الدائره في ليبيا الان بين الارض والجو من المعروف انو الطائرات,,0.324247,low
1287ec5a-b900-4aad-a3ee-ccdb5c31a07e,mediaspeech,../data/mediaspeech_ar/AR/1287ec5a-b900-4aad-a3ee-ccdb5c31a07e.flac,,و هذه هذه هذه هذه الاشكاليه زياد يعني زياده تحدث عن احتمال تغيير المناهج المدرسيه و محاوله ارسال فكره التسامح لدي الشبان و لكن عندما نري هذا الموضوع في بلد مارتين لوثر كنج,,-0.000249,low
74c9b9e3-e630-428e-90f4-879e2e1f40ce,mediaspeech,../data/mediaspeech_ar/AR/74c9b9e3-e630-428e-90f4-879e2e1f40ce.flac,,التباعد الاجتماعي و عدم الشعور بالوحده علي عكس لو حدثت ازمه كورونا قبل عشر او عشرين عاما هذا بالنسبه لنا علي الارض لكن ماذا لو قارنا ذلك بما يختبره,,0.007619,low
89a1974e-f3fe-4ada-8751-5526b533a53b,mediaspeech,../data/mediaspeech_ar/AR/89a1974e-f3fe-4ada-8751-5526b533a53b.flac,,مشكله الصحه قلتم مثلا في الصحه انكم تتطلعون الي زياده متوسط العمر من اربعه وسبعين الي ثمانين عام في السعوديه صحيح طبعا اربعه وسبعين متوسط عمر جيد مقارنه بدول العالم لكن نريد ان,,0.175865,low
35980809-4b9b-44db-838a-81adbc1684f0,mediaspeech,../data/mediaspeech_ar/AR/35980809-4b9b-44db-838a-81adbc1684f0.flac,,السود هما جزء من النسيج في امريكا هم جزء من مقومات الحياه في الولايات المتحده هم مواطنون امريكيون هم ربما تكون عنده مشاعر خاصه ا يعني يعلن,,0.017,low
721e4cd4-cc17-451e-9033-ac61b310c2da,mediaspeech,../data/mediaspeech_ar/AR/721e4cd4-cc17-451e-9033-ac61b310c2da.flac,,هذا اللي حصل ما اعتقد يعني انه يمكن لوسلطان هذا هذا هذا اسامه ما هو تنظيم دفاعي من المدرب اكيد التنظيم ولكن يمكن في حاله الكره ما تكون هجوميه لو طلع الظهير مين اللي بيغطي,,0.538491,mid
9db2068f-ce1a-4c29-804d-b992844159f0,mediaspeech,../data/mediaspeech_ar/AR/9db2068f-ce1a-4c29-804d-b992844159f0.flac,,دليل للقاطع اختي الكريمه ركوب مدنيين سوريين عسكريين م مرتزقه في طائرات مدنيه عفوا و وت واتوا بها الي مطار مصرات نتيجه للمساهمه في الحرب ضد القوات المسلحه العر,,0.0025,low
084e3351-6225-40ec-8829-f5e3ed37b8ba,mediaspeech,../data/mediaspeech_ar/AR/084e3351-6225-40ec-8829-f5e3ed37b8ba.flac,,لاستقبال مرضي كورونا وبعدين حضرتك احنا شعب مصر مئه مليون نسمه لما تقارن حضرتك احنا من ساعه اربعتشر فبراير الفين وعشرين لغايه الان وصل العدد امبارح لعشرين وكسر عشرين,,0.740364,high
772b4442-b841-4efe-94ee-55ad768627c4,mediaspeech,../data/mediaspeech_ar/AR/772b4442-b841-4efe-94ee-55ad768627c4.flac,,بعض ببساطه يشوا ببعضهم البعض بشكل او باخر هذا اولا و اعتقد هل هناك طريقه لتفادي البلاغات الكيديه يعني واحد متضايق من شخص ما يمكن ان يبلغ عنه ببساطه,,0.301042,low
761d76b3-7a7b-4f38-9464-e2a0119c4795,mediaspeech,../data/mediaspeech_ar/AR/761d76b3-7a7b-4f38-9464-e2a0119c4795.flac,,ان نتخطي نقاطا كثيره من ثم لا يكون هناك محور اا مركز للنقاش ما راي حضرتك سيد مصطفي المجعي فيما استمعنا اليه الان بالنظر الي ذات الادله التي ذكرتها والتي سبق ونشرتها,,0.036951,low
a50433b3-8ac3-4123-88c0-07b32c5b3f0e,mediaspeech,../data/mediaspeech_ar/AR/a50433b3-8ac3-4123-88c0-07b32c5b3f0e.flac,,هذا اثبات او نريد ان نثبت للعالم التدخل التركي سافر وكيف ان تركيا تتدخل في ليبيا بالعنوه طب ممكن ممكن اقف مع حضرتك عند هذه النقطه المهمه حضرتك تري,,0.215244,low
6605af2f-c5dd-4b7d-a83a-9d18923ffa71,mediaspeech,../data/mediaspeech_ar/AR/6605af2f-c5dd-4b7d-a83a-9d18923ffa71.flac,,ماها بالمؤلمه هذا واحد اثنين ليس غريبا ولا نذيع سرا ولا نفشي امرا خطيرا انه اخفي من قبل النظام السعودي بل انو اعلن ذلك في صحف سعوديه واعلن في موقع مؤسس,,0.318923,low
045516a4-cc42-4db7-9ed3-2b25ccf46d37,mediaspeech,../data/mediaspeech_ar/AR/045516a4-cc42-4db7-9ed3-2b25ccf46d37.flac,,احتجاجات بسبب ان هذه الحالات لا تزال تتكرر ولا تزال تحدث فهناك مئات الالاف من مثل هذه القصص في الولايات المتحده ولا شيء يتغير نعم اسمحوا لي سيد راي,,-0.001013,low
75c49e11-57d8-4bff-b84f-bb7e57e04481,mediaspeech,../data/mediaspeech_ar/AR/75c49e11-57d8-4bff-b84f-bb7e57e04481.flac,,بوليس ضد الاخوان السود فال العنصريه متاصله ومتجزره وهذا يعني من الاهداف بعيده المدي للمظاهرات عندنا في منيابولس هنا بس انتو شايفين في اللايف انا موجود من الموقع باللي مات فيو جو,,0.887757,high
fd134c1c-9ecb-470c-ac92-dd9c9aeab1d3,mediaspeech,../data/mediaspeech_ar/AR/fd134c1c-9ecb-470c-ac92-dd9c9aeab1d3.flac,,كانت ايران هي الرابحه يعني في الاتجاهين ايران كانت رابحه ان كانت قد اوقفت سفنها او لم توقف سفنها نعم لان ايقاف السفن التجاريه هو يعتبر قطرسه,,0.111546,low
fc80991d-4ad8-4ba4-a56a-4d2f81aaf799,mediaspeech,../data/mediaspeech_ar/AR/fc80991d-4ad8-4ba4-a56a-4d2f81aaf799.flac,,صعبه و المستعجله قدموا مساهمه معتبره للفرق الطبيه الفرنسيه للمزيد معنا الصحفي دحامي الاسعد الذي شارك في تصوير و اعداد موضوع حلقه اليوم الذي,,0.232637,low
6b1ccc30-0eaa-4676-9746-0fcc138b41b9,mediaspeech,../data/mediaspeech_ar/AR/6b1ccc30-0eaa-4676-9746-0fcc138b41b9.flac,,الراقصون غير اللاكاديميين لم يجلسوا ايضا بلا عمل فقد اطلقت جمعيه فنيه مارثونا عبر الانترنت تحت عنوان ان في البيت اليوم العاشر,,0.020303,low
0ce5c741-100f-4bb6-9c32-fce2f3d3a9f3,mediaspeech,../data/mediaspeech_ar/AR/0ce5c741-100f-4bb6-9c32-fce2f3d3a9f3.flac,,ابرامز الذي كنا نحتاجها في متابعه عصابات داعش لم يتم تجهيزها لا بالذخيره ولا بالو بالوقود ذهاب العراق الي التعاقد مع روسيا ومع الصين او مع كوريا الشماليه في موضوع التسليح وتنويع التسليح منع,,0.038887,low
8647f3c2-67ca-49f0-a7f2-ea90425c7d8f,mediaspeech,../data/mediaspeech_ar/AR/8647f3c2-67ca-49f0-a7f2-ea90425c7d8f.flac,,من من مكافحه الفساد هم اليوم من يكيدون له الكيل المكائد و يحاولون ان ينقضوا علي الحكومه و نحن نسال اليوم يعني منذ ان شكلت الحكومه و حتي الان و المعارضه منحت,,0.007554,low
11689cb6-5386-4866-be6e-6d64a55e1e4c,mediaspeech,../data/mediaspeech_ar/AR/11689cb6-5386-4866-be6e-6d64a55e1e4c.flac,,لاعبي البحرين قدموا مباراه جيده وتمكنوا من اغلاق اللعب والدفاع بعد الهدف الاداء يشكر عليه الجميع امامهم هدف التاهل لكاس العالم بحسب المدرب رونا,,-0.003553,low
11c3e52a-3c69-463e-acb1-23d69f25fa77,mediaspeech,../data/mediaspeech_ar/AR/11c3e52a-3c69-463e-acb1-23d69f25fa77.flac,,يعني خانته في الهجوم اصرارو انو لعب في المكان هذا اعتقد في ضغط فيه ضغط كبير علي اللاعب خاصه انت بتلعب نهائي ما عندك الا اثنين لاعبين في الهجوم فا المفروض انك,,0.4997,mid
86b2ad8b-a97d-4f2f-bf4d-110f1c018cd1,mediaspeech,../data/mediaspeech_ar/AR/86b2ad8b-a97d-4f2f-bf4d-110f1c018cd1.flac,,روسيا وتركيا الي اي مدي بالامكان الحديث عن تحالف كما وصفته الدكتوره سوبونينا فيما يتعلق بالازمه الليبيه يعني فيما يتعلق بنقطه اوروبا يكفي التعقيب علي,,0.009678,low
ed0f2b6b-51b2-424b-a9dc-516696cb3c4b,mediaspeech,../data/mediaspeech_ar/AR/ed0f2b6b-51b2-424b-a9dc-516696cb3c4b.flac,,انت بتعرف اذا كله بدو وقت من اليوم اللبنانيين صحيح عايشين بازمات اقتصاديه وماليه وما شابه ذلك لذلك نحن هذا كله الامر بدو جهد بدو تعب بده وقت لذلك نحن حتي,,0.627636,mid
f347351b-2188-46f1-93b0-90f4eb387672,mediaspeech,../data/mediaspeech_ar/AR/f347351b-2188-46f1-93b0-90f4eb387672.flac,,نعم طب سؤال اخر يعني صوت رديء للاسف سيد امير نبيل لكن اسال عسي ان يكون افضل هذه المره ما يتعلق بالداخل الامريكي الان دعك من تداعيات هذه العقوبات اا سواء علي ايران او حلفائها ماذا بشان الداخل,,0.228431,low
10e9d816-9c6b-4b6e-94d5-6b94c9c1d671,mediaspeech,../data/mediaspeech_ar/AR/10e9d816-9c6b-4b6e-94d5-6b94c9c1d671.flac,,هذه قوات الجيش الوطني الليبي معتمد من مجلس النواب السلطه التشريعيه الوحيده في البلاد ان اردتم تغطيه عين الشمس بالغربان لا يمكن ان تغطي بالغربان هذه القوات المسلحه العربيه الليبيه,,-0.001364,low
e2859b52-0039-4131-8a72-4940b9315516,mediaspeech,../data/mediaspeech_ar/AR/e2859b52-0039-4131-8a72-4940b9315516.flac,,رغم ان احنا لما ابتدي ال ال الجائحه تظهر بشكل حقيقي في مصر لا احد يتحدث عن الجانب العلاجي احنا في قطاعين في وزاره الصحه جانب قطاع علاجي وقطاع وقائي الاجراءات الوقائيه,,0.414836,mid
0aa1c8e4-08cc-4e6b-8df8-241d485af4a8,mediaspeech,../data/mediaspeech_ar/AR/0aa1c8e4-08cc-4e6b-8df8-241d485af4a8.flac,,مفش خطط حقيقيه احنا المفروض كنا بنتكلم عن جاهزيات مستشفيات من شهرين في مستشفي كذا مستشفي عدد المستشفيات اللي موجود حاليا لا طبعا قليل وعدد الاسره قليله نقابه الاطباء ما بتتكلمش بموضوعيه,,0.792654,high
adba5309-eeb4-42d0-bcdf-2dd8d70f4940,mediaspeech,../data/mediaspeech_ar/AR/adba5309-eeb4-42d0-bcdf-2dd8d70f4940.flac,,الناحيه الامنيه التي ستعتمدها الدوله وتحديدا في منطقه البقاع الشمالي يعني هي منطقه عمليا غير مضبوطه امنيا في لبنان اا نحن خلينا نبسط الامور اليوم,,0.26466,low
8cd1ca49-97c1-4d6d-a402-1810daed5783,mediaspeech,../data/mediaspeech_ar/AR/8cd1ca49-97c1-4d6d-a402-1810daed5783.flac,,دون ان تتضرر الصناعه يعني انا ما راح اعمل استثناءات ضلك تصنع مثل ما انت انا الانبعاث تبعك بدي الغي منه الضرر علي المناخ ودون ان تتاثر كل ما,,0.375087,mid
dc6d5d34-eebc-4e84-b7c9-b1f4258a16d4,mediaspeech,../data/mediaspeech_ar/AR/dc6d5d34-eebc-4e84-b7c9-b1f4258a16d4.flac,,تصورات عاده اللي يحكمها حقيقه الواقع ما راينا حتي الان بالنسبه للنفط و اذا قسنا علي ايضا سوق النفط و هي سوق طاقه,,0.165587,low
aeda979b-0444-491f-809f-3a1623c6ac87,mediaspeech,../data/mediaspeech_ar/AR/aeda979b-0444-491f-809f-3a1623c6ac87.flac,,متي اا ادرك الليبيون بانهم وحدهم قادرون علي الاتجاه الخيار السلمي هم وحدهم من يستطيعون طرد كل الاطراف التي تؤجج من حاله الصراع والاقتتال بين الاخوه ال,,-0.003575,low
737bfae3-3228-422a-ac22-5d1633ef0153,mediaspeech,../data/mediaspeech_ar/AR/737bfae3-3228-422a-ac22-5d1633ef0153.flac,,العامه سواء شركات او مشاريع اخري كان في مشاريع متعثره بعضها عملنا تخارج منها بعضها عدنا هيكله المشاريع نفسها كان في شركات اخري مملوكه صندوق,,0.007533,low
c1a6ac96-9fe4-4fcb-a802-6c5fe277ad53,mediaspeech,../data/mediaspeech_ar/AR/c1a6ac96-9fe4-4fcb-a802-6c5fe277ad53.flac,,يصفونها بانها تاتي في الاساس من جانب ايران اا و ا القاده الامريكيون العسكريون والقاده السياسيون الموالون لترامب ا طبعا ا يرون ان ايران تسبب مشكلات,,0.000156,low
7d6fc6ff-6079-4962-a78e-969a7ec460fb,mediaspeech,../data/mediaspeech_ar/AR/7d6fc6ff-6079-4962-a78e-969a7ec460fb.flac,,من الارقام الحقيقيه حتي باعتراف وزير التعليم العالي قدام السيسي من كم يوم قال ان الارقام اعلي من كده بكثير فالارقام اللي بتحصلها وزاره الصحه بالنسبه لاصابه المواطنين او وفياتهم او بالنسبه لاصابات,,0.430155,mid
924d03bf-386a-40ed-a905-8f84fad46b6b,mediaspeech,../data/mediaspeech_ar/AR/924d03bf-386a-40ed-a905-8f84fad46b6b.flac,,تعديل التركيبه السكانيه والان هل ان ندفع ثمن هذه المغالطات وهذا ال ال ما حصل من من تجاوزات وتجار في البشر نحن ندافع عنها العماله سيدي الفاضل ولا ولا,,0.024815,low
20fd5ef4-6e07-45b7-94b2-6295e7980d9f,mediaspeech,../data/mediaspeech_ar/AR/20fd5ef4-6e07-45b7-94b2-6295e7980d9f.flac,,اتفق معك تماما في هذا الامر ولكن ما نقدرش ننكر انهم موجودين ما نقدرش ننكر ان هم بيجندوا علي الارض النهارده واحنا بنتكلم مع بعض هم بيجندوا ناس علي الانترنت اعتقد ان يعني داعش يعني,,0.688858,high
ef3a3241-f464-49b9-b663-2297dad3db17,mediaspeech,../data/mediaspeech_ar/AR/ef3a3241-f464-49b9-b663-2297dad3db17.flac,,السياسي الي من يتبعون لم يحصل اي دعوه لهم للانسحاب من الشارع نحن نعرف بان حزب الله عندما يوجه امر الي الي الي شبابه يصدر تكليفا شرعيا بسحبهم من الشارع كان,,0.143377,low
72e410f2-d1fc-4604-88ca-cd302f7bc81f,mediaspeech,../data/mediaspeech_ar/AR/72e410f2-d1fc-4604-88ca-cd302f7bc81f.flac,,الاصوات المطالبه بالتمثيل السياسي و قال نظام الحكم ملكي و التمثيل السياسي فيه قائم علي الولاء و ليس علي ديمقراطيه علي حد تعبير وجهه نظره وزير الماليه السعودي قال ان الاجراءات الاخيره جاءت لدعم الاقتصاد,,0.000796,low
7396cc67-879f-4aea-8025-ab526f8b4242,mediaspeech,../data/mediaspeech_ar/AR/7396cc67-879f-4aea-8025-ab526f8b4242.flac,,ندفعها الي مشاريع التنميه في بلداننا ايها افضل الان انا اترك الجواب يعني ل ل انا في الواقع انا في الواقع يا دكتور اريد ان انتهي عند هذه او هذا السؤال لانه سيكون,,0.002089,low
91e05bbc-de78-4517-842a-011cab470491,mediaspeech,../data/mediaspeech_ar/AR/91e05bbc-de78-4517-842a-011cab470491.flac,,جورج فلويد و المظاهرات ماشيه زائده بسبب الموضوع ذا و ان شاء الله ما تجيب قريب لغايه ما الحلول يعني نشوف المطالب تستجيب لها الحكومه او غيره يعني طيب لكن كما استمعت,,0.774269,high
c94d6fd2-a4da-4698-b282-fb7df75f84e9,mediaspeech,../data/mediaspeech_ar/AR/c94d6fd2-a4da-4698-b282-fb7df75f84e9.flac,,يخافون علي بياناتهم الشخصيه ايمان واحده منهم و قالت ان المعلومات ممكن ان تبقي سريه لو استخدمت صح و لم تشهر بالمصابين ويمكن ان تساعد في الحد من,,0.351095,mid
abfcf2a7-22eb-466d-b9f9-e2f986334c81,mediaspeech,../data/mediaspeech_ar/AR/abfcf2a7-22eb-466d-b9f9-e2f986334c81.flac,,ولكن ليس هناك فشل كان الحوثي في الفين وخمستعشر موجود في الجنوب في في في عدن والان عاد ادراجه واصبح في الجوف وغيرها و الي من يذهب الجنوب الان الذي اصلا هو في تيار كبير منه يريد الانفصا,,0.068206,low
94c5dd28-1a55-44bf-b0e9-c0e55b85e0aa,mediaspeech,../data/mediaspeech_ar/AR/94c5dd28-1a55-44bf-b0e9-c0e55b85e0aa.flac,,يجري الوعد بشانها في اجتماع الامس وارجعت الي مزيد من التشاور دكتور محمود السعداوي ما راي حضرتك فيما طرحه الدكتور كريم بعدين اعود اليه بهذه النقطه حضرتك ما قاله الزميل العزيز دكتور كريم,,0.187451,low
de6777d3-3d6b-4ba2-a73f-3cce4ae50166,mediaspeech,../data/mediaspeech_ar/AR/de6777d3-3d6b-4ba2-a73f-3cce4ae50166.flac,,هو واصبحت ليست سرا ان هناك جوله مفاوضات اليوم قائمه بين الولايات المتحده الامريكيه وايران وبالتالي هذه المفاوضات اليوم في اشدها,,-0.001459,low
41347a55-3dbd-4c5f-ae15-a14d76ed1cde,mediaspeech,../data/mediaspeech_ar/AR/41347a55-3dbd-4c5f-ae15-a14d76ed1cde.flac,,ع ا التصنيع الطبي او الاستعمالات الطبي لذلك نحنا التركيز هون كا ا كوزاره زراعه اا من خلال هودي الخبرا حتي نحنا نكون عم نوجه هيدا الامر باتجاهو الصحيح ويكون في عنا,,0.421724,mid
d424bc2e-560f-42fe-bafd-772b3a7723ad,mediaspeech,../data/mediaspeech_ar/AR/d424bc2e-560f-42fe-bafd-772b3a7723ad.flac,,الان بعد انقلاب الحوثي لتكوني في الصوره انقلبت هذه القاعده الان نحن نروي نريد ان نعود الي قاعده ديمقراطيه طيب هذا فهمت من اجل انقاذ يمن نعم معالي الوزير محمد عبد الله الحضرمي وزير الخارجيه اليمني اشكر حضرتك علي وجود,,0.152727,low
9f9e4c07-2ba0-48b7-9216-23d6b5bea818,mediaspeech,../data/mediaspeech_ar/AR/9f9e4c07-2ba0-48b7-9216-23d6b5bea818.flac,,علي منصات عالميه ويجب ان تكون هذه جيد التغريدات اكثر دقه لكي لا تخدع الجمهور سيد توم اود ان اسال عن تداعيات هذه المواجهه بين دونالد,,0.006646,low
3b403807-81ef-4dc7-a837-417b0be7cf97,mediaspeech,../data/mediaspeech_ar/AR/3b403807-81ef-4dc7-a837-417b0be7cf97.flac,,وقد فلول هذا التنظيم ارهابي المهم انت شلون تحافظ علي هذا النصر وشلون تدافع عن شعبك وعن ابناء شعبك لهذا انا اعتقد اليوم اجبت بدبلوماسيه استاذ استاذ يحيي نتحول الي نقطه اخري,,0.588408,mid
3a95c1c8-9154-4c30-ba67-552f4a377ecd,mediaspeech,../data/mediaspeech_ar/AR/3a95c1c8-9154-4c30-ba67-552f4a377ecd.flac,,احد منتقديه ان هناك تيار الامارات معالي الوزير هناك تيار للامارات وتيار للسعوديه وبالتالي ا هي حرب بالوكاله علي ارض اليمن بصراحه اختي العزيزه نستطيع ان نتحدث علي هذا انا لا اقول اي اتنصل,,0.047025,low
01508af1-53a8-48b4-9fcd-7dd6fc52f66d,mediaspeech,../data/mediaspeech_ar/AR/01508af1-53a8-48b4-9fcd-7dd6fc52f66d.flac,,الولايات المتحده بفرض عقوبات عليها الامر ليس فقط تجاه ايران او تجاه هناك العديد من الدول التي تقوم الولايات المتحده بفرض عقوبات عليها حتي علي حلفائها مثل تركيا عندما,,-0.003436,low
b05d67e9-fc86-4407-ac5c-1b17ccfb5839,mediaspeech,../data/mediaspeech_ar/AR/b05d67e9-fc86-4407-ac5c-1b17ccfb5839.flac,,اا تقول لنا يعني في طلبات احاطه في اسئله قدمت كثير في الموضوع من اكثر من نائب زميل ونحن في انتظار الحكومه ان تضع امامنا كافه المبررات لما تقول وايه هو,,0.281094,low
9e1cd398-90f9-42d2-81dc-2986d4344197,mediaspeech,../data/mediaspeech_ar/AR/9e1cd398-90f9-42d2-81dc-2986d4344197.flac,,كان في كثير من الشرطه الذين كانوا يقتلون المواطنين بس الفرق ان الفرق دائما كان ان الشرطي ابيض و المقتول اسود مم المره الوحيده اللي اسود قتل فيها مواطنه بيضاء تم الحكم عليه باثنا عشر عام,,0.349161,mid
6bcf0d4d-e89c-4026-aee4-ccea29c92678,mediaspeech,../data/mediaspeech_ar/AR/6bcf0d4d-e89c-4026-aee4-ccea29c92678.flac,,هذا اللي حصل فقط هم يريدون التفاوض يريدون ان يتنفسوا مع طهران وان يربحوا ورقه طهران في الانتخابات وفي الازمات التي هم داخلين فيها في منطقه وفي داخل ما ماذا بالنسبه لطهران ما الذي يمكن,,0.422125,mid
5df1b27c-f0d1-499f-a7f8-3e0c6fb7cb49,mediaspeech,../data/mediaspeech_ar/AR/5df1b27c-f0d1-499f-a7f8-3e0c6fb7cb49.flac,,طاوله ونقول اننا نريد ان ننزل ونعلن جهارا وعلنا وعلي الملئ اسباب النزول وكيف سننظم التظاهرات السلميه للمطالبه بطيب ماذا عن حزب الله حقوق الناس والدفاع عن مصالحهم ورفض الحرمان لهم,,0.033795,low
adfc0930-d8d7-48c0-8c8f-002336bc97e3,mediaspeech,../data/mediaspeech_ar/AR/adfc0930-d8d7-48c0-8c8f-002336bc97e3.flac,,فريده لل اا لل اا فداء مهنته فهو يستحق نفس المعامله اللي بي بيعامل بيها ممكن نتذكر مع بعض يا دكتور كريم نصا ما جاء في بيان النقابه في الرابع والعشرين من مايو ايار انا ا اجتزيء,,0.408969,mid
13a54fd9-a908-42e0-ad79-a8e4b44e2b10,mediaspeech,../data/mediaspeech_ar/AR/13a54fd9-a908-42e0-ad79-a8e4b44e2b10.flac,,ايد المتظاهرين في ان هنالك امور محقه يجب معالجتها و انه هو زعيم هذه الدوله زعيم كل الامريكيين لكنه لم يتصرف بهذه الطريقه هو يتصرف,,-0.001875,low
ebc37786-508e-443c-9962-547d618a92b8,mediaspeech,../data/mediaspeech_ar/AR/ebc37786-508e-443c-9962-547d618a92b8.flac,,الاشخاص الذين يصابون جراء مخالطه البعض من حاملي الفايروس وهذا التطبيق يمكن ان يشكل انذار مبكر علي مدي احتماليه تفشي العدوي,,-0.00527,low
64b3f47b-dad9-40d4-ae3d-df22bf7b2c18,mediaspeech,../data/mediaspeech_ar/AR/64b3f47b-dad9-40d4-ae3d-df22bf7b2c18.flac,,بهذه القرارات ولم نري من يتحدث يعني يلومون التحالف بان هنالك حاله انسانيه وهنالك يعني صعوبات يواجه الشعب اليمني نعم وهذا لايقاف التمدد الايراني ولا نريد ان تعود اليمن او يعني,,0.01414,low
66341e2f-9716-408b-b182-3ee44da42756,mediaspeech,../data/mediaspeech_ar/AR/66341e2f-9716-408b-b182-3ee44da42756.flac,,نوافل العابد فعاليته اكثر في الناحيه الهجوميه هتان كان وجوده ممكن يملك الحلول الفرديه خاصه من ناحيه التسديد من خارج المنطقه كان كان حل افضل صحيح ادخلت عبد الفتاح عبد الفتاح,,0.020218,low
cd585f0f-0f32-4a35-b816-1bf565655226,mediaspeech,../data/mediaspeech_ar/AR/cd585f0f-0f32-4a35-b816-1bf565655226.flac,,اعداد جديده من العاملين تنضم كل يوم الي قائمه المتعطلين عن العمل فتحت وطاه انتشار فيروس كورونا زادت معدلات البطاله في مصر لتسجل تسعه و اثنين من عشره في المائه بنهايه شهر,,0.233408,low
f29119ae-cf06-4744-8372-3d507abcaaa4,mediaspeech,../data/mediaspeech_ar/AR/f29119ae-cf06-4744-8372-3d507abcaaa4.flac,,المتحدث باسم منظمه هيومان رايتس ووتش في الشرق الاوسط وشمال افريقيا يا سيد احمد اهلا بحضرتك هيومان رايتس ووتش كانت من ضمن اوائل المنظمات التي قامت باعداد,,-0.001731,low
32297acf-d110-47dc-b096-7acfd66890fc,mediaspeech,../data/mediaspeech_ar/AR/32297acf-d110-47dc-b096-7acfd66890fc.flac,,من من سوريا هذا يهدد الامن واستقرار في ايطاليا ويهدد الامن والاستقرار في في مالطا ويهدد الامن واستقرار لليونان ويهدد الامن والاستقرار لكل دول جنوب اوروبا اسبانيا والبرتغال طيب ها هل هناك برايك استاذ عبد الهادي دول معينه تغض الطرف,,0.079855,low
667b26eb-7d9a-426e-829b-407ca1f98bb4,mediaspeech,../data/mediaspeech_ar/AR/667b26eb-7d9a-426e-829b-407ca1f98bb4.flac,,للانسان يعني ما اقدر اقيم نفسي ما اقدر اقيم نفسي ان اقول اني جيد و اني ممتاز لان الناس هي التي تقيمني لكن اني حقيقه ايضا من خلالكم اشكر معالي وزير الدفاع السيد جو,,0.265318,low
7bdade5a-92cf-4b6d-8c7f-914babdd3ba8,mediaspeech,../data/mediaspeech_ar/AR/7bdade5a-92cf-4b6d-8c7f-914babdd3ba8.flac,,في منتصف شهر اذار مارس بدات الحكومه البريطانيه بالتدريج بتطبيق اجراءات التباعد الاجتماعي اليوم اتممت سبعين يوما بالضبط لم اخرج خارج حدود,,-0.001611,low
58d70532-d149-4bfd-be3c-772dff0201ee,mediaspeech,../data/mediaspeech_ar/AR/58d70532-d149-4bfd-be3c-772dff0201ee.flac,,توالت ردود الفعل المرحبه باعلان القاهره بشان تسويه الازمه الليبيه وسط ترقب لتطبيقها علي ارض الواقع الليبي في الساعات المقبله ففيما يبرز توافق عربي ودولي علي انجاحها,,-0.003884,low
387c6cbc-ec9b-4257-bc2d-2ff7e45f719d,mediaspeech,../data/mediaspeech_ar/AR/387c6cbc-ec9b-4257-bc2d-2ff7e45f719d.flac,,اخراج الميليشيات العناصر الارهابيه اللي حتي الساعه تؤكد تركيا علي ارسالها الي الداخل الليبي والمخطط التركي في ليبيا بعد صدور تقارير ايضا تشير الي,,0.133849,low
bf8e8501-d908-4d31-9139-90f77917e67a,mediaspeech,../data/mediaspeech_ar/AR/bf8e8501-d908-4d31-9139-90f77917e67a.flac,,كذا مباراه وكان لها حضور جيد في بعض المباريات يمكن حتي كانت قرارتها صحيحه معروف ان تقنيه الفار مو معناته هناك لا وجود لاخطاء ممكن تقلل الاخطاء يعني وهذا الهدف من,,0.369108,mid
dd2135d5-d5bd-4f5f-8743-91683f20c976,mediaspeech,../data/mediaspeech_ar/AR/dd2135d5-d5bd-4f5f-8743-91683f20c976.flac,,اربعه عشر خمسو عشر بالمئه كلا الطرفين اصبحوا جزءا من المنظومه السياسيه و الاجتماعيه الامريكيه و لكن ظل التمييز العنصري بسبب فقر السود يعني يعيشون في اسر مفككه,,0.086808,low
f6ccc733-97b7-49a1-90ce-a3ff39cf2c23,mediaspeech,../data/mediaspeech_ar/AR/f6ccc733-97b7-49a1-90ce-a3ff39cf2c23.flac,,نواجه بذلك نحن نحاول نستخدم الطرق الدبلوماسيه نتواصل مع المجتمع الدولي مجلس الامن المعني بالسلم والامن الدوليين هذا يهدد السلم والامن الدوليين نحن دوله متوسطيه في جنوب اوروبا وقريبه من اوروبا,,-0.00376,low
9015480f-bed3-4ceb-8b3e-5e49dcf05324,mediaspeech,../data/mediaspeech_ar/AR/9015480f-bed3-4ceb-8b3e-5e49dcf05324.flac,,تويتر وفيسبوك او صفحتي الشخصيه علي تويتر ات ام ابو الحميد بي بي سي قبل ان استقبل الكثير من المكالمات الهاتفيه او حتي فتح حوار مع ضيوفنا,,0.003997,low
77d7740a-275f-4272-8ba8-1b9110bbe9aa,mediaspeech,../data/mediaspeech_ar/AR/77d7740a-275f-4272-8ba8-1b9110bbe9aa.flac,,بانسر يجب ان تعمل علي الاقل بمقصورتين بعربتين فان عربه واحده ا تعيد شحن القذائف او الصواريخ او اا في حين تقوم العربه الثانيه بمهاجمه الاهداف في الجو,,0.006983,low
10d18bb8-10d7-457a-9332-43f45c84c011,mediaspeech,../data/mediaspeech_ar/AR/10d18bb8-10d7-457a-9332-43f45c84c011.flac,,وانا ابقي حريصه عليهم اكثر من اي حد ولكن في نسبه شفاء الحمد لله سواء بين الاطباء او بين المواطنين العاديين لان فعلا في بروتوكول قوي وفي طبعا انا,,0.282619,low
bbcf81bf-d76c-420d-9c16-0dfd529d0540,mediaspeech,../data/mediaspeech_ar/AR/bbcf81bf-d76c-420d-9c16-0dfd529d0540.flac,,او من الخارج اا لا يمكن اااا ان ان ان يفرض بشكل من الاشكال علي تركيا نتحدث عن دول اساسيه روسيا بريطانيا ايطاليا اا فرنسا الي اخره كل,,0.204784,low
d335ca19-f69b-42cc-a455-0ccfee8326d0,mediaspeech,../data/mediaspeech_ar/AR/d335ca19-f69b-42cc-a455-0ccfee8326d0.flac,,الامريكي يؤيد الاتراك كما ايدهم في سوريا كما يحتل الامريكي الارض السوريه ومنابع النفط والغاز وطبعا القمح وهو لا يريد لا الحل في سوريا,,0.001309,low
d9876fde-2235-42c0-b7da-74574706543c,mediaspeech,../data/mediaspeech_ar/AR/d9876fde-2235-42c0-b7da-74574706543c.flac,,عنيفه بين العربيه السعوديه وبين ايران وانا بغض النظر عن يعني معطيات وحيتيات الداخل اليمني وخصوصيته المحليه يعني الكل ينظر,,0.038185,low
b10ccc35-3eb0-48f4-b003-c9db84727189,mediaspeech,../data/mediaspeech_ar/AR/b10ccc35-3eb0-48f4-b003-c9db84727189.flac,,شغاله شغاله بقوه كمان في حاله ظهور في حاله ظهور اي حاله كورونا في حاله ظهور اي حاله كورونا عندك في سلسله المطاعم اللي انت بتمتلكها ازاي بتتصرف او انت حاطط لو ما حصلش و هيحصل ال الاستراتيجيه للتعامل هتكون ازاي,,0.866126,high
bc82d2e3-2a12-4dec-8b9d-4a6285faa7cd,mediaspeech,../data/mediaspeech_ar/AR/bc82d2e3-2a12-4dec-8b9d-4a6285faa7cd.flac,,وهو مش عاصمه العالم نحن هذا القرار لا استطيع انا نحن كخبراء نقدم تقرير واصحاب القرار هم هذون السفيران المحترمان,,0.300366,low
c57fafc6-31b6-4e16-91dd-f565b56b759f,mediaspeech,../data/mediaspeech_ar/AR/c57fafc6-31b6-4e16-91dd-f565b56b759f.flac,,خارجي والداخلي احنا كبلد الحمد لله الله نعم علينا بخيرات وغيره شنو المصروف الثاني اللي يكون مساعد اليه شنو عندنا من صناعه زراعه بحيث تسند اوضاعنا في هذه الازمه هذا,,0.590959,mid
8a77ac72-77c2-4d0d-846d-188bc035a020,mediaspeech,../data/mediaspeech_ar/AR/8a77ac72-77c2-4d0d-846d-188bc035a020.flac,,حاله من الاغلاق العام ما زلنا نعيشها فترامب ايضا ياخذ هذه العوامل في اعتباره عندما يتحدث علي شان طائفي هو اداه حادثه مقتل هذا الشاب الاسود جورج فلويد هو الرجل في رهن,,-0.001269,low
f6dc7f33-13a5-48e5-a81c-b23fab47dbd7,mediaspeech,../data/mediaspeech_ar/AR/f6dc7f33-13a5-48e5-a81c-b23fab47dbd7.flac,,في تقرير استراتيجي لها توقعت الوكاله الدوليه للطاقه هبوطا غير مسبوق للطلب علي الغاز عالميا قبل نهايه السنه الجاريه بيد ان,,-0.004053,low
08b0995b-33e8-4ff3-9363-9f37fc714be7,mediaspeech,../data/mediaspeech_ar/AR/08b0995b-33e8-4ff3-9363-9f37fc714be7.flac,,العربي اعاد ذلك الي عده اسباب اولها ارتفاع معدلات التشغيل في القطاع العام والخاص لدي الكثير من الدول العربيه علاوه علي قيام بعض الدول بتحمل جانب من رواتب الموظفين في,,0.007179,low
751913c7-6d0c-449b-bc02-d7365fcf8394,mediaspeech,../data/mediaspeech_ar/AR/751913c7-6d0c-449b-bc02-d7365fcf8394.flac,,وما الاحراجات وما السبوب الاعلامي الذي يبث من قنوات من الاخوان المسلمين الا دليل واضح بان بعد استهداف دوله الامارات تستهدف,,0.147957,low
507b8244-7ee7-4171-851a-72550416bf8e,mediaspeech,../data/mediaspeech_ar/AR/507b8244-7ee7-4171-851a-72550416bf8e.flac,,القضيه الجنوبيه محورا اساسيا من التسع المحاور وهي الاهم في مخرجات الحوار الوطني واعطت الجنوبيين كثير من الميزات والمفروض ان احنا نعود اليها يجب ان نركز علي الاهداف اختي العزيزه,,0.207274,low
5b11c10d-9e4c-4ce0-b25d-aa2357bc70fb,mediaspeech,../data/mediaspeech_ar/AR/5b11c10d-9e4c-4ce0-b25d-aa2357bc70fb.flac,,تونسيه قررت تنشر لنفسها صوره وهي عاريه ويبدو ان الموضوع اثار الكثير من الجدل فيبدو انه في مطالبات برجمها حتي وجلدها يعني جلدها ثم رجمها هن تيناتون حيواجه,,0.101063,low
8ea1e73c-e17e-41af-ae44-8ae1c98e367e,mediaspeech,../data/mediaspeech_ar/AR/8ea1e73c-e17e-41af-ae44-8ae1c98e367e.flac,,لا ليست لديها ما تقول وليست لديها ما ترد حكومه الوفاق تاتيها التصريحات جاهزه من انقره ومن اسطنبول وبالتالي حتي تاتي او حتي ياتي هذه اللحظه حتي يري الاتراك ماذا سيردون,,-0.002244,low
b327bb85-efdb-4457-b8a6-1e12416d78bd,mediaspeech,../data/mediaspeech_ar/AR/b327bb85-efdb-4457-b8a6-1e12416d78bd.flac,,الا تطبيق اري انا اري ان يعني من وجهه نظري عادي جدا بل ويجب ان تفرضه كل دوله تخاف علي شعبها لماذا لان هذا وباء خطير وباء فتاك يجب علينا,,0.000986,low
29272904-a6b0-4ab8-a439-4a545923cc1a,mediaspeech,../data/mediaspeech_ar/AR/29272904-a6b0-4ab8-a439-4a545923cc1a.flac,,بالعكس يعني كناحيه فنيه انت كنت مسيطر علي المباراه كان في اضافه لكن انت بتلعب ضد فريق متكتل في الناحيه الدفاعيه هي نتيجه قيمه الحلول الفرديه سواء في الاختراق او في الجزئيات,,0.526797,mid
1700280e-9789-4918-beb7-c7cc4fcfbf8f,mediaspeech,../data/mediaspeech_ar/AR/1700280e-9789-4918-beb7-c7cc4fcfbf8f.flac,,الايه توجد الادوات التي يستعين فيه هذا الدخل بشكل ينعكس علي رفاهيته في ال في الحياه فنجد دول اخري اقل مننا بكثير في مستوي الدخل ووضعها الاقتصادي لكن,,0.03998,low
8342ffd1-4fb0-4b69-baa1-870c39332c39,mediaspeech,../data/mediaspeech_ar/AR/8342ffd1-4fb0-4b69-baa1-870c39332c39.flac,,القنب الهندي سيكون في الحلقه الاقوي وسيدير اراضيه وزراعه اراضيه بشكل مشجع كونه انه في نتيجه وفي مورد ثابت وواضح اا من خلال,,0.024334,low
c7158fa0-373e-462a-820d-b41ddc33d86e,mediaspeech,../data/mediaspeech_ar/AR/c7158fa0-373e-462a-820d-b41ddc33d86e.flac,,بس هو حياته محنه غير كده خالص يعني من اول الاول خطاب تقريبا نشرته نقابه الاطباء للحكومه كان محدد تماما توفير المساحات وتوفير مستشفيات عزل لل للمصابين,,0.643305,mid
2cd7b191-3c00-452e-b427-6a089dd16df3,mediaspeech,../data/mediaspeech_ar/AR/2cd7b191-3c00-452e-b427-6a089dd16df3.flac,,ريدات الغاز الروسي في تركيا مثلا وماذا وراء خطه شركه قطر للبترول حجز بناء مئه ناقله غاز جديده اين ستتصادم مصالح عمالقه ال,,0.015715,low
24e09d6c-f7da-4ae0-aded-502f07630957,mediaspeech,../data/mediaspeech_ar/AR/24e09d6c-f7da-4ae0-aded-502f07630957.flac,,يمكن تقول عليها صنيعه مخابرات ولكن هي تفوقت علي نفسها بعد ما كانت صنيعه مخابرات واصبحت ايديولوجيه وفكر متطرف لابد من محاربته ومجابهته بكافه طرق الحرب الحرب ضد الفكر,,0.040762,low
a83c380d-d301-46ee-9875-2f66ca7660c6,mediaspeech,../data/mediaspeech_ar/AR/a83c380d-d301-46ee-9875-2f66ca7660c6.flac,,انتهت معارك التحرير بعد تحرير مدينه الموصل ومحافظه الانبار لكن لا زلنا نشهد حملات عسكريه في اا محافظات الانبار ونينوي وايضا محافظه صلاح الدين وهنالك هجمات,,0.001278,low
09601143-e5a3-46c0-8632-ded03501588b,mediaspeech,../data/mediaspeech_ar/AR/09601143-e5a3-46c0-8632-ded03501588b.flac,,استقرار لليبيا لم تكن الدول دول الجوار موفقه فيه ايضا لا نريد ان تكون مبادرات هي رده فعل عن مبادرات تقوم بها دول اخري نتمني ان تكون المبادره دائما مبادره من دوله الجوار,,-0.002856,low
01281098-9b33-4ebc-803f-135f6ee4ba25,mediaspeech,../data/mediaspeech_ar/AR/01281098-9b33-4ebc-803f-135f6ee4ba25.flac,,خمسه عشر بالمئه خمسه في المئه ثم خمسه ثم خمسه علي مدي ثلاث سنوات هي التي جاء بها الملك عبدالله اعطاها كما يقولون بين قوسين هبه للشعب ايام مواجهه الثورات العربيه في الفين وحدعش,,0.271756,low
95921e74-f53b-4bca-814f-a797754ab8f3,mediaspeech,../data/mediaspeech_ar/AR/95921e74-f53b-4bca-814f-a797754ab8f3.flac,,التظاهرات لاغراض سياسيه اذا تحدثنا عن طريقه تعامل الاداره الي الان علي الاقل مع هذه الازمه كيف تراها خاصه فيما يتعلق بنقطه ا نشر الجيش,,0.105393,low
e11bf4a8-2d0f-4f30-9311-ddc964c39e60,mediaspeech,../data/mediaspeech_ar/AR/e11bf4a8-2d0f-4f30-9311-ddc964c39e60.flac,,ملات وجاء فيضان شحيح او فيضان عالي وتريد ان تغير سياسه التشغيل ها وحدث خلاف بين الاطراف ماذا الذي سوف يحكم هذا اسيوبيا ترفض ذلك هناك ايضا مساله تبادل البيانات والمعلومات والتاكد منها,,0.008124,low
c2d970aa-d95a-4282-a4b4-46011abf8c63,mediaspeech,../data/mediaspeech_ar/AR/c2d970aa-d95a-4282-a4b4-46011abf8c63.flac,,وطننا كيف نكون فخورين في وطننا كيف وطننا يكون جزء مساهم في تنميه وحراك العالم سواء علي المستوي الاقتصادي او علي المستوي البيئي او علي المستوي الحضاري او الفكري الي اخره هذا هذا طموحنا نقدم كثير,,0.134429,low
7b33f565-d0db-4b12-b46d-006bf1a8ff3d,mediaspeech,../data/mediaspeech_ar/AR/7b33f565-d0db-4b12-b46d-006bf1a8ff3d.flac,,كذا ولا حد بيتكلم عن جاهزيه مستشفيات ولا حد يتكلم عن طبيعه العلاج عاوزين نتكلم عن علاج لكن بيتكلم الدكتور اللي هيتعمل له مسحه لو هو سخن وعنده اعراض عارف ان هو عنده لكن مش هتفرق المسحه احنا نتكلم عن,,0.926657,high
cfca2be7-dbd4-4a25-af9b-6f38e9c99217,mediaspeech,../data/mediaspeech_ar/AR/cfca2be7-dbd4-4a25-af9b-6f38e9c99217.flac,,خبراء الوكاله في الوقت نفسه ينتظرون استئنافا سريعا لهذا الطلب بل وزيادته علي نحو ملحوظ في السنه المقبله ووفق تقديرات الوكاله,,-0.004245,low
df953172-798b-49db-88b7-4b64ab718363,mediaspeech,../data/mediaspeech_ar/AR/df953172-798b-49db-88b7-4b64ab718363.flac,,ديه الاعلان العالمي لحقوق الانسان و العهد الدولي الخاص بالحقوق المدنيه و السياسيه و ايضا الدساتير الموجوده في المنطقه تؤكد علي خصوصيه الاتصالات تحديدا و ان اا و ان هذه المعلومات,,0.210037,low
ac512964-8924-4a47-9d4e-c8cec1badcc3,mediaspeech,../data/mediaspeech_ar/AR/ac512964-8924-4a47-9d4e-c8cec1badcc3.flac,,قالتها صراحه قالت بان يجب علينا ان نحصل علي اثنين فاصل ثلاثه اذا اردنا ان نستجيب لكل المتطلبات الانسانيه والطبيه والاجتماعيه للمجتمع اليمني الذي يان تحت الحرب لكن,,0.024127,low
aa3ab2ef-2224-4bfc-a03a-17b040b4dd50,mediaspeech,../data/mediaspeech_ar/AR/aa3ab2ef-2224-4bfc-a03a-17b040b4dd50.flac,,احتفالات في البحرين و عطله رسميه ابتهاجا باللقب رونار يعترف بالهزيمه و سوزا يؤكد نجاحه في التحدي الكبير,,0.056935,low
11ebcc66-f3d3-4345-9bd6-9e0451edc881,mediaspeech,../data/mediaspeech_ar/AR/11ebcc66-f3d3-4345-9bd6-9e0451edc881.flac,,شركه النفط الكبري في العالم الشركه السعوديه ارامكو لتكون هذه الاسهم متاحه للاكتتاب سواء في السعوديه او في غيرها,,0.00266,low
5248a629-dc71-42b8-98db-3008cca27f4e,mediaspeech,../data/mediaspeech_ar/AR/5248a629-dc71-42b8-98db-3008cca27f4e.flac,,للحد المعقول قائلا كل افراد الاسره المالكه مليارديرات وليسوا بحاجه لهذه المخصصات هذا افضل من البحث في جيوب الشعب الغلبان علي كام ريال علي حد تعبيره ماذا عن رده فعل الشعب,,0.235941,low
1d9fcb8a-e1b8-4726-b6c8-7188afd18316,mediaspeech,../data/mediaspeech_ar/AR/1d9fcb8a-e1b8-4726-b6c8-7188afd18316.flac,,تضم كل الاطراف يعني اا سواء الاطراف التي شاركت في مبادره القاهره اطراف موجوده في طرابلس وفي داخل حكومه الوفاقنعم بشرط الا تكون جزء من مشروعات التطرف والارهاب,,0.04406,low
c6f05333-82be-435e-98dd-5c5b7aa020e1,mediaspeech,../data/mediaspeech_ar/AR/c6f05333-82be-435e-98dd-5c5b7aa020e1.flac,,البطوله وهي اول مره في تاريخها وزي ما يقولون الشعب السعودي والبحريني كلنا واحد ان شاء الله وفرحتنا وحده باذن الله يعني شوف هي بدايه من بنلتي ضيعه صراحه ولو كان لوجت يعني,,0.639039,mid
3f53ada7-e125-4cb3-a109-21b6e023e894,mediaspeech,../data/mediaspeech_ar/AR/3f53ada7-e125-4cb3-a109-21b6e023e894.flac,,اشاره الي مقاتلين سوريين استجلبتهم تركيا لليبيا ما قول حضرتك في ذلك,,0.150124,low
08313689-1226-4dc7-85db-df1e4bc301f2,mediaspeech,../data/mediaspeech_ar/AR/08313689-1226-4dc7-85db-df1e4bc301f2.flac,,قل في جزيء تسي تهيمن او تدير حياه المواطنين والشان العام اليمني وتضع برنامج لاستيعاب احتياجات وللتعامل مع المانحين نحن لدينا سلطه واقعيه في في,,-0.002571,low
96d84e3e-a999-468e-bf76-3c901de99f3c,mediaspeech,../data/mediaspeech_ar/AR/96d84e3e-a999-468e-bf76-3c901de99f3c.flac,,نعم غايه الهدف منها تكون دفاعيه ان تحمي العراق وشعب العراق وان تدافع عن العراق وهذا ما بنيت عليه المنظومه العسكريه العراقيه,,0.008014,low
55c3e78f-1374-4844-b758-3b5b69f8a8a6,mediaspeech,../data/mediaspeech_ar/AR/55c3e78f-1374-4844-b758-3b5b69f8a8a6.flac,,من واشنطن الدبلوماسي الامريكي السابق ريتشارد شمايرار مرحبا بالضيوف دكتور نزار مساء الخير دعني ابدا معك اولا اذا هناك مبادره بتفاصيل واضحه مساء الخير لحل هذه الازمه,,-0.002488,low
3014722f-367d-4ddc-bffa-16cf931b17d1,mediaspeech,../data/mediaspeech_ar/AR/3014722f-367d-4ddc-bffa-16cf931b17d1.flac,,تسليح رجال الشرطه في الولايات المتحده فنحن يجب ان ندرك بان القوات العسكريه هي تقوم بادوار مختلفه انا كنت اعمل في كوسوفو وفي افغانستان مع العسكريين والشرطه العسكريه وفي,,-0.001199,low
15a4b8f2-7834-4968-94da-680064e8b80a,mediaspeech,../data/mediaspeech_ar/AR/15a4b8f2-7834-4968-94da-680064e8b80a.flac,,الجهات المسنده المشاريع جت اللي هي زي الريس لما راح كوبري ولها عمال الشركات معهم اهتمامات مش لابسينها طبعا المهندس الشركه هو المسؤول وفي المهندس المشرف عليه من الجهه,,0.609811,mid
99f5e976-e332-4755-9d1e-b8265b32d743,mediaspeech,../data/mediaspeech_ar/AR/99f5e976-e332-4755-9d1e-b8265b32d743.flac,,و يسعي الي فتنه بين الطوائف و المذاهب هل تسعي المعارضه من اجل اا الوصول الي الحد الاقصي حتي و لو باستغلال احداث الشغب سيد يوسف,,0.004578,low
a57f0e15-e5a7-410f-b09a-f956fc57ad15,mediaspeech,../data/mediaspeech_ar/AR/a57f0e15-e5a7-410f-b09a-f956fc57ad15.flac,,اذا مره اخري هو ضوء برتقالي ليس اخضر مطلق تماما هو ايضا ضمن جمله تفاهمات ومصالح وليس ضوءا احمر هي تريد لتركيا التدخل بشكل او باخر من اجل ايضا ضمان مصالحها,,-0.00117,low
953cf61a-cf5d-4d21-9f1f-5a8015f5b867,mediaspeech,../data/mediaspeech_ar/AR/953cf61a-cf5d-4d21-9f1f-5a8015f5b867.flac,,مقابل لمصلحه الاحمر فوز البحرين و تتويجها بكاس الخليج هو الاول في تاريخها بعد خمسين عاما من انطلاق البطوله العام الف و تسعمائه و سبعين لتدخل ضمن ابطال هذه,,-0.002827,low
ff1f5360-65e3-4a58-9be1-22238aef545f,mediaspeech,../data/mediaspeech_ar/AR/ff1f5360-65e3-4a58-9be1-22238aef545f.flac,,لبنان وحتي يعني التوجه للضغط علي صندوق النقد الدولي لمنع حصول لبنان علي اي قروض تستهدف العراق ايضا رغم ان هناك حوار استراتيجي الان هذا ما ساسل عنه السيد امير نبيل ايضا,,-0.005347,low
44f82ad5-6698-4609-a666-2e0d9b4fef0c,mediaspeech,../data/mediaspeech_ar/AR/44f82ad5-6698-4609-a666-2e0d9b4fef0c.flac,,هذه الخساره ادت طبعا انخفاض الدخل وبالتالي الي ازدياد مستويات الفقر طبعا في الدراسه اللي قامت بها الاسكو والتي تحدثت ايضا عن زياده,,0.117366,low
0f862958-90fe-4867-8d56-9047e09a6b26,mediaspeech,../data/mediaspeech_ar/AR/0f862958-90fe-4867-8d56-9047e09a6b26.flac,,ايا كان مسميات الاتفاق من الطرفين مع القوي الاقليميه لكن الواقع انو القوي الاقليميه لديها اليد الطول علي الاقل عسكريا الان داخل ليبيا عفوا الاتفاقيه ابرمت في شهر في شهر نوفمبر شهر,,0.108873,low
6b114b69-e531-4f58-896f-1a64c2e848a4,mediaspeech,../data/mediaspeech_ar/AR/6b114b69-e531-4f58-896f-1a64c2e848a4.flac,,كنا نحنا دايما نقول انه لازم نخفف من الدهون ونلغي من الدهون ولكن صحيح عند يعني التعرف علي نوعيه الدهون اللي هي موجوده بالمكسرات وبالفعل معظم الدهون الموجوده بالمكسرات نحن هون عم بنحكي اكيد عن,,0.391396,mid
cee05b0d-7c6f-4cf2-ab28-edcb94705fa4,mediaspeech,../data/mediaspeech_ar/AR/cee05b0d-7c6f-4cf2-ab28-edcb94705fa4.flac,,ليره اللبنانيه وبغيرها وان هناك من يستهدف ليس فقط حكومه الرئيس دياب ولكن يستهدف البلد باكمله هذه الاعمال المدانه والمستنكره والمستهجنه الغريبه عن,,0.227316,low
1d732a4f-e6b9-46a5-8266-de5a1a888ca7,mediaspeech,../data/mediaspeech_ar/AR/1d732a4f-e6b9-46a5-8266-de5a1a888ca7.flac,,بالفين وتسعه عشر قلتم باللفظ بفضل السعوديه تمكنا من كبح جماح الحوثيين اولا ما هو دلائل كبح جناح الحوثيين ونحن دخلنا العام السادس ولا السابع في الحرب اليمنيه من دون حسم وثانيا انتم لم,,0.093125,low
bc26ec49-ca4b-4c9c-a362-f17de9c8be36,mediaspeech,../data/mediaspeech_ar/AR/bc26ec49-ca4b-4c9c-a362-f17de9c8be36.flac,,اراضي اليوم اما الاراضي ال اا عندما تزرع وعندك استصلاح ميه وعشره الاف هكتار ونحنا قمنا بتدوير اتمينا وتمانين مليار كانوا عم بيتدوروا كل سنه وئمنا بتدويرون وانا طرحت علي الحكومي هادا,,0.591891,mid
79488c36-7223-46a1-8179-8dee80fb0c2e,mediaspeech,../data/mediaspeech_ar/AR/79488c36-7223-46a1-8179-8dee80fb0c2e.flac,,من طلعنا مظاهرات قدر المستطاع اذا شفنا حتي ولو يعني اا اي شيء بسيط الناس عايزه تكسر الناس عايزه بس هو التخريب ايضا واقع يا طارق يعني هذا تبعناه بام اعيونا في بث مباشر,,0.852769,high
943fb8b5-ad45-4452-b6c9-5a588bf1cfcc,mediaspeech,../data/mediaspeech_ar/AR/943fb8b5-ad45-4452-b6c9-5a588bf1cfcc.flac,,بروتوكول العلاج يا فندم وزاره الصحه نشرت اكثر من مره بروتوكول قالت انه للعلاج ولكن هو طبعا لتخفيف الاعراض لانه طبعا كما نعلم جميعا ليس هناك من دواء متوفر,,0.130547,low
3509c666-b477-424f-b2d2-28511162f8c7,mediaspeech,../data/mediaspeech_ar/AR/3509c666-b477-424f-b2d2-28511162f8c7.flac,,وانما الامر يحتاج الي قيام منظومه كبيره للدفاع الجو وليس مجرد نشر العربه هنا وهناك,,-0.003855,low
12275730-6e9f-494f-a61f-5fa2f06f16fb,mediaspeech,../data/mediaspeech_ar/AR/12275730-6e9f-494f-a61f-5fa2f06f16fb.flac,,هاني رسلان مسا الخير استاذ هاني عندما تقول اثيوبيا انها مستعده للتوقيع او لقبول اتفاق جديد شريطه ان يكون مرتبط باعلان المبادئ عام الفين وخمستاعش ما ما,,0.172554,low
e4ac2a72-9335-4f95-9c00-08e9e6c2e2e3,mediaspeech,../data/mediaspeech_ar/AR/e4ac2a72-9335-4f95-9c00-08e9e6c2e2e3.flac,,اردنيه يا محمد اهلا وسهلا الحديث الان بالاساس عن طريقه التعاطي من الاداره الامريكيه مع تبعات مقتل فلويد وتابعنا خطاب الرئيس هل تعتقد انه كان موافق,,0.008399,low
b4038bd3-e82d-414c-bfc9-48fed0edb9d5,mediaspeech,../data/mediaspeech_ar/AR/b4038bd3-e82d-414c-bfc9-48fed0edb9d5.flac,,دكتوره شاديه تفضل بخصوص الطبيب او الاطباء اللي بيتوفوا طبعا النقابه عندها اليات عندها نقابات فرعيه تقدر تحصر عدد الاطباء اللي بيصابوا وعدد الاطباء اللي بيتوفوا بدقه,,0.465289,mid
c3cea2a0-4f67-4922-8c23-e21cedd70c94,mediaspeech,../data/mediaspeech_ar/AR/c3cea2a0-4f67-4922-8c23-e21cedd70c94.flac,,الحلقه استاذ صلاح اطمئنك انني ساعود الي رسم الخارطه العسكريه والاستراتيجيه بما فيها سواء خطوط التماس خطوط النزاع او مم اا قواعد الامداد هل حضرتك من الذين فروا من طرابلس,,0.0112,low
4db17b90-4d9e-4879-bdf5-32f159a506be,mediaspeech,../data/mediaspeech_ar/AR/4db17b90-4d9e-4879-bdf5-32f159a506be.flac,,استاذ يحيي يعني هل هنالك مواقع جغرافيه يتواجد فيها داعش معلومه بالنسبه لكم الان اكو بعض المناطق المؤشره لدينا بتواجد بقايا لفلول عصابات دلعش او بعض الخلايا اللي تحاول ان تنشط في,,0.150841,low
750b39ad-b358-4460-afc0-15fefe661ec2,mediaspeech,../data/mediaspeech_ar/AR/750b39ad-b358-4460-afc0-15fefe661ec2.flac,,نائمه ام اا كان هنالك تسرب من عناصر داعش من سوريا الي باتجاه العراق لا هم القسم منهم اللي اللي ما هرب باتجاه سوريا تعرف الكثير من العمليات القسم الاكبر ومعظم,,0.517204,mid
270afd4c-d914-4ef0-98f3-197fb34bc9de,mediaspeech,../data/mediaspeech_ar/AR/270afd4c-d914-4ef0-98f3-197fb34bc9de.flac,,تستخدم او تصدر معظم غازها عبر خطوط انابيب الغاز عبر الانابيب وان اصبحت ايضا لاعبا قويا في موضوع تسييل الغاز وتصديره براي حضرتك يعني لا شك ان خبراء,,-0.003131,low
8a02b068-fd4c-43b6-abe6-03408d248b18,mediaspeech,../data/mediaspeech_ar/AR/8a02b068-fd4c-43b6-abe6-03408d248b18.flac,,يوزعونه ويجبرون المواطنين علي تنزيل هذه التطبيقات ها ولا نعرف حقيقه ما هي هذه التطبيقات يعني وما الهدف منها وما وماذا ورائها يمكن ان تكون هذه التطبيقات,,0.08884,low
fc86f6c6-16c8-474c-b87b-e68e3f9beaef,mediaspeech,../data/mediaspeech_ar/AR/fc86f6c6-16c8-474c-b87b-e68e3f9beaef.flac,,او كانت القرارات في صالح الشركات طب خليني اروح لاستاذ وائل اا استاذ وائل اا بدايه من شهر يونيو المقبل اصبح ارتداء الكمامه الزاميا هناك غرامه تصل الي اربع تلاف جنيه في حال عدم الارتداءها,,0.368411,mid
db1353d7-7739-45dc-89da-38ced679ffd4,mediaspeech,../data/mediaspeech_ar/AR/db1353d7-7739-45dc-89da-38ced679ffd4.flac,,بواجباته مع كافه افراد المجتمع فهو ينبذ ااا شيء اسمو تمييز عنصري وينبذ اا شيء اسمو اي شيء اسمو تفرقه فا اا الانسان عندما يشعر انه,,0.141512,low
c7480914-5412-4fd9-9c90-029748c718b7,mediaspeech,../data/mediaspeech_ar/AR/c7480914-5412-4fd9-9c90-029748c718b7.flac,,نعتقد ان الخطوه في الاتجاه الصحيح والجيش ليس لم يحسم المعركه الجيش فقط تراجع وانسحب من اجل احنا نحن لا نقاتل الليبيين من اجل ان نقاتلهم لا,,0.110181,low
2e22927c-1dc2-4c9e-a65b-067af180703c,mediaspeech,../data/mediaspeech_ar/AR/2e22927c-1dc2-4c9e-a65b-067af180703c.flac,,توقيع السرعان ما عطله رئيس الجمهوريه و حال دون توقيع هذا طيب طيب ساعود اليك سيد يوسف اذا كان هناك من نيه مقصوده لتعطيل القضاء اعتقد ان موضوع محاربه الفساد هو ساعود اليك,,0.245608,low
93f867f6-318f-4f21-9978-79d17d1b6f92,mediaspeech,../data/mediaspeech_ar/AR/93f867f6-318f-4f21-9978-79d17d1b6f92.flac,,الغذائيه لحتي لانه راح يصير في عنا استهلاك المنتوجات الوطنيه من خلال الصناعات الغذائيه بلبنان لذلك نحنا عم ندعم هيدا القطاع بشكل كبير وايضا التواصل مستمر مع كل الدول,,0.410358,mid
d9c053c7-ce7a-43a8-9bfd-821fee15a732,mediaspeech,../data/mediaspeech_ar/AR/d9c053c7-ce7a-43a8-9bfd-821fee15a732.flac,,واللعب علي موضوع اا انهيار الليره ان نزل الجيش لمحاوله ضبط الامور هو والقوي الامنيه اتهموا بالقمع وان لم ينزلوا قيل اين هم,,0.273901,low
67d1877c-f8aa-46ad-84eb-7fa74b23a42c,mediaspeech,../data/mediaspeech_ar/AR/67d1877c-f8aa-46ad-84eb-7fa74b23a42c.flac,,في وضع حلول للتحديات العلميه مثلا لدينا الان عده تحديات علميه مبتكره وموجوده علي موقعنا ويمكن لاي شخص الاطلاع عليها والمشاركه في حلول لها,,0.002058,low
d861172d-d23f-493c-9d5b-a67f7816df45,mediaspeech,../data/mediaspeech_ar/AR/d861172d-d23f-493c-9d5b-a67f7816df45.flac,,لطيه واثنين يدل ايضا هذا الاتفاق علي انه رافض تماما لمقتضيات اتفاق الرياض وثلاثه يدل ايضا علي انه تهرب من تجنيب الحكومه من العوده هل,,0.058489,low
a8658367-0813-4f81-ae0b-d644e587220d,mediaspeech,../data/mediaspeech_ar/AR/a8658367-0813-4f81-ae0b-d644e587220d.flac,,سيين اليوم في الساحه الليبيه في غياب ااا دور اوروبي دور امريكي اوضح دور اكبر لحلف شمال الاطلسي هل ستبقي المساله مرتبطه بروسيا و تركيا بالذات في المقام الاول,,-0.001302,low
1b0e9a35-33e5-4438-a955-85ea2a0ca4ff,mediaspeech,../data/mediaspeech_ar/AR/1b0e9a35-33e5-4438-a955-85ea2a0ca4ff.flac,,من التاثر السلبي لبعض القطاعات الا ان الاخري شهدت قفزات قويه لعمليات التوظيف ولمحاوله ايضاح الاثر قام موقع لينكد ان بمتابعه اعلانات الوظائف التي يتم نشرها علي الموقع,,-0.005146,low
af2693e5-3d64-4912-88f1-379c2eac7244,mediaspeech,../data/mediaspeech_ar/AR/af2693e5-3d64-4912-88f1-379c2eac7244.flac,,والقانونيه ابدا هي فقط امتداد لحياتنا اليوميه الجسديه وعندما لنفرض الان ان قام انسان معين في الشارع او في قاعه محاضره,,0.021903,low
36dca10a-bd18-425f-9d2c-57dc92c82806,mediaspeech,../data/mediaspeech_ar/AR/36dca10a-bd18-425f-9d2c-57dc92c82806.flac,,وفي قناه العربيه فيها سمو الامير محمد بن سلمان بن عبد العزيز ولي ولي العهد السعودي ا سمو الامير قبل الفاصل تحدثنا عن الرؤيه التي اطلقتموها اليوم اه الرؤيه الاستراتيجيه للمملكه العربيه السعوديه عشرين,,-0.001043,low
b8fad575-0a0e-48a8-a132-358e80ecc0cf,mediaspeech,../data/mediaspeech_ar/AR/b8fad575-0a0e-48a8-a132-358e80ecc0cf.flac,,والتجهيزات هي ازمه مصريه لانه في بريطانيا في الولايات المتحده في ايطاليا في فرنسا تقريبا في كل الدول فيما الا فيما ندر هناك انتقادات موجهه للدوله فيما يتعلق بعدم الاستعداد لجائحه مثل هذه,,0.021566,low
711f3f12-b4de-4795-8534-f113f74ecace,mediaspeech,../data/mediaspeech_ar/AR/711f3f12-b4de-4795-8534-f113f74ecace.flac,,تيه للتكامل بين الدول الثلاث اثيوبيا و السودان وووو مصر الم تتم زيارات عشرات المرات و تصريحات و الخ اين هو هذا الكره الان نحن نواجه,,0.001935,low
357a055d-0cff-4720-8a26-1a5b59aaf60e,mediaspeech,../data/mediaspeech_ar/AR/357a055d-0cff-4720-8a26-1a5b59aaf60e.flac,,هذه المواقع هذا من جهه وايضا عليهم ان يتحملوا مسؤوليه ماينشره الرواد كما فعلوا بالنسبه لترامب لا ان يستعملوا هذه الصلاحيه مع,,0.041242,low
7e9c9995-5988-404f-a4a5-b25a24a6d87d,mediaspeech,../data/mediaspeech_ar/AR/7e9c9995-5988-404f-a4a5-b25a24a6d87d.flac,,الذين ندين ونستنكر ونستهجن ونرفض وندعو الي محاسبتهم باقصي العقوبات وان تضرب الدوله بيد من حديد المتهم في كل حين بان حركه امل وحزب الله هي وراء هؤلاء ال,,-0.003554,low
e5e1e525-f0f1-43a9-888e-32d273b74189,mediaspeech,../data/mediaspeech_ar/AR/e5e1e525-f0f1-43a9-888e-32d273b74189.flac,,توجه نحو الشرق بالاعتماد علي منظومه البريكست تشكل اثنين و ستين بالمائه من سكان العالم و اكثر من خمسه و ثلاثين بالمائه من تجاره العالم بدانا بالاعتماد علي الدوله الصديق ذات التاريخ العريق و هي روسيا,,-0.003459,low
e8e5e607-8447-407f-98f2-f8d8a6440f41,mediaspeech,../data/mediaspeech_ar/AR/e8e5e607-8447-407f-98f2-f8d8a6440f41.flac,,يكون هناك مركز موحد ل للموارد الماليه وتوزيعها وفقا لاحتياجات وضع خطه وطنيه علي الاقل حتي في الاماكن التي يطلق عليها محرره لكن بهذه الحاله اعتقد,,-0.003169,low
e1e203aa-5548-48dc-8fd2-9280bb9750df,mediaspeech,../data/mediaspeech_ar/AR/e1e203aa-5548-48dc-8fd2-9280bb9750df.flac,,مستوي لعب بتوازن او اقرب من الناحيه الدفاعيه و الاعتماد علي التحولات هذا شيء كان متوقع فكان المنتخب السعودي كان محتاج اكثر ان هو يعني يتفاعل في الشق الهجومي مع الحرص الشديد في,,7e-05,low
a931286d-6c48-43db-aeca-9adc77611a33,mediaspeech,../data/mediaspeech_ar/AR/a931286d-6c48-43db-aeca-9adc77611a33.flac,,قليمي علي علي ليبيا الخاسر فيها الليبيين اا هو وهم النصر مره اخري من علي شاشتكم الكريمه بعد مؤتمر برلين ابديت رايي بان هناك هشاشه في الهدنه لن,,0.207422,low
db80ae3b-eb4d-4c01-915f-1aabc0880e38,mediaspeech,../data/mediaspeech_ar/AR/db80ae3b-eb4d-4c01-915f-1aabc0880e38.flac,,قول نعم هي هزيمه نكراء لحفتر والداعمين له كان يتباهي بقوته و قربه من طرابلس لكن الحليف التركي قلب المعادله عليه وعلي داعميه اسلام عرفي يقول هناك استراتيجيه تتبناها بعض الدول وهي ابعاد,,-0.003564,low
8dbf7043-5262-44e0-8a81-38b71f3da1ca,mediaspeech,../data/mediaspeech_ar/AR/8dbf7043-5262-44e0-8a81-38b71f3da1ca.flac,,ضد نقابيه سابقه بارزه بنشر اخبار كاذبه والتحريض رويترز نشرت تقريرا عنونته اطباء في مصر يشكون من محاولات تكميم افواههم في ازمه كورونا انتهي التنصيص حاولنا,,-0.002155,low
53a0a285-4a4f-4604-a6a2-84844f2defea,mediaspeech,../data/mediaspeech_ar/AR/53a0a285-4a4f-4604-a6a2-84844f2defea.flac,,واحيانا هناك بشكاوي تقدم من الجمهور وبالتالي تويتر تفعل ما عليها ان تفعله اما بالنسبه للرئيس ترامب ورد فعله الان فهو لا,,0.005749,low
6a6caaac-af44-4798-a63e-a737f5953b92,mediaspeech,../data/mediaspeech_ar/AR/6a6caaac-af44-4798-a63e-a737f5953b92.flac,,من قبل شركه سمز وتم طردها وتم معاقبه العراق في ذلك بالمبالغ الماليه محاوله جلب الشركات الروسيه والاتحاد الاوروبي والشركات الاخري للعمل في العراق في دوله المانحين,,0.006028,low
7096b834-279a-430e-a18e-6f49239db8ce,mediaspeech,../data/mediaspeech_ar/AR/7096b834-279a-430e-a18e-6f49239db8ce.flac,,استاذ بنبله طيب اتصور اننا سنعيد الاتصال بالاستاذ بنبله فقدنا به الاتصال مؤقتا استاذ مجدي اسماعيل هل من رد استاذ رامي كمان من مصراته ينضم الينا بس اريد ان استمع للاستاذ مجدي في تعقيب اختي علي ما,,0.363025,mid
da931b29-e764-4c5d-bfdb-9c050955ac8e,mediaspeech,../data/mediaspeech_ar/AR/da931b29-e764-4c5d-bfdb-9c050955ac8e.flac,,اساس الذي نحن الان نقاتل عليه الشرعيه في اليمن هي ليست الشعبيه الشرعيه في اليمن هي مؤصله بانتخاب رئيس شرعي كان اخر رئيس شرعي في الفين واثني عشر وسته ونصف مليون يمني انتخبوا من اصل عشره مليون,,0.013141,low
75938a97-caea-40d6-a543-35cf60b270c9,mediaspeech,../data/mediaspeech_ar/AR/75938a97-caea-40d6-a543-35cf60b270c9.flac,,قاسم سليماني وابو مهدي المهندس اا في عهد حكومه الكاظمي هل تم يعني الاتفاق مع الجانب الامريكي علي انهاء هذا الامر انا اعتقد اليوم اكو يعني السيد رئيس الوزراء,,0.196172,low
b8bbd800-1b64-4be0-b4f5-3d9196a194cb,mediaspeech,../data/mediaspeech_ar/AR/b8bbd800-1b64-4be0-b4f5-3d9196a194cb.flac,,اا مخرجات التعليم وربطها باحتياجات السوق وبالرؤيه المستقبليه وباحتياجات الخمستعشر السنه القادمه هذي ايضا مهمه جدا في تهيئه السعودي للدخول لسوق العمل يوجد العديد من الاجراءات في هذا,,0.10755,low
5f0875ac-cc2e-48a6-9c7f-9a708a4c1155,mediaspeech,../data/mediaspeech_ar/AR/5f0875ac-cc2e-48a6-9c7f-9a708a4c1155.flac,,والاستراتيجيه كان معنا من القاهره واشكر ضيفنا من اديس ابابا الباحث في الشؤون الافريقيه عبدالشكور عبد الصمد شكرا لكما موعدنا يتجدد غدا في غرفه الاخبار,,0.016579,low
c3dd3b04-91e4-4d45-90d4-61360959402a,mediaspeech,../data/mediaspeech_ar/AR/c3dd3b04-91e4-4d45-90d4-61360959402a.flac,,تعمل علي عدم الذهاب الي الخيار السياسي وتفضل الحسم العسكري عندما كانت موازين القوي ربما ليست كما هي عليها الان وبالتالي لابد ان نتعامل مع الازمه الليبيه,,-0.00827,low
5846cc30-5eaf-4df5-9e35-80cc4301e5fc,mediaspeech,../data/mediaspeech_ar/AR/5846cc30-5eaf-4df5-9e35-80cc4301e5fc.flac,,لا يزال يتاثر بكيفيه تعاملنا في ماضينا المظلم وبما في ذلك تعاملنا مع المواطنين الافريقيين الامريكيين من الوصول الافريقيه فيمكن ان نقول لكم في ولايه مينيوسوتو وخاصه في مدينه,,-0.0046,low
e58fe98c-4ef2-498e-a61c-5ecf54e3d6f4,mediaspeech,../data/mediaspeech_ar/AR/e58fe98c-4ef2-498e-a61c-5ecf54e3d6f4.flac,,نعم طب سيد ايهاب يعني من وراء هذه العمليه الم تحقق طهران العديد من النتائج والمكتسبات يعني اولها انها قادره علي التحدي كان هذا تحديا ونجحت في تنفيذه بوصول,,0.089124,low
a6ce5584-92dc-41b4-a36d-9e43b6dbaf11,mediaspeech,../data/mediaspeech_ar/AR/a6ce5584-92dc-41b4-a36d-9e43b6dbaf11.flac,,تاتي من البيوت السياسيه العريقه ولا من الدوله العميقه بل من القطاع المص القطاع ال ال ال ال ال ال المالي والعقاري ليدير امريكا,,0.005408,low
0d0a2d78-502e-443a-a4f0-ac2c75d69460,mediaspeech,../data/mediaspeech_ar/AR/0d0a2d78-502e-443a-a4f0-ac2c75d69460.flac,,اذا من مصلحه ليبيا من اجل ايضا محاوله اولا ضمان مصلحه الليبيين وضمان المصالح العربيه اذا امكن ذلك بتحالف عربي ربما رغم ان ذلك الان صعب ولكن هو ما ما,,-0.001905,low
95c8e383-1334-49a7-876e-742e792c0d23,mediaspeech,../data/mediaspeech_ar/AR/95c8e383-1334-49a7-876e-742e792c0d23.flac,,اه رئيس مجلس الوزراء يجيب بقي رئيس الشركه الوطنيه للطرق هم يجيب الهيئه العامه للطرق و الكباري يجيب وزير النقل انا انا في النهايه طالب طلبات محدده في طلب احاطه,,0.685153,high
c929f1dc-9359-448c-8610-2c45c9b3dc98,mediaspeech,../data/mediaspeech_ar/AR/c929f1dc-9359-448c-8610-2c45c9b3dc98.flac,,فتدفع بارقام اعلي اليوم افتح ملف الاطباء في مصر اوضاعهم حقوقهم واجباتهم تحت الجائحه تحذيرات النقابه قبل اجتماع الامس من انهيار منظومه الصحه في مصر كيف كان,,0.006749,low
4701394c-79bb-434c-ae86-fe7798784819,mediaspeech,../data/mediaspeech_ar/AR/4701394c-79bb-434c-ae86-fe7798784819.flac,,من السماء والحكومه من مصلحتها السيطره علي جائحه كورونا هكذا ذهبت زميلتي ساره فياض في رصد توجهات الحوار لهذا اليوم اعود مره اخري الي مشاركات حضراتكم الهاتفيه من بين المشاركات,,0.047803,low
7193d0e4-70de-4510-b5c0-295d5ac0e3af,mediaspeech,../data/mediaspeech_ar/AR/7193d0e4-70de-4510-b5c0-295d5ac0e3af.flac,,صه لكن اليوم صار في طريقه اكثر رقيا و هي استخدام موبايلك موبايل ابليكيشن لل للاخبار عن هاي الحالات المختلفه اما فيما يخص موضوع الحالات الكيديه اكيد احنا طبعا,,0.448985,mid
3dc698e7-c771-43f3-a531-3232b631a7ab,mediaspeech,../data/mediaspeech_ar/AR/3dc698e7-c771-43f3-a531-3232b631a7ab.flac,,يعني صبح شكنات ما هو حال عللها رئيس الحكومه عماد خميس بتاثر سعر صرف الليره امام العملات الاجنبيه مؤخرا بفعل تشديد العقوبات الخارجيه والاوضاع في,,0.567562,mid
b7259bc5-53cb-481f-afc8-306941bb7ac1,mediaspeech,../data/mediaspeech_ar/AR/b7259bc5-53cb-481f-afc8-306941bb7ac1.flac,,انا لا اقول كلام من عندي استطلاعات راي ثلاثين في المئه فقط من الامريكان يوافق او يوافقون الرئيس فيما قام به وسبعين في الميه يقول انه اخطا في معالجه مشكله مقتل الاسود في مينيسوتا,,0.172605,low
1d26d797-61ed-487e-84be-8d445f37cd60,mediaspeech,../data/mediaspeech_ar/AR/1d26d797-61ed-487e-84be-8d445f37cd60.flac,,حاله تخبط اعتقد انهم سيتركون الاشياء تمر يعني سيكون هناك حاله توازن بين الحكومه السراج و الجيش الوطني الليبي لجر الجميع الاطراف الي طاوله المفاوضات في النهايه لن يكون هناك موقف,,0.008902,low
1c8c740f-cb6e-4476-a255-02a2249ab8de,mediaspeech,../data/mediaspeech_ar/AR/1c8c740f-cb6e-4476-a255-02a2249ab8de.flac,,الشرعيه وغير الشرعيه لم تقدم الحكومه حتي لصندوق النقد الدولي الذي تفاوضه بشكل دائم ومستمر اي رؤيه او اي فكره لموضوع معالجته موضوع السدود التي,,-0.005405,low
4582afad-5f81-48d5-b860-75dcd336f6f7,mediaspeech,../data/mediaspeech_ar/AR/4582afad-5f81-48d5-b860-75dcd336f6f7.flac,,العراقيين الداخل وليس من عراقي المهجر اه صح تماما هن لانه جايين من العراق الي,,0.535116,mid
f2076673-6385-4420-9a0f-975644254b3d,mediaspeech,../data/mediaspeech_ar/AR/f2076673-6385-4420-9a0f-975644254b3d.flac,,التشغيل في زمن الجفاف وزمن الشح المائي ثانيا ترفض تماما اا ايجاد اي اليه قانونيه لحسم الخلافات التي سوف تنشا في المستقبل,,-0.002122,low
a9532f3c-6c68-45f2-85ee-fafacdd82829,mediaspeech,../data/mediaspeech_ar/AR/a9532f3c-6c68-45f2-85ee-fafacdd82829.flac,,لا زلت اصر عليها حل ليبيا لن يكون سياسي في هذه المرحله الحل السياسي ياتي بعد القضاء علي الميليشيات وسحب اسلحتها والقضاء علي الارهابيين والمرتزقه الاجانب الموجودين بالالاف داخل طرابلس,,0.004205,low
89520080-2dd1-4e18-936f-7ff74315d548,mediaspeech,../data/mediaspeech_ar/AR/89520080-2dd1-4e18-936f-7ff74315d548.flac,,الذي يجعل التغول التركي في المنطقه والتغول الروسي ايضا وبالتالي اذا يعني كان كما قلت هناك التدخل التركي كان للتوازن مع التدخل الروسي الي حين حتي,,0.016104,low
22a17873-9548-4d2d-914c-27275a991c21,mediaspeech,../data/mediaspeech_ar/AR/22a17873-9548-4d2d-914c-27275a991c21.flac,,مواجهه المشروع الحوثي الايراني اتفاق الرياض هو اتفاق مفصل من ملحقين ولديه كثير من المقتضيات,,-0.002924,low
8ad2a0df-8341-49c8-bdae-8268db3529e8,mediaspeech,../data/mediaspeech_ar/AR/8ad2a0df-8341-49c8-bdae-8268db3529e8.flac,,ولكن انت تعرف دائما الدور المحور انه يغطي الخانه اللي تكون فاضيه طلع الظهير ورجع مكانه ظهير مثل ما قال كابتن حمزه انه كان خطا جماعي يعني ما تقدر تحمل شخص خطا,,0.490764,mid
c91e0dba-7384-4a21-998f-c21d3ad532ef,mediaspeech,../data/mediaspeech_ar/AR/c91e0dba-7384-4a21-998f-c21d3ad532ef.flac,,ما عنديش وحتي عليها فلوس قديمه مش هدفعها قلت له استني بقي شويه لما ترجع الشغل ونبتدي نرجع الشغل من تاني فحضرتك تكلمت في نقطه تانيه دول حيتضروا ضرر جسيم ومبا,,0.876671,high
d9325f4a-5497-4979-853b-274dbf7cb09e,mediaspeech,../data/mediaspeech_ar/AR/d9325f4a-5497-4979-853b-274dbf7cb09e.flac,,راح تكون هناك عوده للطلب علي الغاز خلال مرحله الصيف تمام اليك سيد ايجور مرحبا بك مجددا دعونا ناتي مباشره الي احدي التقديرات والتوقعات,,0.203662,low
f819feae-9fbf-4dfa-a16e-72617389edb2,mediaspeech,../data/mediaspeech_ar/AR/f819feae-9fbf-4dfa-a16e-72617389edb2.flac,,لعرقله المبادره التي اعلنتها مصر والتي حظيت بدعم دولي كبير لوقف القتال في ليبيا والبدء في حوار سياسي ضيفنا وزير الخارجيه والتعاون الدولي في الحكومه الليبيه,,-0.004864,low
7377e6d5-723c-424c-8bb9-8a70ed22636b,mediaspeech,../data/mediaspeech_ar/AR/7377e6d5-723c-424c-8bb9-8a70ed22636b.flac,,ون الي قرار البرلمان فيما يتعلق باخراج هذه القوات الاجنبيه فهل يعني هذا الكلام ان هذه النقطه ستطرح هذا اصل في الحديث وطرحه السيد الكاظمي بعد,,0.005736,low
227b0c38-aa19-417d-bb73-c8932fbdf353,mediaspeech,../data/mediaspeech_ar/AR/227b0c38-aa19-417d-bb73-c8932fbdf353.flac,,من وجود روسيا حدودها قريبه جدا من من من ليبيا ليبيا بوابه افريقيا للهجره ليبيا ايضا هناك الاسلام السياسي والتخوف كما قال جون ايف لودغيان من,,-0.002637,low
fd89d813-b96c-4c5d-ad8f-b04727cb786a,mediaspeech,../data/mediaspeech_ar/AR/fd89d813-b96c-4c5d-ad8f-b04727cb786a.flac,,فعل له رد فعل بسبب هذه العرقلات انتهت موضوع انتهي موضوع الحلول عن طريق اتفاق عالمي لاننا كما قلت دائما في كل,,0.006425,low
479ad7d2-7bf7-4811-b8d4-4c328689d28e,mediaspeech,../data/mediaspeech_ar/AR/479ad7d2-7bf7-4811-b8d4-4c328689d28e.flac,,اا ولكن اا انا اتحدث عن المجتمع اللي انا اعيش فيه الان وهو المجتمع الاردني اا هو بفضل رب العالمين اا الحمد لله نحن مجتمع داخل الاردن,,0.235946,low
88bf9787-a35a-474d-a7eb-acbec98706ca,mediaspeech,../data/mediaspeech_ar/AR/88bf9787-a35a-474d-a7eb-acbec98706ca.flac,,عرج علي نقاط رئيسيه عملتها المملكه العربيه السعوديه والكثير من الاعلام الغربي تجاهل ذلك وركز علي نقطه النقطه بسيطه جدا وهي رفع الضرائب مم المملكه العربيه السعوديه,,0.035062,low
b540a03d-b8d2-415f-9b3b-f3af3080e7ec,mediaspeech,../data/mediaspeech_ar/AR/b540a03d-b8d2-415f-9b3b-f3af3080e7ec.flac,,والحكومه عملت كل اللي عليها لا وزاره الصحه بذلت مجهود خرافي وصرفت مليارات من الفلوس ولكن وجهت في غير مكانها الحقيقي احنا دلوقتي لا حد بيتكلم عن عدد اسره عنايه مركزه,,0.624739,mid
bcd70665-b108-43a3-b93f-a65a81918ba5,mediaspeech,../data/mediaspeech_ar/AR/bcd70665-b108-43a3-b93f-a65a81918ba5.flac,,ممكن في اي ولايه يؤيد هذا الكلام العكس يعني سواء كا يساريين او كا يمينيين ما في حدا بفضل انه بنوصل لهذه المرحله ولكن يجب ان يكون هذا الخيار موجود علي الطاوله,,0.404664,mid
3bdb90f6-c47c-4e99-8963-3b0000ff0bbf,mediaspeech,../data/mediaspeech_ar/AR/3bdb90f6-c47c-4e99-8963-3b0000ff0bbf.flac,,عن الشركه فنحن بشكل غير مباشر عم نحكي عن العمال اي تاثير علي الشركه هو تاثير علي العامل يعني لذلك بنشوف ان الشركه لما تاثرت اول خيار كان هو تسريح عدد كبير من العمال,,0.359723,mid
090dcb27-bd34-48ac-a3c5-9cd8a8efa46a,mediaspeech,../data/mediaspeech_ar/AR/090dcb27-bd34-48ac-a3c5-9cd8a8efa46a.flac,,اشكر زملائي اريد ان ادعو الدكتور راشد فارس من ايطاليا والدكتور محمد عوض من بريطانيا للانضمام الي هذا الحوار لم ينتهي متواصل علي راديو بي بي سي وسيكون معنا من الاطراف الاخري ايضا من ينوب عنها شكرا لزملائي ساره فياض مهي القاضي شيهان الاخرس,,-0.001129,low
d63a476e-00aa-4c5e-bfeb-0023bf9c6f17,mediaspeech,../data/mediaspeech_ar/AR/d63a476e-00aa-4c5e-bfeb-0023bf9c6f17.flac,,قد يؤدي للمزيد من انتشار الفايروس الامم المتحده تقول ان ما بدا كازمه صحيه تحول الي ازمه حقوق الانسان تعقيب علي ما الت اليه الامور وعلي المخاوف والشكوك من استغلال تلك التطبيقات,,0.000915,low
d5dcd913-2c41-48d3-a4da-74534b8f5bfa,mediaspeech,../data/mediaspeech_ar/AR/d5dcd913-2c41-48d3-a4da-74534b8f5bfa.flac,,فريق الاستطلاع الراداري وانا اتحدث عن المحطات الرادريه ومنظومات الدفاع الجويه وايضا تم استخدام مختلف المنظومات لاهداف واغراض متنوعه من بينها بانس اس واحد,,-0.002163,low
2beced22-456b-4879-8fa1-ddc5036bc8a4,mediaspeech,../data/mediaspeech_ar/AR/2beced22-456b-4879-8fa1-ddc5036bc8a4.flac,,هذا لا يعني الغاء هذه المشروعات ولا يعني اننا بعدنا عن هدف تنويع اقتصاد المملكه العربيه السعوديه ولو جاءت هذه الازمه ازمه كورونا بعد اربع سنوات,,0.003958,low
c7c1e998-c28d-4dd5-b41c-6cdc6c166165,mediaspeech,../data/mediaspeech_ar/AR/c7c1e998-c28d-4dd5-b41c-6cdc6c166165.flac,,القوه المفرطه اي ان الامور تخرج من السيطره فان الناس الذين يتعرضون للتحرش هم عاده ما يكونون من الاقليات فان الضباط الشرطه عاده,,0.08918,low
eeffbdc0-c15f-47a0-87ca-9e6d19c5a9d3,mediaspeech,../data/mediaspeech_ar/AR/eeffbdc0-c15f-47a0-87ca-9e6d19c5a9d3.flac,,مشاهدينا اسعد الله بالخير اوقاتكم و اهلا و سهلا بكم في حلقه جديده من نيوز ميكر نلتقيكم الليله من العاصمه الجنوبيه عدن في لقاء خاص يجمعنا مع اللواء,,0.137056,low
3bbfc427-b304-4e0d-bd80-f09a9a36ba83,mediaspeech,../data/mediaspeech_ar/AR/3bbfc427-b304-4e0d-bd80-f09a9a36ba83.flac,,هو اعاده بناء مؤسسات الدوله الوطنيه مره اخري الشق الثاني هو استبعاد او التوافق علي استبعاد العناصر الارهابيه ولا اقول العناصر المختلفه السياسيه الا انه,,0.00454,low
ba44145a-a770-4b34-a29f-0ad7aac27250,mediaspeech,../data/mediaspeech_ar/AR/ba44145a-a770-4b34-a29f-0ad7aac27250.flac,,للحكام الاجانب يعني بدا بالحكام الخليجيين مثل ما تم استقطاب بعض الحكام الاجانب يعني لبعض المباريات يمكن الحساسه لكن نحن وجهه نظري ان دائما نحن نقول انا,,0.063869,low
1a6c8360-aea6-4085-928d-52ec2ff932b8,mediaspeech,../data/mediaspeech_ar/AR/1a6c8360-aea6-4085-928d-52ec2ff932b8.flac,,المجتمع الدولي لان المشكله في ليبيا الاصبح الان ليس مشكل ليبي فقط طيب نحن دوله في المتوسط ودوله مغاربيه ودوله عربيه ودوله افريقيه واللي يحصل في ليبيا تتاثر به دول الجوار ويتاثر به الفضاء المغاربي وتا,,0.095358,low
eeee3914-7973-4cda-b25b-59db0cb4210c,mediaspeech,../data/mediaspeech_ar/AR/eeee3914-7973-4cda-b25b-59db0cb4210c.flac,,شكرا جزيلا دكتور خالد صفوري شكرا المستشار السياسي في جم مجموعه مريديان الاستراتيجيه جزيل الشكر استمروا ارجوكم في اا الاتصال بنا لاعطاء افادتكم ورايكم علي خطوط الهاتف,,-0.000789,low
76db3afe-4a28-4311-b644-60058c2263e3,mediaspeech,../data/mediaspeech_ar/AR/76db3afe-4a28-4311-b644-60058c2263e3.flac,,تدبير هذه المنظومات الصاروخيه والمدفعيه للدفاع الجوي من طراز بانتسر اس واحد فنحن يجب ان ننظر في هذه التطورات ما هي ظروف عندما جري ذلك ففي حل,,-0.003789,low
5e679de2-7712-4740-b408-5d9221671273,mediaspeech,../data/mediaspeech_ar/AR/5e679de2-7712-4740-b408-5d9221671273.flac,,اتفاق اتفاق الصخيرات لماذا لم ينجح اتفاق باريس لماذا لم ينجح اتفاق ابو ظبي لماذا لم تنجح كل هذه الاتفاقيات لان العقبه الكاداء هي وجود ميليشيات خارجه عن القانون تعيش من الفوضي تقتات من الفوضي,,0.003344,low
87d9b7f8-b1d0-4964-8524-68edfce80fc3,mediaspeech,../data/mediaspeech_ar/AR/87d9b7f8-b1d0-4964-8524-68edfce80fc3.flac,,ونتيجه الاغلاق اللي اللي حصل لفترات طويله نسبيا ادي الي فقدان الكثير من العمال لوظائفهم وخاصه العمال في القطاع غير المنظم طبعا,,0.375242,mid
aafb716c-fb7b-4c56-8a63-90250421135c,mediaspeech,../data/mediaspeech_ar/AR/aafb716c-fb7b-4c56-8a63-90250421135c.flac,,من واشنطن الدكتور خالد سفوري المستشار السياسي في مجموعه ميريدين الاستراتيجيه الدكتور خالد اهلا بحضرتك قالها الرئيس الان صراحه اذا كان هناك حتميه لنزول الجيش اذا فشل,,0.001015,low
fde9f302-6550-4c33-bb14-1587bb913f0b,mediaspeech,../data/mediaspeech_ar/AR/fde9f302-6550-4c33-bb14-1587bb913f0b.flac,,هذا الشارع سوي لممارسه رياضه الركض يوميا و لم التقي باي شخص علي الاطلاق,,0.002904,low
f7cab664-bca7-4312-ad8e-39916b502383,mediaspeech,../data/mediaspeech_ar/AR/f7cab664-bca7-4312-ad8e-39916b502383.flac,,يتفهمون غضب الشارع ويتفهمون النقمه الشعبيه الكبيره حيال انهيار سعر صرف الليره يعني الغلاء الفاحش في السلع الغذائيه عجز اللبنانيين عن,,0.100884,low
58a3f7f0-a870-4317-8485-3d26bee3f351,mediaspeech,../data/mediaspeech_ar/AR/58a3f7f0-a870-4317-8485-3d26bee3f351.flac,,اا جميعها الحل واضح وبسيط حتي لتغير حياه المواطنين لا يمكن لنا نتحدث عن تحول واحداث تحول في المعيشه في حياه المواطن اليمني بعدم وجود,,0.024279,low
449a61b4-6d42-4efe-8aa2-3fe39fa1210e,mediaspeech,../data/mediaspeech_ar/AR/449a61b4-6d42-4efe-8aa2-3fe39fa1210e.flac,,ايغور دعونا ناتي علي دول اخري علي تركيا مثلا السوق التركي للطاقه وتحديدا للغاز كما هو المعروف تركيا يعني احجام الغاز او,,0.027893,low
7e4ea31b-5cb6-4451-b94a-2eda24926391,mediaspeech,../data/mediaspeech_ar/AR/7e4ea31b-5cb6-4451-b94a-2eda24926391.flac,,في السوق السعودي معناته السوق السعودي تضاعف حجم حجم السوق نفسه ايضا سوف يكون فيه موجه ثانيه من الطرح ارامكو الام بعدها راح يكون في شركات التابعه لارامكو راح تطرح مره اخري في السوق فهذا ايضا بيعطي حجم,,0.217047,low
e4f8d635-2056-4cb6-9d71-b171c67f1d2e,mediaspeech,../data/mediaspeech_ar/AR/e4f8d635-2056-4cb6-9d71-b171c67f1d2e.flac,,نتيجه الازمه الاقتصاديه والماليه اين دور وزاره الزراعه في تشجيع هذه المبادرات الشعبيه والفرديه في المناطق اللبنانيه نحنا بدايه فتنا علي الحكومه بظل ازمه ازمه زراعيه وازمه اقتصاد,,0.171502,low
bed5b431-deba-4625-a927-af6a44e72588,mediaspeech,../data/mediaspeech_ar/AR/bed5b431-deba-4625-a927-af6a44e72588.flac,,دوله هذه السياسه انا شايف ان هي اللي موضوعه في مساله الطرئ محتاجه اعاده نزر في حاجات كتير كل ده حنائشو ان شاء الله ادام لجنه النقل في البرلمان في حضور الحكومه وحضور المختصين في هزا الامر رئيس مجلس ادا,,0.667252,high
5b130535-7827-4879-a397-d7c514793abb,mediaspeech,../data/mediaspeech_ar/AR/5b130535-7827-4879-a397-d7c514793abb.flac,,بمؤسسات دوله حقيقيه ونعتقد انه رجل جاد في كلامه لكن يبقي شنو الاليه وهو شكل لجان طبعا بالمناسبه وشكل لجان وعندما كنت حاضر وياه في,,0.664821,high
db3f5841-014f-40d0-b305-0909c32ec7a0,mediaspeech,../data/mediaspeech_ar/AR/db3f5841-014f-40d0-b305-0909c32ec7a0.flac,,ضجيج خارجي يمكن ان يلتقطه هذا الميكروفون ويؤثر علي هذا الصوت كنت محظوظا بانشاء هذا الاستوديو داخل منزلي هنا في لندن بالتاكيد هنا لا احتاج الي وسائد بوجود هذه,,0.006489,low
3c2dbac0-eed4-493a-b6dd-1850bdddae31,mediaspeech,../data/mediaspeech_ar/AR/3c2dbac0-eed4-493a-b6dd-1850bdddae31.flac,,ان يحكموا المعركه ليست معركه سياسيه التشخيص المعركه المشكله امنيه والتشخيص امني وجود اكثر من واحد وعشرين قطعه سلاح للخارجين عن القانون اذا اذا من يريد حلا عليه ان يذهب,,0.021018,low
8d461d0e-8f51-429a-9c72-ed9e8ae6145a,mediaspeech,../data/mediaspeech_ar/AR/8d461d0e-8f51-429a-9c72-ed9e8ae6145a.flac,,عام للقوات المسلحه مشير اركان حرب خليفه بلجاسم حفتر المعين من قبل مجلس النواب السلطه التشريعيه الوحيده في البلاد وليس خليفه حفتر هذا الناطق الر,,-0.000596,low
bdd5c0bf-c4e3-4167-a921-849f8e52daaf,mediaspeech,../data/mediaspeech_ar/AR/bdd5c0bf-c4e3-4167-a921-849f8e52daaf.flac,,استطلاعيه الامريكيه حاجته للتدريب هناك قوه ايضا دنماركيه قادمه يعني بالنظر الي انك اشرت الي ان هناك قوات انسحبت هناك قوات اخري قادمه للمشاركه في التدريب طبعا سيدي ها,,0.008798,low
34616488-824c-45a8-bb7d-c524b45d0ef4,mediaspeech,../data/mediaspeech_ar/AR/34616488-824c-45a8-bb7d-c524b45d0ef4.flac,,ان تكون هذه الزراعه رافعه للاقتصاد اللبناني و ما هي يعني بماذا تقدرون مدخول الدوله من خلال هذه الزراعه,,0.081002,low
1900f62a-8a93-4ebe-adb9-d7306b0fb447,mediaspeech,../data/mediaspeech_ar/AR/1900f62a-8a93-4ebe-adb9-d7306b0fb447.flac,,اسال ربما مقابل هذا الغموض يعني يمكن القول فيما يتعلق باجنده هذا الحوار من قبل الجانب العراقي يبدو الجانب الامريكي اوالتحالف الدولي واضحا بشكل فج يعني عندما,,-0.005383,low
faa0508b-96a9-4a90-ab33-521951191e9e,mediaspeech,../data/mediaspeech_ar/AR/faa0508b-96a9-4a90-ab33-521951191e9e.flac,,ايضا الاستاذ بركان التبوله يقول يجب علي سياده رئيس الجمهوريه العربيه الليبيه خليفه حفتر هكذا قال اللقاء بالرئيس بشار الاسد للاستعانه بخبرته لمده تسع سنوات في محاربه الجماعات الارهابيه,,0.004573,low
9e22eca2-1f14-4aef-9696-1b5e842e987b,mediaspeech,../data/mediaspeech_ar/AR/9e22eca2-1f14-4aef-9696-1b5e842e987b.flac,,كمناطق النفوذ روسيا تريد ان تعود سوريه كدوله موحده بالنسبه ليبيا فحتي لا يجري الحديث عن تقسيم هذه البلاد لمناطق نفوذ وداء الحمد,,0.190607,low
e8421dcc-4f6f-4ee4-80bc-7309db3fc621,mediaspeech,../data/mediaspeech_ar/AR/e8421dcc-4f6f-4ee4-80bc-7309db3fc621.flac,,رجل اللاعب المنتخب ال البحرين او المهاجم السعودي وبالتالي قرار صحيح هو بالاعلان عن وجود مخالفه كان لكن كانت تستوجب الانذار الثاني علي لاعب المنتخب البحريني وطرد اللاعب اا من المباراه خاص,,-0.00023,low
ca1dfee5-0ee1-44c8-994e-93201d4b59ad,mediaspeech,../data/mediaspeech_ar/AR/ca1dfee5-0ee1-44c8-994e-93201d4b59ad.flac,,يكون جزءا من الحل السياسي في المرحله القادمه طبعا هو قائد شرعي للقوات المسلحه و قائد العام للقوات المسلحه و هو منتخب من الجهه التشري,,-0.003014,low
241581b2-eb68-4fff-9d89-c6a62d1fd2a0,mediaspeech,../data/mediaspeech_ar/AR/241581b2-eb68-4fff-9d89-c6a62d1fd2a0.flac,,اا مشروع الغاب بدا هناك اليوم كان هناك جلسات ااا طويله من اجل تحديد سعر الصرف لكن تعرف استاذ محمد كان نحن لا نزال ندفع بسبب علاقتنا القديمه مع اوروبا,,0.000928,low
f5535f75-ef8c-478b-a9ea-83e04c81ae11,mediaspeech,../data/mediaspeech_ar/AR/f5535f75-ef8c-478b-a9ea-83e04c81ae11.flac,,خصوصا انه لم اتصور انكم لم تتوصلوا الي اتفاق بشانه في الخميس في الاجتماع مع رئيس الوزراء ا هو فعلا لم يتم ال اا توصل لايه,,0.398564,mid
1e9a04b6-107e-4938-8281-29956f53d51e,mediaspeech,../data/mediaspeech_ar/AR/1e9a04b6-107e-4938-8281-29956f53d51e.flac,,ليبيا مثلها مثل باقي البلاد العربيه ومثل باقي دول العالم فيها اطياف سياسيه مختلفه فيها تنوع الجزائر فيها تنوع مصر نفس الشيء اا وبالتالي ال ال المطروح في هو,,0.048514,low
8763e8fe-4b8c-4b36-aa6e-2eae8043a9ca,mediaspeech,../data/mediaspeech_ar/AR/8763e8fe-4b8c-4b36-aa6e-2eae8043a9ca.flac,,هنا الي السواحل ال الفنزويليه قادره علي دعم دول تخضع ايضا للعقوبات الامريكيه يعني تقويه هذه الجبهه الرافضه لهذا النهج الامريكي وايضا كشفت ان قطاعها النفطي لم يتضرر جراء العقوبات مثل ما حصل في فنز,,0.032065,low
0ce2934a-5d46-4650-847e-4a563f695f9f,mediaspeech,../data/mediaspeech_ar/AR/0ce2934a-5d46-4650-847e-4a563f695f9f.flac,,زراعات لاستخدامات طبيه يوم نحن ولكن فيه مخدر هو فيه نوع مخدر ولكن نسبه كتير كتير قليله وقد تصل الي الصفر لانه الهدف هو الحصول الي علي السي بي اويل لاستخدامات استخدامات الطبيه لذلك نحن,,0.179674,low
f9ce23f4-59fa-4c42-8c32-e1d84435859e,mediaspeech,../data/mediaspeech_ar/AR/f9ce23f4-59fa-4c42-8c32-e1d84435859e.flac,,لم نري مبادرات حقيقيه لم نري نيه حقيقيه في فهم الازمه الليبيه وفي فهم عمقها وفهم ااا محاورها يعني حتي يوم تحرك ال ال ال الدول الجوار يعني,,0.00555,low
9934b112-2186-4303-991d-09d6b698f2dd,mediaspeech,../data/mediaspeech_ar/AR/9934b112-2186-4303-991d-09d6b698f2dd.flac,,رياضيه بين مجموعات من الناس وهذا كلياتو اختفي بين يوم وليله فكان كتير تاثيير كبير علي المستوي الاقتصادي وعلي المستوي المعنوي لانه انا بين يوم وليله كان عنا شغل بين يوم وليله اختفي هادا الشغل,,0.569363,mid
8df90974-db45-4ea1-a79a-fa9470b5a9e3,mediaspeech,../data/mediaspeech_ar/AR/8df90974-db45-4ea1-a79a-fa9470b5a9e3.flac,,ديدا ما افعل و كما قلت في المقدمه هذا المنبر هو حر للاراء علي اختلافها بالتاكيد احترم وجهه نظر حضرتك استاذ محمد شهراني سنري اذا كنا نستطيع اتصال بحضرتك مره اخري بس وجهه نظرك انقلها الي ضيفي مره اخري السيد سلطان عبد,,0.285383,low
ac66366e-5104-45b2-a674-9422e113e763,mediaspeech,../data/mediaspeech_ar/AR/ac66366e-5104-45b2-a674-9422e113e763.flac,,اا و يجب ان تمس معالجه المعطيات الشخصيه مهما كان مصدرها او شكلها بحقوق الاشخاص المحميه بموجب القوانين و ترتيب الجاري بها العمل و يحذر في كل الحالات العماله لغايه,,-0.005912,low
c30d90b2-cede-4f3e-b6fb-ac07521b6fbd,mediaspeech,../data/mediaspeech_ar/AR/c30d90b2-cede-4f3e-b6fb-ac07521b6fbd.flac,,ثم يشتري الانديه ثم يفعل ثم خمسه واربعين دقيقه فيها خمسه واربعين مليار اما في اوروبا لا ما في هذا الكلام طيب اذا حضرتك تتحدث عن ضخ الاموال عن الضخ الاموال في دول مثلا لها نموذج اقتصادي معين في اوروبا,,0.281069,low
0f6e41f1-7ca2-4ae5-82d4-9283a4a26f93,mediaspeech,../data/mediaspeech_ar/AR/0f6e41f1-7ca2-4ae5-82d4-9283a4a26f93.flac,,بصراحه شديده مع كامل احترامي و اعتذاري ما لهمش لازم شوفي الازمه دي باختصار شديد كشفت البطولات الحقيقيه للطاقم الطبي ا من اطباء و من تمريض و الحقيقه,,0.461777,mid
53c13453-3f3c-4ef5-90b0-3095e26e1bb9,mediaspeech,../data/mediaspeech_ar/AR/53c13453-3f3c-4ef5-90b0-3095e26e1bb9.flac,,لقاء ما يقدمونه من جهود لان انقاذ الحياه لا ينتظر مقابلا بيدو يحيي بدوره حدد ما المطلوب من وجهه نظره و قال لا شيء مطلوب اكثر من ان تلعب الدوله دور الموكله اليها بعيدا عن المزاي,,0.033104,low
e9437fd3-e846-4c3e-be6a-2b2363caa796,mediaspeech,../data/mediaspeech_ar/AR/e9437fd3-e846-4c3e-be6a-2b2363caa796.flac,,امين عام الامم المتحده بحكمته في ذلك الحين رحمه الله مشان بمدحه بمدعحخ لانه توفي كوفي عنان بان هنالك و انا عندما انادي باختيار حكماء,,0.255825,low
430a51f7-ea64-46ca-b106-fae8b2f20079,mediaspeech,../data/mediaspeech_ar/AR/430a51f7-ea64-46ca-b106-fae8b2f20079.flac,,تزم بالاجراءات الصحيه تمام العميل كمان حريص جدا في الفتره دي العملاء بيربورتو اي مشكله بشكل ااا لحظي فبالتالي اول ما بيوصل له او ملاحظه بيبقي موجود عليها الاجراءات الصحيه,,0.616981,mid
40f39f8b-2f9c-4feb-8cb5-ccba7e225de4,mediaspeech,../data/mediaspeech_ar/AR/40f39f8b-2f9c-4feb-8cb5-ccba7e225de4.flac,,يوم وليله هذا لا يتم اليوم ارامكو اليوم تعامل كانها شركه مسير محدوده وهذا امر خطير جدا شركه بهذا الضخم تدار او تعامل كانها شركه محدوده الحصه بتطرح ارامكو حصه بسيطه جدا اقل من خمسه في,,0.09918,low
6df11427-f072-4af9-acfd-ddb426ac7075,mediaspeech,../data/mediaspeech_ar/AR/6df11427-f072-4af9-acfd-ddb426ac7075.flac,,اليوم دكتور راشد فارس دكتور راشد فارس طبيب مصري هو حاليا مقيم في ايطاليا حضرتك طبيب في القصر العين يا دكتور علي ما فهمت اهلا وسهلا اهلا وسهلا يا فندم انا جيت في فتره امتيازي بعد تخرجي حضرتك سمعاني,,0.534598,mid
63edf638-9147-4f76-890c-87db14ab3d77,mediaspeech,../data/mediaspeech_ar/AR/63edf638-9147-4f76-890c-87db14ab3d77.flac,,في بدايه الاغلاق فوجدت السوق الذي او المحل الذي اتعامل معه بشكل مستمر مغلق حاولت اكتشاف السبب تحدثت بعد فتح مره اخري مع صاحب المحل فاخبرني بان المحل مهدد بالاغلاق وان هنالك,,-0.003114,low
013a9f92-3ed5-4c47-893a-aaecfffbc4b6,mediaspeech,../data/mediaspeech_ar/AR/013a9f92-3ed5-4c47-893a-aaecfffbc4b6.flac,,اغلاق اما الاسبوع المقبل نقدم لكم حلقه جديده لفورتك بمواضيع بعيده عن كورونا,,0.034569,low
1a14e562-7155-47ec-889d-127b929e934b,mediaspeech,../data/mediaspeech_ar/AR/1a14e562-7155-47ec-889d-127b929e934b.flac,,انيه كل هذه لم تاتي اكلها ولاحظنا في موضوع جائحه كورانا استطاعت الجمهوريه الاسلاميه الايرانيه بامكاناتها المحليه ان تقارع هذا الوضع وهذا الخطر افضل من اداره,,0.176556,low
0ff4f731-6b96-4f5f-a07f-aa727398e58f,mediaspeech,../data/mediaspeech_ar/AR/0ff4f731-6b96-4f5f-a07f-aa727398e58f.flac,,حريه اختيار اا الكونتانت او المحتوي تجيب الل الفيديوهات اللي ما عا تعجبك شخصيا واتكلم عنه,,0.767671,high
9d977a3b-eded-46ce-9890-9c6a1ed95ec5,mediaspeech,../data/mediaspeech_ar/AR/9d977a3b-eded-46ce-9890-9c6a1ed95ec5.flac,,بانه لا يؤيدون الرئيس لماذا تري انه كلام فارغ كما وصفت دكتور يعني فكره تفعيل قانون التمرد هذه موجوده وحدثت بالفعل عام اثنين وتسعين اخر مره بالتزامن مع احداث لوس انجلوس والرئيس,,0.043585,low
185f6b4c-58a0-447b-a3fa-326835578285,mediaspeech,../data/mediaspeech_ar/AR/185f6b4c-58a0-447b-a3fa-326835578285.flac,,يعني ما يكسبون ضربه الزاويه بضربه زاويه اخري يعني لا ينجح يعني نادرا ما ما ما يخلص الدفاع السعودي يعني هاذي امكانيات يعني ما عندهم اكثر من لاعب انه انت عندك ثلاثه الي اربع لاعبين ممتازه بهذا الشيء كان مفروض,,0.392741,mid
e3fd5f8c-0104-4d4f-82b0-a2bda4cc2de6,mediaspeech,../data/mediaspeech_ar/AR/e3fd5f8c-0104-4d4f-82b0-a2bda4cc2de6.flac,,يه حقيقيه انا شايف ان الكل بيتكلم في الشكليات سواء الحكومه سواء نقابه الاطباء لا احد يبحث عن انا دلوقتي حاساوي ما بين الطبيب مم و ال و المواطن ا دلوقتي,,0.927103,high
e3ba07a7-d25a-4b73-9f91-5de71003338a,mediaspeech,../data/mediaspeech_ar/AR/e3ba07a7-d25a-4b73-9f91-5de71003338a.flac,,قيصر هل اجتمع كل ذلك ليشكل هذه الصوره وهل هي منتهي ما يمكن ان تصل اليه الامور من ناحيه التازم باعتقادي هنالك عده اسباب محمد هي التي تدفع باتجاه ازمه,,0.015369,low
9e563b5a-f49c-4ae4-a80e-903440220b7d,mediaspeech,../data/mediaspeech_ar/AR/9e563b5a-f49c-4ae4-a80e-903440220b7d.flac,,و لا يمكن ان يكون عندما يجري تفريغ القذائف وخلال خمسه عشر دقيقه العربات في حاله العذر الكامل تماما لذلك اشرنا الي ضروره ان تكون هناك منظومه,,-0.003715,low
ae5b7278-fa75-45ba-acf4-d453d60c608d,mediaspeech,../data/mediaspeech_ar/AR/ae5b7278-fa75-45ba-acf4-d453d60c608d.flac,,مم و طبعا الصوره هذه جميله احد الفنانين المحليين قام برسمها اذا تستطيعوا رؤيتها اه طبعا شايفها ا انا اشكرك شكرا جزيلا عبد الكريم علي نقل الصوره حيه و مباش,,0.299002,low
b3a04330-2b2e-40ab-8db4-42ebc999a3bf,mediaspeech,../data/mediaspeech_ar/AR/b3a04330-2b2e-40ab-8db4-42ebc999a3bf.flac,,دقيق جيفري يمكن ان يبدي رايه بالسياسه الامريكيه ويمكن ان ينقذ رئيسه من القبو وهذه ثاني مره في تاريخ امريكا يحصل ان الرئيس الامريكي يختبئ في قبو في البيت الابيض بعد,,0.141165,low
3e66b888-1db3-42b8-854a-5b9fa10ba86a,mediaspeech,../data/mediaspeech_ar/AR/3e66b888-1db3-42b8-854a-5b9fa10ba86a.flac,,هي بكثير من الواقعيه وكثير كذلك من الصراحه لانو محاوله اخفاء كل طرف للنقائص او الاخطاء التي وقعها فيما مضي لا تقدم شيئا للحل السياسي في ليبيا الجزائر كما,,0.103695,low
5e4c47be-8013-422f-b0cf-0e3ccc0f65ba,mediaspeech,../data/mediaspeech_ar/AR/5e4c47be-8013-422f-b0cf-0e3ccc0f65ba.flac,,اليوم من خلال ضبط هيدا الايقاع من الطبيعي انواجهزه الامنيه المعنيه ستتابع هذا الملف ولن يكون هذا ملف فوضي وخاصه انو يوجد هيئه ناظمه,,0.191663,low
0b99c4f4-ab01-4c6b-abc5-c2c3cf71549b,mediaspeech,../data/mediaspeech_ar/AR/0b99c4f4-ab01-4c6b-abc5-c2c3cf71549b.flac,,وشفنا مهاجمين يستحقون يمثلون المنتخب الشباب الموجودين ما قصروا وان شاء الله قادم الاستحقاقات بطوله اسيا والبطولات اللي قدام يقدمون مستوي افضل من كذا,,0.553803,mid
8fdc4461-d450-498c-a5a9-6187a7f5df9f,mediaspeech,../data/mediaspeech_ar/AR/8fdc4461-d450-498c-a5a9-6187a7f5df9f.flac,,مع الارهابيين والخارجين عن القانون والمرتزقه اليوم نحن نواجه اكثر من عشر الاف من المرتزقه والارهابيين والنفايات اللي جاؤوا بها مختلف دول العالم اليوم يتواجدوا في العاصمه طرابلس يتواجدوا في الاحياء ويتواجدوا في المدن,,0.061255,low
c0635e80-96bc-492e-a003-af6fbba8fc67,mediaspeech,../data/mediaspeech_ar/AR/c0635e80-96bc-492e-a003-af6fbba8fc67.flac,,ااا مجلس الوزراء قلنا ان ده خطير جدا وان حمايه الاطقم الطبيه هو في قمه الاولويه والحقيقه طيب كلنا تابعنا تابعنا التطورات هذه يا دكتور كريم وكلها معلنه علي صفحه نقابه اطباء مصر,,0.665507,high
f8899d69-a407-491c-b388-560732f1a04b,mediaspeech,../data/mediaspeech_ar/AR/f8899d69-a407-491c-b388-560732f1a04b.flac,,اقليميا انا اختلف مع ضيفك بالنسبه لموضوع الولايات المتحده الامريكيه في الانتخابات لان ترامب هو باشد الحاجه للجلوس مع الايراني من اجل التفاوض وهو حتي اليوم يبدي ال,,0.058095,low
779a3ff4-4f67-4c2c-8c85-0cbae6b851cf,mediaspeech,../data/mediaspeech_ar/AR/779a3ff4-4f67-4c2c-8c85-0cbae6b851cf.flac,,استخدم سكان لندن كما نعرف هذه الشبكه من الانفاق كما كان للاحتماء من القنابل خلال تلك الحرب كما ترون هذا القطار وغيره من القطارات فاضيه ولا,,0.054905,low
dfa3ac6f-d7d5-47d7-8134-9f8340b57e64,mediaspeech,../data/mediaspeech_ar/AR/dfa3ac6f-d7d5-47d7-8134-9f8340b57e64.flac,,اثر علي الصناعه يؤثر علي التجاره يؤثر علي الزراعه يؤثر علي كل شيء الانبعاث الحراري بتوقعات الدارسين والمراكز التي اتطلعت علي ابحاثها سيز سيتفاقم,,-0.002493,low
efad498a-d296-4801-9f1f-b45e260644a4,mediaspeech,../data/mediaspeech_ar/AR/efad498a-d296-4801-9f1f-b45e260644a4.flac,,ارتباطات سياسيه ايضا ترتبط بموضوع صفقه القرن لكن علي الداخل السوري من الواضح ان هناك ارتدادات كبيره مع العلم ان سوريا هي دوله اا دوله انتاجيه لديها الكثير من الاكتفاء الذاتي لكن,,-0.000229,low
b124d12f-50f2-4f41-9718-a1e2aa511f7b,mediaspeech,../data/mediaspeech_ar/AR/b124d12f-50f2-4f41-9718-a1e2aa511f7b.flac,,السياسه الناعمه وبالدبلوماسيه الناعمه وسوف تنجح في في جمع المال ولكن نحن لدينا مشكله مع هذه المنظمات هذه المنظمات التي هي بحد ذاتها متناقضه يعني اليوم شفت انت,,0.167473,low
7c40bbd3-7f2f-435a-a4dc-b0ccc558fa58,mediaspeech,../data/mediaspeech_ar/AR/7c40bbd3-7f2f-435a-a4dc-b0ccc558fa58.flac,,مصريه عن دور القوه الرئيسيه المؤثره في الساحه الليبيه كل هذه القضايا بعد الفاصل مشاهدينا فاصل قصير نعود بعده لمتابعه هذا الحوار مع الاستاذ عبدالهادي الحويج اا وزير الخارجيه في الحكومه الليبيه,,0.009224,low
250e8d05-0c27-4a3a-9108-90b8183b1890,mediaspeech,../data/mediaspeech_ar/AR/250e8d05-0c27-4a3a-9108-90b8183b1890.flac,,الميزانيه فصليا حوالي خمسه وعشرين الي تلاتين مليار لاعاده التوازن طيب انا ممتنه انو حضرتك تتحدث عن التوازن في الميزانيه والفارق بين الموازنه في بدايه قبل اقرارها وبعدين,,0.365173,mid
d6a74a1c-a08f-4b86-a6ef-818bd4afec38,mediaspeech,../data/mediaspeech_ar/AR/d6a74a1c-a08f-4b86-a6ef-818bd4afec38.flac,,جديا مع العسكريين الامريكيين ولكن الكثير من هذه التقارير لا يتم نشرها فانا اريد نقول لكم يجب ان يكون هناك تبا تطابقا وشفافيه والمصداقيه امر مهم,,-0.004709,low
d4ce484b-ccbb-4e52-8dfd-17d542f91829,mediaspeech,../data/mediaspeech_ar/AR/d4ce484b-ccbb-4e52-8dfd-17d542f91829.flac,,وانا الاحظ هذه المساله ليست فقط في الولايات المتحده فان هذه القوه المفرطه هي مستغله اليوم من قبل الكثير كثير من رجال الشرطه وفيما بما اننا نتحدث عن,,0.019221,low
3346fd95-f70f-4993-8a07-88a25cdaa32d,mediaspeech,../data/mediaspeech_ar/AR/3346fd95-f70f-4993-8a07-88a25cdaa32d.flac,,الحكوميه نعم لكن انا اعتقد سيجبر لبنان ان يختار اما ان ينفذ القرارات الامريكيه وهذه الطامه الكبري ستكون علي لبنان نعم واما ان ينتخب المعسكر الاخر روسيا الصين,,0.002396,low
f87ce34e-2290-4d15-8301-fcce8cb37bd9,mediaspeech,../data/mediaspeech_ar/AR/f87ce34e-2290-4d15-8301-fcce8cb37bd9.flac,,ننتقل الي فقره العربيه نت ينضم الينا الزميل احمد سلهوب من فريق عمل الموقع صباح الخير يا احمد صباح الخير عليك صباح الخيريا احمد طباح الخير جميعا نبدا من اول مواضيعنا عن شهر رمضان المبارك بالطبع تفصلنا عنه ثلاثه شهور,,0.069096,low
b28333dd-3bce-4eac-b93e-0f1b8462da46,mediaspeech,../data/mediaspeech_ar/AR/b28333dd-3bce-4eac-b93e-0f1b8462da46.flac,,اا يعني تباع اولا نقطه لها علاقه بتهالك المنظومه الصحيه وانه ليس هناك من بروتوكول للعلاج كما قال الدكتور راشد فارس,,0.184184,low
9f131c19-372b-4b87-a6e5-2dafeaf3925f,mediaspeech,../data/mediaspeech_ar/AR/9f131c19-372b-4b87-a6e5-2dafeaf3925f.flac,,عربي في الفين وواحد وعشرين بسبب الوباء فقط حوالي خمسه ملايين ومئتي الف عاطل ليصبح اجمالي عدد العاطلين عن العمل نحو عشرين مليون وخمسمئه الف عاطل اي ان,,0.011665,low
343ce63b-98a8-46f4-9636-b2fcb163cbd4,mediaspeech,../data/mediaspeech_ar/AR/343ce63b-98a8-46f4-9636-b2fcb163cbd4.flac,,الفتره الحاليه اكثر من مئه وعشرين مليار ريال مساعده للقطاع الخاص للتغلب علي كثير من المشاكل المملكه العربيه السعوديه قدمت ستين في المئه من رواتب,,0.022759,low
020196c8-7a36-4719-94b5-09bb7c630de3,mediaspeech,../data/mediaspeech_ar/AR/020196c8-7a36-4719-94b5-09bb7c630de3.flac,,بشيء لكن هذا الشيء فتختلف ربما الكثير من المعطيات بعد هذه الازمه شكرا دكتور مها قطاع و عذرا علي المقاطعه لانتهاء الوقت في هذه الفقره الاقصائيه الاقليميه للاستجابه للازمات,,0.003467,low
ad7537d4-8ba0-44ca-98cb-f7b40ee032c3,mediaspeech,../data/mediaspeech_ar/AR/ad7537d4-8ba0-44ca-98cb-f7b40ee032c3.flac,,الاسكان اليوم وزاره الاسكان تعمل علي خطط كثيره جدا لاعاده هيكله كثير من القطاعات اللي لها علاقه بالاسكان اهمها رسوم الاراضي بيع العقارات علي الخريطه الاجراءات,,0.094925,low
2d57e484-0449-46bd-b8e7-fad1484b9f26,mediaspeech,../data/mediaspeech_ar/AR/2d57e484-0449-46bd-b8e7-fad1484b9f26.flac,,اول ركله حره للبحرين انتهت بين يدي الحارس فواز بعدها كره داخل المنطقه البريكان يراوغ و كرته افتقدت للدقه المطلو,,0.128021,low
caf0ed8f-ccac-4565-bcd9-f093003ec689,mediaspeech,../data/mediaspeech_ar/AR/caf0ed8f-ccac-4565-bcd9-f093003ec689.flac,,تصدر تقارير ولا تنتقد الا فيما لو هذه الانظمه خرجت عن الخطوط الحمراء المرسومه لها شكرا جزيلا لكم السيد جاك رايس الضابط السابق في الوكاله الاستخباراتيه المركزيه,,-0.003785,low
aedc133b-2923-4564-b4fa-b959d008716f,mediaspeech,../data/mediaspeech_ar/AR/aedc133b-2923-4564-b4fa-b959d008716f.flac,,المزعومه في جامع النوري في الموصل في نفس هذه التوقيتات وانطلقت عمليات لتحرير خمس ميه كيلو متر من اسوار بغداد وحتي جبال سنجار خلال هذه العمليات شهدنا ثلاث عمليات,,-0.000997,low
87e7d64a-da82-4f9d-912d-ef59e4429c74,mediaspeech,../data/mediaspeech_ar/AR/87e7d64a-da82-4f9d-912d-ef59e4429c74.flac,,علي ا ما هي الايرادات اللي تستهدفها الحكومه ال ا السعوديه وصلنا الي اكثر من سبعين بند لهذي ال الايرادات و ت وتوقعنا تحقق ما يزيد عن تريليون,,0.108617,low
1a892e73-f9ed-4ae3-a1d4-80b906a75427,mediaspeech,../data/mediaspeech_ar/AR/1a892e73-f9ed-4ae3-a1d4-80b906a75427.flac,,كما يقدمها ضيفك وليس الخطاب الاخلاقي هناك خطاب مصالح هي سياسه هناك امريكا تراجع كبير لامريكا في الملفات الشرق الاوسط حتي في عهد ترامب ما عدا ملف ايران لو,,-0.0024,low
e246da0e-4a8c-4f59-9127-142b2e68d3b4,mediaspeech,../data/mediaspeech_ar/AR/e246da0e-4a8c-4f59-9127-142b2e68d3b4.flac,,حفظ التقرير لان ليس هنالك اراده دوليه سياسيه لوضع هذا الموضوع التنفيذ انا بدي اقول ليش تحمست دائما في ان في ان اقول الحقيقه بدي اختم بها الجمل بهال بهالحك,,0.699566,high
5bd8eff0-5b47-4efb-9252-fb9f76a65388,mediaspeech,../data/mediaspeech_ar/AR/5bd8eff0-5b47-4efb-9252-fb9f76a65388.flac,,طيب في ان يجلسوا علي طاوله الحوار ويحلوا مشاكلهم كليبيين ويعني ممكن ان تكون روسيا وسيط ممكن ان تكون حتي تركيا يا اخي وسيط الدول العربيه ولكن ولكن,,0.237931,low
e280b1bb-f827-4a1c-8839-16fec0cee412,mediaspeech,../data/mediaspeech_ar/AR/e280b1bb-f827-4a1c-8839-16fec0cee412.flac,,حركه امل التي تسعي الي الحفاظ علي السلم الاهلي في لبنان ان تسمح لاي شخص بان ينزل الي الشارع ليقوم باعمال شغب وحينما نريد ان ننزل الي الشارع كحركه امل فهناك قرار فوق,,0.016042,low
3ba9947c-a9cb-4bcd-a3c3-d763417b5238,mediaspeech,../data/mediaspeech_ar/AR/3ba9947c-a9cb-4bcd-a3c3-d763417b5238.flac,,حياه تؤمن بالعيش تؤمن بان تبني وطن و لكن مقدرات الدوله ضعيفه و الظروف اللي مرت علي لبنان هي ظروف عصيبه لذلك نحن انطلاقا من هون,,0.091768,low
e3c2c27a-ea73-4f3d-9d89-639ced3b8dfd,mediaspeech,../data/mediaspeech_ar/AR/e3c2c27a-ea73-4f3d-9d89-639ced3b8dfd.flac,,ينظر بعض الجهات من جانب مختلف ما حدث في المملكه العربيه السعوديه هو بعض الاجراءات الماليه الاحترازيه كما تفعل كل دول العالم الاحترازيه يعني الحكومه ليست مضطره لاتخاذ هذه الاجراءات,,-0.001741,low
f3e4a2ca-15d4-4c13-91ad-c202d54f6128,mediaspeech,../data/mediaspeech_ar/AR/f3e4a2ca-15d4-4c13-91ad-c202d54f6128.flac,,اا مع النقابات و جهزنا لهن اراضي تابعه لوزاره الزراعه لوضع هيدي حقول الامهات و عنايه و رعايه خبراء من مصلحه الابحاث الزراعيه التابعه لوزاره الز,,0.562029,mid
f5b99530-b7de-4ae2-83ca-299dab9af728,mediaspeech,../data/mediaspeech_ar/AR/f5b99530-b7de-4ae2-83ca-299dab9af728.flac,,الا اذا لم يكن هناك موافقه امريكيه بشكل كامل لكنا شاهدنا رده فعل امريكيه اقوي من ذلك بكثير انا اعتقد ان الامر من الممكن ايضا ان يحسب ربما في الاتجاه الانساني نوعا ما لان الولايات,,-0.004308,low
b78642c2-7151-42a6-968c-2801ad15bbc1,mediaspeech,../data/mediaspeech_ar/AR/b78642c2-7151-42a6-968c-2801ad15bbc1.flac,,اذا لنتحدث عن هذا الموضوع طيب اولا لست منضم الي اي تيار سياسي انا دبلوماسي وحزبي هو الوطن الاحزاب هي مشروعه ومكفوله بالدستور ولكن انا لا انتمي لاي حزب,,0.064983,low
a463f9b0-28af-4d7d-b498-8dd317920ad3,mediaspeech,../data/mediaspeech_ar/AR/a463f9b0-28af-4d7d-b498-8dd317920ad3.flac,,اا من الخدمات والتقديمات للمزارعين وايضا نحنا منقول لكل اللبنانيين اي تقصير باي مركز زراعي باي مصلحه زراعيه مع اي مواطن خط,,0.067643,low
c4de7ab2-7e69-4b52-bc22-6065bc470a46,mediaspeech,../data/mediaspeech_ar/AR/c4de7ab2-7e69-4b52-bc22-6065bc470a46.flac,,تكون تحتاج اللاعب ممكن تكون في حاله الهزيمه وزي اليوم وتحتاجه في الاشواط الاضافيه تحسب حسابها يعني شفنا المدرب البحرين غير تغيير هجومي استفاد كثير من هذا,,0.483389,mid
62e21beb-d0d0-41fb-a09c-c1d5e88847de,mediaspeech,../data/mediaspeech_ar/AR/62e21beb-d0d0-41fb-a09c-c1d5e88847de.flac,,حكومات ان تراقب الافراد ليست بحاجه الي تطبيق الغرض منه اساسا صحي يعني الكريديت كارد مثلا او حتي فيسبوك او غيره من المواقع كلها تتيح للحكومات مراقبه الافراد اذا ارادت,,0.087134,low
60c51793-ffa8-48ef-a2c6-666d79c53582,mediaspeech,../data/mediaspeech_ar/AR/60c51793-ffa8-48ef-a2c6-666d79c53582.flac,,عربيه علي اهميه هذه المبادره تستمر حكومه الوفاق وميليشياتها وحلفائها في التصعيد ميدانيا فماذا سيفعل المجتمع الدولي في سبيل انجاح المبادره المصريه,,-0.004045,low
b61870ef-d880-4745-b14f-ca3f6d8f7698,mediaspeech,../data/mediaspeech_ar/AR/b61870ef-d880-4745-b14f-ca3f6d8f7698.flac,,يلوم كل طرف علي ما اخ الاخطاء التي تتخبط بها امريكا اليوم ان هناك مؤامره يعني شوفوا مثلا الحين المؤامره الكبيره كانت انه تحقيق معه لتدخل روسيا في الان,,0.290913,low
c3dff4e9-5ff4-47c5-b5ed-b4d45767feda,mediaspeech,../data/mediaspeech_ar/AR/c3dff4e9-5ff4-47c5-b5ed-b4d45767feda.flac,,هكذا يكون الحوار بالفعل اشكركما شكرا جزيلا خلونا نعود الي مجريات الحوار التي يرصدها زميلي محمود القصاص الحوار الالكتروني الموازي لهذا الحوار وبعدين نعود الي ضيفي الخبير العسكري لنساله ما الذي يجري في ليبيا,,0.124804,low
d3e50b2c-a0ea-4a3c-a6d1-635b30ba5e7c,mediaspeech,../data/mediaspeech_ar/AR/d3e50b2c-a0ea-4a3c-a6d1-635b30ba5e7c.flac,,الامريكيه قليل جدا في تقاريرنا قليل ولكن موجود لانها بعلاقه جيده مع الاداره ومع الخارجيه اما بالنسبه للمنظمات الحقوقيه الجديه,,0.002293,low
13e7a56c-15c4-4b08-a0af-f6121ee44bec,mediaspeech,../data/mediaspeech_ar/AR/13e7a56c-15c4-4b08-a0af-f6121ee44bec.flac,,تحت الطاوله للسماح بمرور هذه السفن اعتقد ان هناك جهات ربما وساطه بين الولايات المتحده وايران تدخلت في الامر للسماح بهذه السفن كي اه تتوجه الي فنزويلا,,0.006426,low
46fdffcb-e594-4e90-903b-a15685f57931,mediaspeech,../data/mediaspeech_ar/AR/46fdffcb-e594-4e90-903b-a15685f57931.flac,,فعال في ليبيا تحديدا مشاهدينا الكرام احييكم وارحب بكم في ابعاد روسيه ويسعدنا ان ينضم الينا حول هذا الموضوع من موسكو فريق اي تيتش,,-0.001087,low
856f3071-bafa-4200-9d6a-78b9af0a158a,mediaspeech,../data/mediaspeech_ar/AR/856f3071-bafa-4200-9d6a-78b9af0a158a.flac,,انواع حريه الراي المصونه بالدستور وحق التعبير والتظاهر الي اعمال شغب تستهدف تدمير من هذه الجهات دكتور طلال من هذه الجهات سمها باسمائها البلد وتستهدف تدمير المحال تجاريه والاعتداء علي الاملاك هذه الجهات,,0.025832,low
44ce850a-3a30-4e1d-8f73-4ac0cfdb4a26,mediaspeech,../data/mediaspeech_ar/AR/44ce850a-3a30-4e1d-8f73-4ac0cfdb4a26.flac,,بمعني ان ملف الكهرباء لا يزال هو الجرح النازف في في ميزانيه الدوله بشكل كبير لم تقارب الحكومه موضوع حله موضوع ضبط الحدود السائبه سواء,,0.00068,low
b74a61bd-ebad-458a-9aef-d3e8a284452d,mediaspeech,../data/mediaspeech_ar/AR/b74a61bd-ebad-458a-9aef-d3e8a284452d.flac,,اااا النظره اليه يعني وجود الروسيا او الدعم الروسي له يكسر او يعني ااا يجعل يجعله اقل يعني قابليه للدعم من الموقف الموقف الاوروبي وبالتالي هناك نشهد فعلا,,0.088936,low
b4d5cadd-7d84-44c8-9c3c-6cd9056533db,mediaspeech,../data/mediaspeech_ar/AR/b4d5cadd-7d84-44c8-9c3c-6cd9056533db.flac,,تحدث عن مفاوضات ثم انتقلت للحديث عن حوارات و هذا قطعا يختلف لان هنالك قوي سياسيه تراقب عمل الحكومه لاسيما هذه الحكومه الفتيه التي عمرها اسبوع واحد,,-0.002431,low
24e50fc2-83fd-438e-a24f-4dbb2c6b046c,mediaspeech,../data/mediaspeech_ar/AR/24e50fc2-83fd-438e-a24f-4dbb2c6b046c.flac,,في مقابل ا رفع الضرائب هناك انظمه اخري مثلا اتخذت مثالا لمجابهه كورونا بضخ اموال في اقتصاداتها ماذا تري حضرتك في هذه النقطه هل يمس ذلك حياتك انت,,0.036537,low
b6ffec60-df90-467b-8262-056dc314c3e3,mediaspeech,../data/mediaspeech_ar/AR/b6ffec60-df90-467b-8262-056dc314c3e3.flac,,ممكن تبقي معي يا دكتور راشد لو سمحت دكتور محمد عوض من بريطانيا ايضا ينضم الينا في الحوار ابقي معي دكتور راشد من فضلك دكتور محمد اهلا وسهلا بحضرتك حضرتك عضو نقابه ساده عضو نقابه اطباء مصر سابقا مزبوط,,0.454033,mid
80d3c39b-ceee-45ad-8a79-ae6458273c5c,mediaspeech,../data/mediaspeech_ar/AR/80d3c39b-ceee-45ad-8a79-ae6458273c5c.flac,,المتحده و الارتكاز الي مخرجات مؤتمر برلين بشان الازمه السياسيه في ليبيا سيد شفايرر الي اي مدي برايك ا الولايات المتحده تغض الطرف اا او تتغاضي عن ما,,0.224792,low
2ac9a047-4c38-44a7-b2f3-af74289ad57a,mediaspeech,../data/mediaspeech_ar/AR/2ac9a047-4c38-44a7-b2f3-af74289ad57a.flac,,بوصف بيان النقابه واعلن اكثر من فريق طبي عن استقالات لا نستطيع التحقق من كونها جماعيه لتعذر الوصول للمعلنين عنها وزيره الصحه دافعت عن ادارتها للازمه باجراءات العلاج بكل مستشفي والتحليل,,-0.004184,low
226a79f0-49b9-46a4-bc6f-b0d15cc3aa43,mediaspeech,../data/mediaspeech_ar/AR/226a79f0-49b9-46a4-bc6f-b0d15cc3aa43.flac,,هذه نقطه واجهه ساطرحها علي ضيفي بعد قليل من الطرف الاخر نقطه معتد بها واوعدك انني ساطرحها بس كمان اريد ان اقرا علي حضرتك بعض مما بين يدي من وثائق رسميه وهو امر نشرته علي,,0.185106,low
c6322dfd-c346-4536-8b87-4122159b6f1a,mediaspeech,../data/mediaspeech_ar/AR/c6322dfd-c346-4536-8b87-4122159b6f1a.flac,,او اربعه وخمسين طائره تركيه حسب معلومات غير مؤكده غير مؤكده وانما يعني تتراوح الارقام هكذا لي وهذا ليس حتي ولو كانت عشرين فقط وهي اك,,0.015011,low
84929878-7264-4c08-acba-5ba8a65022c2,mediaspeech,../data/mediaspeech_ar/AR/84929878-7264-4c08-acba-5ba8a65022c2.flac,,طاقم هذه العربه يجب ان يتلقي اشارات واضحه وكافيه لانه احيانا كما اشار سياده الفريق حتي المعلومات التي توفرها رادارات هذه,,-0.004718,low
af6ac5cb-58eb-4577-8263-0e6bc0207b7b,mediaspeech,../data/mediaspeech_ar/AR/af6ac5cb-58eb-4577-8263-0e6bc0207b7b.flac,,ضمن عشرين ثلاثين مرجدي وهل تعثرت هذه الخطه هل العماله الوافده من مستقبل في السعوديه انتظر ارائكم علي هذا المنبر الحر بوجهات النظر المختلفه ناقشوني في نقطه حوار وسائل,,0.045173,low
045dc460-5914-4b37-b491-5f6e831b5146,mediaspeech,../data/mediaspeech_ar/AR/045dc460-5914-4b37-b491-5f6e831b5146.flac,,الاتفاقات الدوليه كل هذا يدل علي ان المشكله لدي الامريكيين وليس لدي ايران ايران لديها حق هناك اتفاق نووي وقع بالاجماع الدولي وبقرار مجلس الامن الدولي هو تمرد عليه و,,-0.002557,low
8ca0f265-7792-47b7-99ad-1eb1ad2435bb,mediaspeech,../data/mediaspeech_ar/AR/8ca0f265-7792-47b7-99ad-1eb1ad2435bb.flac,,ازمه عالميه الكل يمر فيها صحيح لكن فهذي الازمات تبين وضعك انت كدوله قاعدتك ماشيه علي كشنو انت ما عندك قاعده احنا قاعدتنا هالبترول دخلنا بحرب البترول مع روسيا و,,0.695558,high
ada3617b-4753-491e-8a3d-eff4c4316807,mediaspeech,../data/mediaspeech_ar/AR/ada3617b-4753-491e-8a3d-eff4c4316807.flac,,لاخذ صوره عن اعلانات التوظيف في الدوله و من خلال المتابعه تبين ان عمليات التوظيف عبر الموقع شهدت تراجعا ملحوظا في المتوسط منذ بدايه مارس الماضي تراجع ما لبث ان,,-0.00521,low
c7a6be75-224f-4fa0-aac2-4abb7be4734b,mediaspeech,../data/mediaspeech_ar/AR/c7a6be75-224f-4fa0-aac2-4abb7be4734b.flac,,هناك ترابط فبالتالي ا وجدت هاي الشعوب نفسها في في درجه عاليه جدا من انه تتواصل مع بعض في سبيل انه تقضي علي هذا النوع من ال,,0.129491,low
bced4d21-348a-48e7-92cb-f0ae1d444a86,mediaspeech,../data/mediaspeech_ar/AR/bced4d21-348a-48e7-92cb-f0ae1d444a86.flac,,لتعم علي اليمن كله ام انها بما ان المؤتمر تستضيفه الامم المتحده والسعوديه واكبر المانحين فيه حتي الان هو السعوديه ا فلن تكون ا هذه المساعدات الا لليمن الذي,,0.007588,low
5785aad0-c349-4c62-aeed-83256fe5f9f5,mediaspeech,../data/mediaspeech_ar/AR/5785aad0-c349-4c62-aeed-83256fe5f9f5.flac,,والبترول اذا وقفوا كلهم وقفوا ما يشتغلوا فاذا الشركه ما تشتغل ما بتعطيك راتب قلت عليه نفس المشكله يعني احنا قاعدين دون نفس المشكله المواطن هو الاكثر واحد متضرر اذا وقفت,,0.559547,mid
c81dbae8-2948-486b-a245-90bdc8da20ce,mediaspeech,../data/mediaspeech_ar/AR/c81dbae8-2948-486b-a245-90bdc8da20ce.flac,,مهله مئه يوم ونحن ببطن علي مشارف المئه وعشرين يوم يعني اربعه اشهر ولم تحقق الحكومه اي بند من ال من البنود التي وعدت بها لا بل عا علي ا علي نقيب ذلك,,0.165246,low
b4316bb7-4bc9-4267-bace-9c77f2ac141d,mediaspeech,../data/mediaspeech_ar/AR/b4316bb7-4bc9-4267-bace-9c77f2ac141d.flac,,كمنظومه متكامله مره اخري اشكركم علي الحضور معنا في هذه الحلقه المهمه ضيفيه الكريمين السيد ف الفريق ايتاتش بيجف النائب السابق لقائد القوات الجويه,,0.020682,low
148518b3-8e81-421f-88ef-fb0592b42add,mediaspeech,../data/mediaspeech_ar/AR/148518b3-8e81-421f-88ef-fb0592b42add.flac,,الفين و خمسه عشر تعرض لبنان لاكثر من قانون عقوبات قانون هيفبا و من ثم قوانين اخري و بالتالي هي تطال جميع الشرائح اللبنانيه لا يمكن اتهام فئه دون فئه هي تطال جميع الشرائح و بالتا,,0.015017,low
4a5bcde7-a926-481f-bf4d-799643bcca65,mediaspeech,../data/mediaspeech_ar/AR/4a5bcde7-a926-481f-bf4d-799643bcca65.flac,,الامريكيه والمحامي الجنائي والشكر للدكتور الاستاذ الدكتور هيثم مناع داعيه حقوق الانسان وشكرا جزيلا دكتور لانكم افيدتونا بمعلومات,,0.154938,low
e66e1476-0925-4396-9a94-5b93229060f6,mediaspeech,../data/mediaspeech_ar/AR/e66e1476-0925-4396-9a94-5b93229060f6.flac,,الذي يقول ان يو يعني ممكن ان تكون بعض القيود الاستثنائيه لبعض الحريات ا ان كانت تلك الاجراءات ا منها ترصد التحركات وجمع البيانات الخاصه,,0.001658,low
6fca3f38-69d9-4766-bdbc-8dd53fa11a5a,mediaspeech,../data/mediaspeech_ar/AR/6fca3f38-69d9-4766-bdbc-8dd53fa11a5a.flac,,يكون او يسيطر علي اكثر من عشره في المائه من القدره الاستثماريه في الكره الارضيه تتكلم الصندوق سوف يقدر حجم ممتلكاته باكثر من ثلاثه في المائه من الاصول الموجوده في الكره الارضيه احنا نعتقد ان الصوره تعدها شيء,,0.173556,low
bba81d7e-8ba5-47e4-bbae-4ca5f4196c10,mediaspeech,../data/mediaspeech_ar/AR/bba81d7e-8ba5-47e4-bbae-4ca5f4196c10.flac,,اتفاق الرياض بالرغم انه مجحفه في حقنا في بعض الجوانب و ايضا تغاضينا عن هدف رئيسي لمرحله معينه حتي الانتهاء و الوصول الي,,-0.000387,low
0e1e38be-49d4-4541-b413-308e8aad6247,mediaspeech,../data/mediaspeech_ar/AR/0e1e38be-49d4-4541-b413-308e8aad6247.flac,,تلاحم بين مختلف فئات المجتمعات من اجل الوقوف في وجه العنصريه كيف تري انت اا اول شيء مساء الخير عليكم جميعا و مساء الخير علي جميع الضيوف الكرام اا اكيد,,0.287567,low
744f98fe-8f9f-48c9-8576-dfdea9e52219,mediaspeech,../data/mediaspeech_ar/AR/744f98fe-8f9f-48c9-8576-dfdea9e52219.flac,,المباراه هذه يمكن اول حاله كانت موجوده في المباراه و الحكم توفق في هذ في هذه الحاله في الاعلان عن وجود ركله جزاء صحيحه نتيجه للاهمال من قبل مدافع المنتخب البحريني و تمركز الحكم كان,,0.003401,low
61bcf149-9e53-4b03-93d1-d2a6b74cc8e4,mediaspeech,../data/mediaspeech_ar/AR/61bcf149-9e53-4b03-93d1-d2a6b74cc8e4.flac,,امان اقتصادي للمواطن في لبنان وتنهي ازمه تدهور سعر الليره اللبنانيه تجاه الدولار الامريكي التي كما قال الرئيس دياب ان جزء منها,,-0.000791,low
a3644c65-9637-4938-b47f-794bbdc19533,mediaspeech,../data/mediaspeech_ar/AR/a3644c65-9637-4938-b47f-794bbdc19533.flac,,عندما يجري تفريغ الصواريخ قبل جميع العربات فهذا امر مستحيل من وجهه النظر العسكري و هذا قاعه ذهبيه فهناك عربه تغطي عربه ثانيه,,0.022082,low
eafb22c3-6882-47f6-a61a-74948b20ff76,mediaspeech,../data/mediaspeech_ar/AR/eafb22c3-6882-47f6-a61a-74948b20ff76.flac,,اجهزه العاديه يعني لا يستطيع حقيقه فهل كيف يكون هناك هذا الامر اجباري ما اعرف انا الحقيقه يعني كيف سوف يجبرون هذا العامل الذي دخله مئه ولا مئه وخمسين دولار شهريا بان ان يشتري هذا الهاتف,,0.24802,low
578e3305-3b3f-4f02-8930-391e2787659e,mediaspeech,../data/mediaspeech_ar/AR/578e3305-3b3f-4f02-8930-391e2787659e.flac,,هي التطبيق ااا طبيعي جدا وانا موافق عليه ومشترك فيه وهذا خوفا علي صحته وصحه ابنائي وكل المواطنين والمقيمين هذا شي طبيعي وما طلبش منك الدخول علي الصور ولا طلب,,0.221311,low
33b396c1-b0e3-4524-89d4-462ac02273b5,mediaspeech,../data/mediaspeech_ar/AR/33b396c1-b0e3-4524-89d4-462ac02273b5.flac,,بشكل رسمي ان يذهب الي ذلك نعم اذا هنالك فرض للوصايه طيب هذا هنالك نقطه مهمه يجب نعم ان نلتفت اليها باختصار المفاوضات عراقيه امريكيه نعم طيب لماذا يتحدثون عن الشان الايراني في ذلك نعم ما دخل ايران في القضيه,,0.060979,low
c332f38d-8010-45a4-9387-40d971554cc3,mediaspeech,../data/mediaspeech_ar/AR/c332f38d-8010-45a4-9387-40d971554cc3.flac,,تنظيم داعش الارهابي لهذا اليوم العالم كله يعي خطوره هذا التنظيم الارهابي نعم استاذ يحيي اا حسب تقديراتكم ومعلوماتكم اا ما هو عديد القوات العراقيه من جيش وشرطه,,-0.000818,low
bc4558c8-5546-4814-a17b-e8cdc620dcc0,mediaspeech,../data/mediaspeech_ar/AR/bc4558c8-5546-4814-a17b-e8cdc620dcc0.flac,,باعينهم كيف يفعل الجيش الاسرائيلي ويتعلمون ذلك قمنا بالتحقيق مع منظمه العفو الدوليه فرع الولايات المتحده الامريكيه وهو اكبر فرع اللي,,0.111145,low
9de3f7a1-b63e-494f-9be2-6b4f5ac9f66c,mediaspeech,../data/mediaspeech_ar/AR/9de3f7a1-b63e-494f-9be2-6b4f5ac9f66c.flac,,المركزيه بالتحقيق فيها و حل هذه المشكله و يتم تشكيل لجان هذه المره لم يشكل اي لجنه و لم يعد باي انجازات و لم اا قال انه يتعاطف مع اهل القتيل و حتي,,-0.002413,low
fd891295-0690-4bbb-8cdd-c21445a38fc8,mediaspeech,../data/mediaspeech_ar/AR/fd891295-0690-4bbb-8cdd-c21445a38fc8.flac,,الولايات المتحده الامريكيه ومع الغرب وبالتالي ما كان هنالك هامش تستطيع من خلاله يستطيع من خلال لبنان التحرك من الناحيه الاقتصاديه هذا الامر لم يعد ممكنا ال بوافد الختام جاء قانون قيصر ايضا لكي,,-0.004915,low
cc2c33c3-36f9-4501-a215-1de33c9c17a3,mediaspeech,../data/mediaspeech_ar/AR/cc2c33c3-36f9-4501-a215-1de33c9c17a3.flac,,يسعي هو يقول انه يسعي للتوصل لاتفاق مع ايران ومثل هذه التشريعات ستحول بالتاكيد دون التوصل لاتفاق هو طبعا الديموقراطيون يعارضون مجمل السياسات التي تتبناها,,-0.004975,low
8edd9422-c9dd-4067-be88-d95a165eb6c3,mediaspeech,../data/mediaspeech_ar/AR/8edd9422-c9dd-4067-be88-d95a165eb6c3.flac,,انه اا ملفات او ارامكو و بيانات ارامكو غير معلنه اا غير واضحه غير شفافه اليوم بتصير شفافه اذا طرحن ارامكو في السوق معناته لازم تعلن عن قوائمها لازم تعلن عن كل,,0.342795,mid
1ab6c1b2-a4e5-4e6d-8d9f-2551d6bcd4ed,mediaspeech,../data/mediaspeech_ar/AR/1ab6c1b2-a4e5-4e6d-8d9f-2551d6bcd4ed.flac,,قيادهم تحت تهديد السلاح من الميليشيات ومن يعني الحشد الشعبي وميليشيات التابعه له للحضور قسرا يا سيدي العزيز انا حضرت مره في تلفزيون عراقي المذيع يعني اضطر يهاجمني في الحلقه,,0.18745,low
58cc47bd-2727-4e03-9820-6cbb205bf6bf,mediaspeech,../data/mediaspeech_ar/AR/58cc47bd-2727-4e03-9820-6cbb205bf6bf.flac,,توقع حتي اول مباراه مباراه اليمن كل ما كان متوقع ان المنتخب يوصل ليي لادوار النهائي او للنهائي قدم مباريات جدا ممتازه الله يعطيهم العافيه و لكن الان ننسي كل شيء اللي حصل يفكر في,,0.584264,mid
d3819219-4030-4db5-b4f7-0c3cc7468a2c,mediaspeech,../data/mediaspeech_ar/AR/d3819219-4030-4db5-b4f7-0c3cc7468a2c.flac,,تركيا وا طبعا الولايات المتحده الامريكيه تتفرج بل و تؤيد علي ما اعتقد يعني سبعه عشر الف ارهابي ارهابي مرتزقه جاؤوا بهم من ادلب الي ليبيا و العالم كله يعرف ذا,,0.347144,mid
0cf2e643-7437-49a0-ac1f-f21b1a1a568f,mediaspeech,../data/mediaspeech_ar/AR/0cf2e643-7437-49a0-ac1f-f21b1a1a568f.flac,,نهينا استراتيجيتنا بوزاره الزراعه قد تاخرت ولكن استراتيجيه تعرف وزاره الزراعه يعني اليوم من اساسيات الاقتصاد هي الزراعه بلبنان لذلك نحنا ما استعجلنا كنا عم نشتغل ع,,0.345893,mid
4222b740-775e-462a-9648-9c82f0c188f0,mediaspeech,../data/mediaspeech_ar/AR/4222b740-775e-462a-9648-9c82f0c188f0.flac,,من خلال هذه الجوله يمكن التعرف علي بدايات وتاريخ البرنامج الفضائي للولايات المتحده بدا من برنامج جيمن الفضاء وصولا الي مرحله المدارات التي تم فيها اطلاق المكوك الفضائي,,-0.003585,low
b8d44af4-4e8c-440e-81e3-d48b535aacb1,mediaspeech,../data/mediaspeech_ar/AR/b8d44af4-4e8c-440e-81e3-d48b535aacb1.flac,,نعم نعم انا سالت سالت عن ايران و حديث البعض عن كونها غائبه لكنها حاضره علي طاوله الحوار هذه من خلال ضغط بعض الكتل السياسيه في الداخل العراقي لاخراج القوات الامن,,-0.00496,low
1ae37fd0-69b1-4a92-9bdd-0bfb78a274a7,mediaspeech,../data/mediaspeech_ar/AR/1ae37fd0-69b1-4a92-9bdd-0bfb78a274a7.flac,,متوسطه ادخل بلغه الارقام كنا ننتج تلاتميه وخمسه وتمانين الف برميل نفط يوميا انخفض في بعض الايام الي الفين برميل كنا ننتج خمس مليون طن من القمح انخفض الي حدود ميه وخمسين,,0.063995,low
07e8840d-68fd-4dfb-b5fb-31bca25e4ae4,mediaspeech,../data/mediaspeech_ar/AR/07e8840d-68fd-4dfb-b5fb-31bca25e4ae4.flac,,ال ال البطوله بشكل عام كيف كان اداء التحكيم في هل كان مؤثر انا اشوف في بعض الحالات او بعض المباريات كان فيها مؤثر اخذ مثال المباراه النهائيه هذي انا اشوف هناك في حالتين تعتبر من الحالات او القرارات,,0.174528,low
769178a9-2e9b-4bbb-8899-072afa7ce4ac,mediaspeech,../data/mediaspeech_ar/AR/769178a9-2e9b-4bbb-8899-072afa7ce4ac.flac,,هناك جزء مخصص بالكامل لمحطه الفضاء الدوليه حيث يتعلم الزائر الكثير عن هذه المحطه واليه عملها او الانتقال الي باحه خارجيه يتم فيها عرض صواريخ الفضاء,,-0.003417,low
6552799f-f7ca-4687-ac55-8b6e481c6f72,mediaspeech,../data/mediaspeech_ar/AR/6552799f-f7ca-4687-ac55-8b6e481c6f72.flac,,عيه المعترف بها دوليا الجهه التشريعيه المنتخبه الوحيده ونقولوها بكل وضوح وبكل فخر مجلس النواب هو المؤسسات التشريعيه المنتخبه والمعترف بها من المجتمع الدولي المعترف بها من الامم المتحده المع,,0.010976,low
02740a0c-9eef-479a-887b-d91424675c78,mediaspeech,../data/mediaspeech_ar/AR/02740a0c-9eef-479a-887b-d91424675c78.flac,,كبيره و مهمه جدا تدعو الي الحلول الاقتصاديه تنطلق من الانفتاح علي الشرق واضح ان الولايات المتحده الامريكيه تريد تسكير كل هذه المعابر و تريد فرض شروطها,,0.065859,low
d92a45fe-71cc-4a48-9608-81adce34eddd,mediaspeech,../data/mediaspeech_ar/AR/d92a45fe-71cc-4a48-9608-81adce34eddd.flac,,يه من سيحسم من انهزم من انسحب الي اخره هناك انقسام شديد كما رصد محمود في الاراء حول التطورات الاخيره في ليبيا خصوصا بعد انسحاب القوات التابعه لخليفه حفتر من مواقع في محيط طرابلس مؤخرا مثلا علي سالم يق,,0.190786,low
2f338200-66c5-46ea-896f-731e39442db1,mediaspeech,../data/mediaspeech_ar/AR/2f338200-66c5-46ea-896f-731e39442db1.flac,,الامريكي ا التابع للبحريه الامريكيه العسكريه هو مقره في فلوريدا واا يجول منطقه الكاريبي بمنتهي السهوله ويسيطر عليها اا كلها بمنتهي السهوله وبمنتهي القوه فاذا ما اراد ان,,0.12912,low
82dbd461-96ea-4993-a644-0ba7764a8319,mediaspeech,../data/mediaspeech_ar/AR/82dbd461-96ea-4993-a644-0ba7764a8319.flac,,يعني هناك بالفعل يعني نحن كحقوقيين نتخوف من هذا الامر اا وما تفضلت في اا بان يمكن ان التطبيقات هذه الدخول علي الخصوصيات المشتركين او,,0.052188,low
d0d24726-4840-4a5d-afad-cd761733b6cc,mediaspeech,../data/mediaspeech_ar/AR/d0d24726-4840-4a5d-afad-cd761733b6cc.flac,,خصوصا يمكن انا اقول ان اخر دقايق كان يجب حتي الحكم انه يشهر البطاقه الثانيه وطرد اللاعب بغض النظر عن وقت الحاله يعني في اخر المباراه ولا جت في بدايه المباراه او في وسط المباراه نعم طيب,,0.455226,mid
a87b22ac-92c4-426d-a011-e9f005055387,mediaspeech,../data/mediaspeech_ar/AR/a87b22ac-92c4-426d-a011-e9f005055387.flac,,تقدير هي رؤيه متفائله الجنوب ما بين الحراك وما بين القبائل وما بين المجلس الانتقالي الشمال الحوثيون والحكومه المعترف بها دوليا عن ماذا نتحدث نحن اجراءات وتهور المجلس الانتقالي,,-0.003285,low
34d7bb7a-1c84-4694-899a-25138d65eece,mediaspeech,../data/mediaspeech_ar/AR/34d7bb7a-1c84-4694-899a-25138d65eece.flac,,اساسا لا تبيح البيع يعني خلينا نكون متفقين لو في حد هيبيع من الباطن فالمشتري خسران من الاخر تعرفي ليه لانه مش هيعرف يلاقي يروح يسجل و لا هيروح يعرف يعمل,,0.779836,high
2a37010c-a2ce-4089-a70c-0397d82fa238,mediaspeech,../data/mediaspeech_ar/AR/2a37010c-a2ce-4089-a70c-0397d82fa238.flac,,الوكاله تحدث فيه عن استعداد واشنطن لاتخاذ اجراءات لم يصف او يتحدث عن ما هي هذه الاجراءات لوقف هذه السفن في ذات السياق يعني تحدثت مصادر وتقارير امنيه عن وجود سفن عسكريه امريكيه اربع سفن بالاضافه الي,,-0.003917,low
634e086e-6ee0-4e94-b4e0-ce896f06e3a4,mediaspeech,../data/mediaspeech_ar/AR/634e086e-6ee0-4e94-b4e0-ce896f06e3a4.flac,,متمثله من وجهه نظر حضرتك يا دكتور هو واجب الاطباء العدم المخالطه ال ال ال ال عدم المخالطه بس كيف هل هذا مطلب يعني يمكن تحقيقه مع خصوصا مع المتعاملين مع حالات سواء,,0.297323,low
4e22f8fc-89c1-4095-8058-344d8213669a,mediaspeech,../data/mediaspeech_ar/AR/4e22f8fc-89c1-4095-8058-344d8213669a.flac,,ربما ايضا تلعب علي المستوي الدبلوماسي هي لا تريد ان تشعل فتيل ازمه ربما عسكريه بتوجيه ربما ضربات الي سفن شحن الي اخره وربما تريد ان,,0.16953,low
835090e5-0efa-41eb-968f-b92917c4f385,mediaspeech,../data/mediaspeech_ar/AR/835090e5-0efa-41eb-968f-b92917c4f385.flac,,ارسال الجيش اذا فشلت الولايات في السيطره علي التظاهرات الغاضبه يتوجه بعدها لالتقاط صوره حامله الكتاب المقدس امام كنيسه الرؤساء الولايات المتحده يعدو ترامب انها ستعود,,-0.00095,low
04758bfc-c6fd-4148-9c20-f885d186a052,mediaspeech,../data/mediaspeech_ar/AR/04758bfc-c6fd-4148-9c20-f885d186a052.flac,,شمالا ويمينا المطلوب اليوم ان نغير من لغه الخطاب السياسي المتشنج ونتحول الي خطاب سياسي جامع يستطيع ان يؤمن لكن مالذي,,-0.004492,low
cd278c8b-8af5-4a0f-a0ee-f35b4cdc76c7,mediaspeech,../data/mediaspeech_ar/AR/cd278c8b-8af5-4a0f-a0ee-f35b4cdc76c7.flac,,مخاوف كما اشار الدكتور خلدون في اوروبا في عدد من الدول الاوروبيه المؤثره من ان يكون هناك اا تغلغل للنفوذ التركي وبالتالي الاسلام السياسي في ليبيا هل هذه المخاوف,,-0.004944,low
4f6373ba-a4d2-427e-9d39-d4026396c296,mediaspeech,../data/mediaspeech_ar/AR/4f6373ba-a4d2-427e-9d39-d4026396c296.flac,,نبحث هذا الملف في ظل هذه الاجهزه اللاستخباريه لكن داعش لا يزال ينفذ عمليات هنا اكيد و هناك عمليات تعرضيه كيف تفسر هذا الموضوع اكيد شوف انت ا هذا التنظيم الارهابي الان ما بيص,,0.226485,low
5322bd61-0c29-4ca0-87a2-8b98de7e8393,mediaspeech,../data/mediaspeech_ar/AR/5322bd61-0c29-4ca0-87a2-8b98de7e8393.flac,,بحسم سريع لدخولها سموه تكتيكا حربيا واعاده تموضع بعد ما وصفوه حرفيا بالاعمال العدائيه للارهابيين والمرتزقه الاتراك الحكومه المعترف بها دوليا اعلنت السيطره علي قا,,0.101835,low
2549e670-ad30-4d37-a7ef-cb463b7db84e,mediaspeech,../data/mediaspeech_ar/AR/2549e670-ad30-4d37-a7ef-cb463b7db84e.flac,,في يده ودعت الي دعمه وان كانت تعارضه وهذا امر صحي في لبنان ان تعارض بالسياسه وان تصوب الاداء لا يعني ابدا انك علي عداء مع الاخر ولكن قد يكون هناك وجهات نظر او حتي خصومه سياسيه,,0.01461,low
6a194972-4e67-4d12-81ad-85496137769e,mediaspeech,../data/mediaspeech_ar/AR/6a194972-4e67-4d12-81ad-85496137769e.flac,,قلقين باي نفوذ او تاثير تركي في ليبيا في هذه الحاله دكتور نزار ما رايك دعم حكومه الوفاق لا يعني دعم المشروع التركي كما يقول السيد شمايرر,,0.014468,low
2829da53-21ef-48f7-a235-aa6f172da79b,mediaspeech,../data/mediaspeech_ar/AR/2829da53-21ef-48f7-a235-aa6f172da79b.flac,,تلويح ب بهذا اا الحل يمكن ان يكون له تاثير ايجابي علي الاقل لتهدئه الغضب ولا ممكن ان ياتي بنتيجه عكسيه هو راح ياتي بنتيجه عكسيه وخاصه ان المتظاهرين والمتظاهرين,,0.088656,low
0dca212d-11af-4c37-b392-ea04082cd082,mediaspeech,../data/mediaspeech_ar/AR/0dca212d-11af-4c37-b392-ea04082cd082.flac,,يضحك عليها يعني عامله كنكته ولكن في اصلها هو يعني نكته عنصريه فيعني لازم الواحد يشوف في الكتب المدرسيه في ال في ال في التنشئه الاجتماعيه في الحوار مناهج المدرسه,,0.721993,high
51bd3ace-3499-4712-94ca-b0a71c891ec3,mediaspeech,../data/mediaspeech_ar/AR/51bd3ace-3499-4712-94ca-b0a71c891ec3.flac,,هذه المرحله الا انه راي بام عينه انه لا يساوي شيئا في في حكومه بلاده وان حكومه بلاده تعمل علي تفرقته تعمل علي تمييزه عن,,0.00786,low
f56a18f7-034c-4428-806e-7b85201e09e2,mediaspeech,../data/mediaspeech_ar/AR/f56a18f7-034c-4428-806e-7b85201e09e2.flac,,الماند سوف يلعب دور كبير قد تحتاج منظمه الصحه العالميه كذلك الامم المتحده التحدي الاكبر ياتي علي الميدان نفسه من من يحرك,,0.021496,low
6a8cdea7-0500-4eb2-9161-9e1f7dbd1383,mediaspeech,../data/mediaspeech_ar/AR/6a8cdea7-0500-4eb2-9161-9e1f7dbd1383.flac,,اا ايضا لان هذه كانت اكثر نقطه عليها جدل وما الذي يضمن ان تنحصر استخدام هذه البيانات في الهدف اللي يبدو جيد اللي حضرتك ذكرته ولا يتم تحويلها لاهداف اخري,,0.151276,low
fcbc8405-1003-40e3-abb6-cdfacf16449a,mediaspeech,../data/mediaspeech_ar/AR/fcbc8405-1003-40e3-abb6-cdfacf16449a.flac,,الوباء بسوق العمل وبالعديد من قطاعات الاقتصاد المصري ياسين الجوهري سكاي نيوز عربيه القاهره,,-0.000525,low
0b6b476a-97a7-4551-803f-f5e930c77116,mediaspeech,../data/mediaspeech_ar/AR/0b6b476a-97a7-4551-803f-f5e930c77116.flac,,دولي ومن مجلس الامن ضف الي ذلك اذا سلمنا ان هذه الحكومه دستوريه ومعتمده هي منتهيه الصلاحيه خمستاش ديسمبر الفين وسبعتعش انتهت صلاحيه هذه الحكومه وبالتالي علي اي شرعيه تتحدثون وبالتالي استاذ عبد الهادي دستوريه او غير دستوريه,,0.439182,mid
6ac8baff-f035-465d-b528-dde546a5b10d,mediaspeech,../data/mediaspeech_ar/AR/6ac8baff-f035-465d-b528-dde546a5b10d.flac,,و ذلك من اسئله عن علاقته المستقبليه بمجلس النواب لانه هو بذلك مش بس الغي اتفاق الصخيرات من وجهه نظره بس هو كمان وكانه فك الارتباط مع مجلس النواب واعلن نفسه حاكما منفردا اختي الكريمه هو لم يفك,,0.344439,mid
470993b4-7321-4c37-89f9-5acb5c9612f9,mediaspeech,../data/mediaspeech_ar/AR/470993b4-7321-4c37-89f9-5acb5c9612f9.flac,,المصائب الامريكيه الي الخارج و اعطاء رساله لحلفاء الولايات المتحده الامريكيه في هذه المرحله باننا صحيح مبتلون بالانتخابات والكورونا والاضطرابات الشامله في الولايات المتحده الامر,,0.013836,low
3b9f8fc7-c211-4cbd-9c8a-b4a9b41fa940,mediaspeech,../data/mediaspeech_ar/AR/3b9f8fc7-c211-4cbd-9c8a-b4a9b41fa940.flac,,وبدات بعض المظاهرات التي تطالب بحلول لازمه الاحتباس الحراري وهنالك توقعات بان تنت تزداد هذه الحمله انا اتناولها من الناحيه,,-0.00021,low
e382ed2b-7e93-4ba5-bdd5-ace9e1696a99,mediaspeech,../data/mediaspeech_ar/AR/e382ed2b-7e93-4ba5-bdd5-ace9e1696a99.flac,,وايضا مقاتله حربيه ميغ ثلاثه وعشرين ان لم تخوني ذاكره وهذا في الحقيقه يعني بعد النقص في التنظيم التعاون العسكري اا علي مختلف مستويات الاداره والقياده العسك,,0.041103,low
8526548d-4bb6-4316-8d29-5740a20a8016,mediaspeech,../data/mediaspeech_ar/AR/8526548d-4bb6-4316-8d29-5740a20a8016.flac,,وغيرهم من الدول فبالتالي انا اري ان نضع التقرير بيد الامين العام للامم المتحده ليقرر ما يريد ان يعمل به ماذا كان في التقرير,,-0.002589,low
b7521620-03de-4d06-a708-aeb5576c36ab,mediaspeech,../data/mediaspeech_ar/AR/b7521620-03de-4d06-a708-aeb5576c36ab.flac,,منتخب عنده ثقه نفسه منتخب قادر انه هو يدير المباراه باسلوبه بطريقته شفنا اكثر من طريقه اكثر من منهجيه فنيه اكثر من اسلوب اكثر من اسم شفنا فهذه كلها مكاسب الان انت في مرحله,,0.221837,low
3fa24bd8-585f-43c2-80a4-105f6d3814e3,mediaspeech,../data/mediaspeech_ar/AR/3fa24bd8-585f-43c2-80a4-105f6d3814e3.flac,,يي رمايه عشوائيه علي الاطلاق هذه رمايه ممنهجه رمايه لي استهداف المدنيين لاستهداف منشات المدنيه اي ان كان هي تشير الي قوات خليفه حفتر بالمناسبه هل حضرتك اذا تعزز انوهذه التقارير تقارير دقيقه لانو ذهب الي,,0.30038,low
0a501c39-4cba-4ce1-b3ee-308f610c1044,mediaspeech,../data/mediaspeech_ar/AR/0a501c39-4cba-4ce1-b3ee-308f610c1044.flac,,ضغط المعطيات الاقتصاديه وان التحالف العربي ايضا مع ازمه كورونا الان وما القت به من من خسائر اقتصاديه لاقتصادات دول الخليج وخاصه السعوديه يمكن ان تكون,,-0.005214,low
9feed746-bcea-4705-b5fd-afe942058e11,mediaspeech,../data/mediaspeech_ar/AR/9feed746-bcea-4705-b5fd-afe942058e11.flac,,من اصل صومالي اسمر البشره ايضا هل حقا هناك عنصريه في الولايات المتحده وفقا لمشاهداتك انت ما يحدث معك انت والله في كان اصلا غضب,,0.066552,low
9d230aaf-3df7-465d-b1d6-412c24a70753,mediaspeech,../data/mediaspeech_ar/AR/9d230aaf-3df7-465d-b1d6-412c24a70753.flac,,وما يعني تحرجوا منه الاخوه في في مصر وو وبعد ذلك يعني الامور واضحه يعني وليست يعني نحن في عالم كل الامور في واضحه ولكن الاشكال هو حقيقه,,0.222942,low
3a17233c-d388-444f-a08e-21ea27fd2c21,mediaspeech,../data/mediaspeech_ar/AR/3a17233c-d388-444f-a08e-21ea27fd2c21.flac,,قاهره حينما قال لن ينقص كوب ماء واحد من مصر مللنا من هذا الكذب ومن هذا الخداع واذكره بما قاله ابي احمد انه يحشد مليون جندي وما قاله رئيس الاركان اول امس يعني يريدون الهيمنه مفردين,,0.144464,low
4799f26b-529f-470b-9a33-4e7af205f4c8,mediaspeech,../data/mediaspeech_ar/AR/4799f26b-529f-470b-9a33-4e7af205f4c8.flac,,والدماء العربيه مضر الاسعد يقول نتمني ان يحدث ضغط اممي من اجل فرض الحل السياسي لانقاذ ما يمكن انقاذه من ابناء الشعب الليبي مشاركات علي النقيض تماما من ذلك مئه وثمانين,,0.015841,low
ca292cfa-5963-4811-b3ee-fa2cac15ad27,mediaspeech,../data/mediaspeech_ar/AR/ca292cfa-5963-4811-b3ee-fa2cac15ad27.flac,,نعم هي تعمل هذه الدوله تعمل وفق معايير معينه عندما يكون الاحتراز ليس معناه ان انتظر الي اربع شهور حتي اقع في ازمه هناك ايضا اكتشافات بتروليه هائله هناك المملكه العربيه السعوديه جلبت اكثر من ربع مليون,,0.009612,low
9b11e8b6-6cc2-441b-9e6c-a5346da9f270,mediaspeech,../data/mediaspeech_ar/AR/9b11e8b6-6cc2-441b-9e6c-a5346da9f270.flac,,ايضا هل ستسبق الولايات المتحده روسيا في مجال استخراج وتصدير الغاز وتتفوق علي قطر في تصدير الغاز المسال اما الان فلماذا تراجعت,,-0.004547,low
9c1c1b1b-b054-458f-9dff-01ab8c6ce407,mediaspeech,../data/mediaspeech_ar/AR/9c1c1b1b-b054-458f-9dff-01ab8c6ce407.flac,,لا احد يعرف متي سترفع القيود ولا احد يعرف كيف سيكون شكل عالمنا الذي سيسمح لنا بالعوده اليه ولا احد يعرف كيف سيغدو فن البشريه ما بعد,,-0.002715,low
018a3e13-bc41-4668-9438-4b8f55821e63,mediaspeech,../data/mediaspeech_ar/AR/018a3e13-bc41-4668-9438-4b8f55821e63.flac,,غفاييل بوتي طبيب متخصص في الانعاش عمل في مجال المساعده الانسانيه في سوريا درب جبران علي طب الحروب في عام الفين وثلاثه عشر في محافظه ادلب,,0.064905,low
508a60ea-687f-4b56-a222-ff94d4842940,mediaspeech,../data/mediaspeech_ar/AR/508a60ea-687f-4b56-a222-ff94d4842940.flac,,والدول الاخري لهذا اللل المؤتمر ربما يذهب لتخفيف العبء الدولي علي كاهلهم ولن ينعكس الي الشعب اليمني بحيث انه يحدث تغيير اعتقد ان السعوديه,,0.00215,low
5d0ae85c-bccc-4a5c-ac0c-b2415925ef6d,mediaspeech,../data/mediaspeech_ar/AR/5d0ae85c-bccc-4a5c-ac0c-b2415925ef6d.flac,,واشنطن السيد ريتشارد شمايرر الدبلوماسي الامريكي السابق وكان معنا من باريس الدكتور خلدون النبواني استاذ الفلسفه السياسيه ومن موسكو الدكتور نزار بوش استاذ العلوم السياسيه في جامعه العلوم,,-0.004745,low
f614f203-f783-40ed-933a-7d53cee28469,mediaspeech,../data/mediaspeech_ar/AR/f614f203-f783-40ed-933a-7d53cee28469.flac,,هي استراتيجيات مختلفه يعني كاينه استراتيجيه اللي لازم يعني الاعتراف بها ان للعنصريه متواجده داخل المجتمع والسياسي لازم يعترفون بها ولازم يكون هنا قوانين صارمه استراتيجيه علي المدي البعيد هو,,0.248511,low
b2a52370-2e1c-40c5-89e0-0b2eb88ee48c,mediaspeech,../data/mediaspeech_ar/AR/b2a52370-2e1c-40c5-89e0-0b2eb88ee48c.flac,,دكتور اشار الي انه بانسر هو الذي يقومه اساسا وبشكل وبالدرجه الاساسيه باسقاط نفس الطائرات التركيه نحن لا نقول انه طائره بيراقطار غير جيده بالع,,0.038713,low
2afd077a-8001-41a9-869d-c2e1029a43f2,mediaspeech,../data/mediaspeech_ar/AR/2afd077a-8001-41a9-869d-c2e1029a43f2.flac,,وتحرير قاعده الوطيه ومدينه بدر وتيجي ومدينه الاصابع بالقرب من غريان جواد ابو علاء يقول بالتاكيد هزيمه عسكريه لكن علي جميع الاطراف المتحاربه ان تضع حدا لهذه الحرب التي,,0.187847,low
ee08a0c5-21db-48d8-8ed6-34be3464f176,mediaspeech,../data/mediaspeech_ar/AR/ee08a0c5-21db-48d8-8ed6-34be3464f176.flac,,يحترم كل راي بالنسبه لاخواتنا في قوات الحشد الشعبي لكن اليوم احنا مهمه عدنا هو الحفاظ علي العراق لهذا انا عندما نلتقي وننلتقي مع اخواننا في قوات الحشد الشعبي,,0.146932,low
6f96b1da-dc17-4381-96ae-867b227f155b,mediaspeech,../data/mediaspeech_ar/AR/6f96b1da-dc17-4381-96ae-867b227f155b.flac,,ين و كي نشطاء اشكرك شكرا جزيلا الاستاذ انور الرشيد رئيس المنتدي الخليجي لمؤسسات المجتمع المدني من الكويت اريد ان استعرض بعض الاراء التي وردت الكترونيا كذلك واا من,,-0.003509,low
3f5c4c1f-c915-4341-8766-fb495de57d33,mediaspeech,../data/mediaspeech_ar/AR/3f5c4c1f-c915-4341-8766-fb495de57d33.flac,,اذا هي فتره ستمضي علي السعوديه بقدر من الاجراءات التقشفيه من وجهه نظر الاستاذ العياشي بعدين سيعود الامر الي مكان عليه سابقا وهو يستشهد بان ذلك حدث في السابق هذا الحوار ساقسمه الي قسمين النصف الاول,,0.147612,low
2a4f3094-65c0-41c2-9eb6-b72ddf935f42,mediaspeech,../data/mediaspeech_ar/AR/2a4f3094-65c0-41c2-9eb6-b72ddf935f42.flac,,اتحاديه وضرب اماكن مهمه الارهاب هو امريكا وامريكا هي من جاءت بالارهاب وهي دوله محتله والشارع خرج في جمعه كبيره سميت جمعه طرد المحتل وطالب البرلمان ان ينقر,,0.054896,low
7e667ddb-83e4-4703-9c7f-7333d1c64455,mediaspeech,../data/mediaspeech_ar/AR/7e667ddb-83e4-4703-9c7f-7333d1c64455.flac,,المطلب الامريكي الرئيسي بالدخول في مفاوضات علي الجانب النووي وعلي الصناعه النوويه لديها العقوبات ستستمر مهما كانت,,-0.003214,low
4e799959-34e8-4b2a-a2b7-04d00001bea6,mediaspeech,../data/mediaspeech_ar/AR/4e799959-34e8-4b2a-a2b7-04d00001bea6.flac,,تدعم هذا الطرف بشكل دائم و مستمر حتي تمكن من تحقيق تغيير علي ارض الميدان من برايك في المجتمع الدولي يعرقل وق التوصل الي وقف اطلاق النار و يعرقل التوصل او او اعاده,,-0.005169,low
f41f1b3f-e359-44e7-a487-2c7cc94077e0,mediaspeech,../data/mediaspeech_ar/AR/f41f1b3f-e359-44e7-a487-2c7cc94077e0.flac,,ودورها في هوليويد خاصه ان اغلب الادوار كانت يعني كان في بعض الممثلات يشكون ان اغلب الادوار تكون عن الامهات يعني من شابات الي امهاتنا,,0.246265,low
3b1b415c-5269-439f-838f-9750433d1985,mediaspeech,../data/mediaspeech_ar/AR/3b1b415c-5269-439f-838f-9750433d1985.flac,,في اعلانه المتهور و هروبه الي الامام لن تستمر ستعود الحكومه و سيتم تنفيذ اتفاق الرياض و باذن الله نلملم الجهود و نعود و نوقع مع الحوثيين اتفاق و قد اعطي المبعوث الاممي مبادرته,,3e-06,low
6fe6519e-b3e2-426d-9044-54c239c3debb,mediaspeech,../data/mediaspeech_ar/AR/6fe6519e-b3e2-426d-9044-54c239c3debb.flac,,تعليمات الحظروالتباعد الاجتماعي ايضا وكذلك اجراءات الحجر المنزلي ويضربون بهذه الاجراءات عرض الحائط الان تعرفنا علي التطبيق والاهداف من,,-0.005576,low
cc664d1e-5405-4c2e-b8c0-221677440f8a,mediaspeech,../data/mediaspeech_ar/AR/cc664d1e-5405-4c2e-b8c0-221677440f8a.flac,,اضطرت الدول الي حمايه مواطنيها بالقرار الاصعب الاغلاق التام او الجزئي لتتوقف عجله الاقتصاد وتتاثر معه سوق العمل اليوم في,,-0.0027,low
722e4dbf-2c16-41ff-a1c7-4efdcba8eb3c,mediaspeech,../data/mediaspeech_ar/AR/722e4dbf-2c16-41ff-a1c7-4efdcba8eb3c.flac,,وان هذا اليوم هو تتويج للعمل الجبار الذي بدا به لصناعه فريق قادر علي المنافسه علي القاب واضاف سوزا انهم سيوجهون انظارهم الي شهر مارس حيث تنتظرهم التصفيات الاسيويه مؤكدا انه اتي من البرتغال الي,,-0.003304,low
91085439-0cba-4566-8e84-9a479097556f,mediaspeech,../data/mediaspeech_ar/AR/91085439-0cba-4566-8e84-9a479097556f.flac,,اي اساس قانوني لمقاضاه تويتر او غيرها تويتر قامت بواجبها و لم تتعدي و لم تتجاوز القانون و لا اي بند من القانون الامريكي علي الاطلاق فلذلك ليس,,0.012862,low
d4944f7d-a0d9-401b-a0db-69259364e28b,mediaspeech,../data/mediaspeech_ar/AR/d4944f7d-a0d9-401b-a0db-69259364e28b.flac,,ات و يراقبها لكن هاجس ما بعد كورونا ربما يبقي معلقا يا اسامه انا اشكرك شكرا جزيلا علي المشاركه و خليني ابقي في المغرب ارحب بضيفي عبر خدمه سكايب السيد عبد الرزاق بوغنبور,,0.183391,low
9ec4a781-b7dc-42f5-b051-ccf68272b9b2,mediaspeech,../data/mediaspeech_ar/AR/9ec4a781-b7dc-42f5-b051-ccf68272b9b2.flac,,طلب طلب لقمه العيش لانه عدم وغياب الزراعات والسياسه والسياسيات والاستراتيجيات وعدم دعم المزارع من الحكومات التعاقبه عالدوله اللبنانيه,,0.129486,low
5931e0a2-2915-4a62-ad42-4bdfcd1cc660,mediaspeech,../data/mediaspeech_ar/AR/5931e0a2-2915-4a62-ad42-4bdfcd1cc660.flac,,المرحله القادمه المرحله المهمه و المهمه و الاصعب اللي هي تصفيات قبل ما ننسي اسامه اللي حصل يعني حتي ادوار تدخلات المدرب في المباراه بادخال طلال العبسي للاصابه اصابه,,0.5525,mid
acfec5ac-ecb6-4d5c-8438-5f7df21f27e5,mediaspeech,../data/mediaspeech_ar/AR/acfec5ac-ecb6-4d5c-8438-5f7df21f27e5.flac,,ان هنالك الكثير من المخارج اما بالنسبه للامور الانسانيه هي الحقيقه العالم غير مهتم عمليا لا بل ان ذلك سوف يتكرر ان المجاعات بهذا تصل الي دول كثيره علي مستوي العالم لذلك هذا المعطي غير موجود,,0.006487,low
675f64e4-a8f0-442f-ad77-750c0d71f7df,mediaspeech,../data/mediaspeech_ar/AR/675f64e4-a8f0-442f-ad77-750c0d71f7df.flac,,اثار الكثير من النواب هذا الحديث واعتراضات في داخل قبه البرلمان لا سيما لجنه العلاقات الخارجيه التي تحدثت عن ضروره ان تعرف طبيعه الوفد والملفات الذي سيتحرك عليها,,-0.005078,low
0f3d92dd-8532-487a-ba0d-592ab942e88d,mediaspeech,../data/mediaspeech_ar/AR/0f3d92dd-8532-487a-ba0d-592ab942e88d.flac,,نسبه المخدر فيها ان وجدت وجدت قليله و بشكل كثير ضعيف لذلك نحن ما ما لازم يكون عنا خوف و ايضا نحن فيما لو الخوف يمتلكنا اا اليوم المخد المخدرات و زرا,,0.311021,low
dfef92ff-0ea8-4f59-b965-ecc2a1443eb9,mediaspeech,../data/mediaspeech_ar/AR/dfef92ff-0ea8-4f59-b965-ecc2a1443eb9.flac,,الحكام العرب وسيلجا لاستخدام العاطفه اما العاطفه الوطنيه او العاطفه الدينيه وهو ما حاول ان يقوم به بالفعل وفقا للبعض في محاوله لكسب تعاطف الشعب,,-0.004294,low
3912cbc1-9225-4e1d-90ee-63a8fe80d74d,mediaspeech,../data/mediaspeech_ar/AR/3912cbc1-9225-4e1d-90ee-63a8fe80d74d.flac,,امدح الانسان و يتكب شعر و ها الدنيا بخير و الله بخير و كله تمام و نقول هو كما نقول كل يوم بحياتنا الدنيا مش تمام الدنيا متوجهه الي عديد من الازمات الكبري,,0.54859,mid
b61b26d0-be38-43d3-824b-71b0455b1a3e,mediaspeech,../data/mediaspeech_ar/AR/b61b26d0-be38-43d3-824b-71b0455b1a3e.flac,,السؤال بدايه هناك طبعا ارتفاع لمعدلات البطاله لها تداعيات كثيره علي المجتمع و الانسان و لكن السؤال اا الي اي حد ارتفعت اا معد,,0.238671,low
124a461b-746b-4525-888b-b3b31c59488d,mediaspeech,../data/mediaspeech_ar/AR/124a461b-746b-4525-888b-b3b31c59488d.flac,,ويدور الحديث عن المترشح الديمقراطي جو بايدن ولكن انا اظن ان هناك شيئا اعمق بكثير فهناك مساله فهي تتعلق بكون الكثير من المواطنين الامريكيين من مختلف,,-0.001166,low
31135287-9620-4707-b617-7c1890c5bd46,mediaspeech,../data/mediaspeech_ar/AR/31135287-9620-4707-b617-7c1890c5bd46.flac,,هذه الحلقه كما لاحظتم صورت ضمن ظروف خاصه جدا فنحن لم نستخدم كاميرات احترافيه و لا تعاملنا مع مصورين محترفين اثناء تصويرنا لهذه القصص لكن حاولنا قدر الامكان ان نوصل,,0.002646,low
f7a3f05f-cea4-4de7-a16e-e34260c330ba,mediaspeech,../data/mediaspeech_ar/AR/f7a3f05f-cea4-4de7-a16e-e34260c330ba.flac,,تاكيدات لدينا من الاخوان الاشقاء في السعوديه و من الاماراتيين ان الاهداف الرئيسيه لحمله و لتحالف دعم الشرعيه ثابته و واضحه و لم تتغير كان هناك بعض الاشكاليات التي لم تطفو للسطح في دعم,,0.014006,low
b51ac1dc-c9d7-498f-a4f0-2837de2b5137,mediaspeech,../data/mediaspeech_ar/AR/b51ac1dc-c9d7-498f-a4f0-2837de2b5137.flac,,ااا عم ينزرع اليوم الحشيش هي عم تنزرع بلبنان و لكن المزارع عم بيكون الحلقه الاضعف بهايدي الزراعه اا نحن اللي فينا نقول انو اليوم,,0.76434,high
62eea486-5f3d-4d29-bcfb-3fe63644e39e,mediaspeech,../data/mediaspeech_ar/AR/62eea486-5f3d-4d29-bcfb-3fe63644e39e.flac,,استطيع من خلالها الشخص تصنيع الاكسجين محليا قررنا تصميم جهاز لانتاج الاوكسجين بشكل محلي وقسنما الباحثين الي خمس فرق,,-0.001036,low
9c6ca829-7f80-41ca-b844-b8cea40540af,mediaspeech,../data/mediaspeech_ar/AR/9c6ca829-7f80-41ca-b844-b8cea40540af.flac,,لميس عدنان محمود القصاص وفتحي شمس الدين وتحياتي رشا قنديل لا تذهبوا بعيدا,,0.111223,low
f6ce7c14-fce5-42d2-9749-940d270c3b1b,mediaspeech,../data/mediaspeech_ar/AR/f6ce7c14-fce5-42d2-9749-940d270c3b1b.flac,,اخدنا مثالا اخيرا عندما كانت الوسائل الاعلاميه قبل كل شيء الوسائل الاعلاميه الامريكيه كانت تقول حول ان الصواريخ الموجهه الامريكيه,,0.085463,low
b17ac89d-49da-4940-b13a-5166c7097703,mediaspeech,../data/mediaspeech_ar/AR/b17ac89d-49da-4940-b13a-5166c7097703.flac,,جانب التنوع جانب اساسي بالنسبه لتركيا بالنسبه لاوروبا لا بد انه يتم تنويع مصادر الطاقه لا يمكن لتركيا لا يمكن لاوروبا ان تعتمد علي,,-0.003385,low
261ceb13-eaaf-4f5e-9f00-db08022da282,mediaspeech,../data/mediaspeech_ar/AR/261ceb13-eaaf-4f5e-9f00-db08022da282.flac,,موجه غلاء هي الاعنف تضرب الاسواق السوريه وترسم علامات التعجب علي وجوب روادها حمل بعض اعضاء مجلس الشعب الحكومه السوريه مسؤوليه,,0.055457,low
555d4f4e-3411-4fb7-9cbf-ce34b72f01e1,mediaspeech,../data/mediaspeech_ar/AR/555d4f4e-3411-4fb7-9cbf-ce34b72f01e1.flac,,يقول العراقيون سيطلبون بقاء القوات الاجنبيه سيدي العزيز دي اصلا يعني اتفاقيه ما بين الولايات المتحده الامريكيه و ما بين الدوله العراقيه بتشمل شق,,0.369783,mid
3c84962b-fad0-4c4a-a951-ddc00cf4bd92,mediaspeech,../data/mediaspeech_ar/AR/3c84962b-fad0-4c4a-a951-ddc00cf4bd92.flac,,التسريح كان اعداد كبيره نحكي مثلا علي موضوع شو هي القطاعات المتاثره طبعا نحن لما نحكي عن اثر علي سوق العمل نحكي علي اثر علي نعم عمال وعلي الشركات,,0.612658,mid
cda51af2-b647-47de-95ee-83d7fcb145f4,mediaspeech,../data/mediaspeech_ar/AR/cda51af2-b647-47de-95ee-83d7fcb145f4.flac,,قياده المدفعيه وعلي مستوي الفصيله او علي مستوي الفوج لتكتيكات استخدام هذه المنظومات تمام شكرا لك سيد فيكتورعلي هذه المعلومات الجديده ايضا اليك,,0.064779,low
4f03748a-0681-4d42-8ebc-05c76b8a9c9d,mediaspeech,../data/mediaspeech_ar/AR/4f03748a-0681-4d42-8ebc-05c76b8a9c9d.flac,,بعض الدول المجاوره و زياده استهلاك البلاد من المواد الاوليه المستورده الداخله في الصناعه علي وقع المعاناه من ارتفاع اسعار السلع الرئيس,,0.000805,low
f33e8ceb-6adc-4e86-bf47-d0970f98eac5,mediaspeech,../data/mediaspeech_ar/AR/f33e8ceb-6adc-4e86-bf47-d0970f98eac5.flac,,نعم طب سيد امير موسوي يعني بالنسبه لايران علي ما تراهن في رفضها لما تحدث عنه براين هوك من مساعد توصل الي اتفاق هل ما زالت ايران يمكن,,0.203932,low
bdfc614e-2b7f-4c8b-b7cd-f908cbc103b8,mediaspeech,../data/mediaspeech_ar/AR/bdfc614e-2b7f-4c8b-b7cd-f908cbc103b8.flac,,الفين وثلاثه من قانون الذي ينظم عمل وساطه التواصل الاجتماعي تويتر وفيس بوك وغيرها من وسط وانستجرام وسناب شات وغيرها ان ال ال المنصه هذه تويتر وفيسبوك,,0.090704,low
8bf720da-54b5-4308-b7bc-526d51fc4d06,mediaspeech,../data/mediaspeech_ar/AR/8bf720da-54b5-4308-b7bc-526d51fc4d06.flac,,الاطباء بدايه من الامتناع عن التحاليل المبكره لاكتشاف اي اصابات بين اعضاء الطواقم الطبيه التعنت في اجراء المساحات للمخالطين منهم لحالات ايجابيه لنصل الي التقاعس في سرعه توفير اماكن العلاج للمصابين,,0.00747,low
3c757e88-3b0c-4638-b0e1-6dbf0cd9c60d,mediaspeech,../data/mediaspeech_ar/AR/3c757e88-3b0c-4638-b0e1-6dbf0cd9c60d.flac,,الا تحت الموافقه و الرقابه الامريكيه دكتور رامي ما المانع من دراسه ما يقوله جيفري ان كان ينطلق فعلا من رؤيه امريكيه جديده فيما يتعلق بالازمه السوريه,,0.001912,low
2fc31a21-34bc-4328-bc09-5ddbeacd04da,mediaspeech,../data/mediaspeech_ar/AR/2fc31a21-34bc-4328-bc09-5ddbeacd04da.flac,,في هذه الحلقه يتحدث عن من يرون رؤيه نقديه سواء سياسيه او اقتصاديه اضافه لضيوفي طبعا وكذلك النصف الاخر اتحدث فيه الي خبير اقتصادي يري انه هذه الاجراءات التقشفيه هي لازمه,,0.010326,low
62c15d29-770f-467b-b734-755d2d2ad36b,mediaspeech,../data/mediaspeech_ar/AR/62c15d29-770f-467b-b734-755d2d2ad36b.flac,,الاسلام السياسي في في تركيا في سوريا في في التي دفعت ولا تزال تدفع اوروبا ثمنه بشكل او باخر والان في في ليبيا والتخوف ايضا من ان ينتشر في تونس بشكل او,,-0.002453,low
222a867e-cdec-4884-bb6b-037730e97ec1,mediaspeech,../data/mediaspeech_ar/AR/222a867e-cdec-4884-bb6b-037730e97ec1.flac,,تي قال انها وصلت لمستويات يصعب التعامل معها علي حسب تعبيرك نتيجه تراجع الطلب علي النفط تراجع الايرادات غير النفطيه زياده النفقات كلها مرتبطه بكورونا كما اشار وحدها السبب,,-0.004161,low
9903c42d-a2ea-4a89-b974-9d11c582ff85,mediaspeech,../data/mediaspeech_ar/AR/9903c42d-a2ea-4a89-b974-9d11c582ff85.flac,,غيرو وساهم هذا التغيير بتسجيل الهدف وبالتالي احنا باخر الوقت المدرب ما عنده خيارات هجوميه دخل كانو في الوسط عنده اربع لاعبين يلعبوا نفس خانه فراس استغني عنهم جميعا نتمني انه,,0.447884,mid
40473262-81a9-456c-97bb-6e7db543cfcc,mediaspeech,../data/mediaspeech_ar/AR/40473262-81a9-456c-97bb-6e7db543cfcc.flac,,في البلاد من المواد الاوليه المستورده الداخله في الصناعه في المقابل تكشف واشنطن عن تقديم عرض مشروط لدمشق للخروج من الازمه فما الاسباب الحقيقيه وراء انهيار الليره السوريه وما دور,,0.004947,low
9eb20327-5fbf-477c-9efd-135ab64a543d,mediaspeech,../data/mediaspeech_ar/AR/9eb20327-5fbf-477c-9efd-135ab64a543d.flac,,صراحه يمكن من البرامج القليله اللي اشاهدها علي ارتي عربي طبعا هذا الكتاب اكتشفته انا يعني علي مدي اربعين سنه من ا كطالب ومدرس واستاذ,,0.318932,low
6ec0d6f6-2812-4239-9067-8dbc25a2cbf6,mediaspeech,../data/mediaspeech_ar/AR/6ec0d6f6-2812-4239-9067-8dbc25a2cbf6.flac,,دور طاغي جدا لبعض الفنانين العرب وخاصه اللي هما الفنانين السوريين السبب الواضح يمكن هذا الاقبال او مثل الاقبال الفنانين ان البعض يتخوف من يعني فشل اا بعد,,0.218327,low
039103da-a47d-4d40-8791-4814183bf37b,mediaspeech,../data/mediaspeech_ar/AR/039103da-a47d-4d40-8791-4814183bf37b.flac,,حقيقه الاعلاميين والاعلاميات العراقيين والصحافه العراقيه هم شريك اساسي هم مساندين انه في كل عملنا لا ننسي ما ننسي وقفتهم في معارك التحرير,,0.207392,low
d9c5b460-a8bb-49f5-aba7-133cabe1febe,mediaspeech,../data/mediaspeech_ar/AR/d9c5b460-a8bb-49f5-aba7-133cabe1febe.flac,,المنتخب السعودي خرج بعده مكتسبات من هذه البطوله مكتسبات جيده صحيح انه خساره اللقب يعني مؤلمه لكن الفوائد اللي اكسبها المنتخب السعودي من خلال هذه المشاركه اعتقد فوائد اكثر من,,0.113834,low
2b8849d4-b260-4a3d-a76f-3d9a0b196241,mediaspeech,../data/mediaspeech_ar/AR/2b8849d4-b260-4a3d-a76f-3d9a0b196241.flac,,تجاهل هذا الجدل القائم في الجانب العراقي ويتحدث قائد القياده المركزيه الامريكيه بمنطقه الشرق الاوسط كنت ماكنزي في تصريح له بانه يتوقع ان يطلب الجانب العراقي ابقاء القوات الامريكيه,,-0.005774,low
1733e7f0-01f0-4288-a5fd-373ea73faef4,mediaspeech,../data/mediaspeech_ar/AR/1733e7f0-01f0-4288-a5fd-373ea73faef4.flac,,منشور انذاك حينما عرضت الخطه في الفين و خمسه عشر تحسين مستوي المعيشه والسلامه تحسين المشهد الحضري في المدن تعزيز السلامه المروريه الحد من التلوث لكن الارتقاء بجوده الخدمات المقدمه في المدن السعوديه الي اي مدي,,0.087587,low
db3c3b7c-daf1-4256-beb7-410e96119a99,mediaspeech,../data/mediaspeech_ar/AR/db3c3b7c-daf1-4256-beb7-410e96119a99.flac,,الموانئ الفنزويليه خطوه نحو التهدئه هل يمكن ان يكون هذا التوصيف نطرق هنا بين المحاولات الاقتراب او شديده الاقتراب من قبل,,-0.004769,low
a7b4b058-0349-427e-b687-6099d2ee2650,mediaspeech,../data/mediaspeech_ar/AR/a7b4b058-0349-427e-b687-6099d2ee2650.flac,,قانون لبناني يصلح لان يكون علي مساحه الاراضي اللبنانيه و لكل اللبنانيين و ليس محصور بمنطقه معينه و لكن قد تكون الظروف المناخيه و التربه وا نسبه,,0.021655,low
914585a9-9f76-43db-94fb-a4bc33074899,mediaspeech,../data/mediaspeech_ar/AR/914585a9-9f76-43db-94fb-a4bc33074899.flac,,اثني عشر الف حاله زواج تمت خلال عام واحد بين لاجئات سوريات ومصريين معتبرا ان تلك الزيجات تمثل حالات اتجار بالبشر مجددا ادي اانته ورفضه الشديدين لظاهره,,0.03223,low
af278338-8ccf-49e0-be68-bea146d5951e,mediaspeech,../data/mediaspeech_ar/AR/af278338-8ccf-49e0-be68-bea146d5951e.flac,,يضعوا هذه التطبيقات بالهواتف وبالقوه وبالاجبار و و وليس لدينا بنفس الوقت ثقه بهذه الحكومات التي يمكن ان لا تستخدم او تستخدم هذه البيانات التي بها,,-0.002923,low
c6cb9101-78ec-4d26-bbbd-8aee0d78374c,mediaspeech,../data/mediaspeech_ar/AR/c6cb9101-78ec-4d26-bbbd-8aee0d78374c.flac,,جمهوريين استجلبتهم تركيا بعد اتفاقيه و تفاهم ملحق في نهايه الفين و تسعه عشر اسمعوني اصواتكم في حوار لا يقبل الترهيب هل ترون حفتر ينهزم ما ثقتكم في اعلان قواته,,0.212248,low
1f2af602-dac9-444e-9c0c-c4953cf0fe9a,mediaspeech,../data/mediaspeech_ar/AR/1f2af602-dac9-444e-9c0c-c4953cf0fe9a.flac,,جيد اضافه الي ادخال التكنولوجيا بالمراقبه كالكاميرات الحراريه توزيع القطاعات واحنا مستمرين بعمليه استكمال استحكام هذه هذا الشريط الحدودي بشكل جيد طيب استاذ يحيي اذا ما تحدثنا عن,,0.265309,low
4bd8f4db-cc5b-4611-8681-0203eec348af,mediaspeech,../data/mediaspeech_ar/AR/4bd8f4db-cc5b-4611-8681-0203eec348af.flac,,بمحاوله جر الملف الي عهد اتفاقات وصفتها بالاستعماريه و التي من شانها ان تسلب اديس ابابا ما تعتبره حقوقها المائيه و منها الاستخدام غير المشروط لمي,,0.00456,low
3a8ad0a9-ffc4-436a-aa11-10248ea40ab0,mediaspeech,../data/mediaspeech_ar/AR/3a8ad0a9-ffc4-436a-aa11-10248ea40ab0.flac,,توالي التشريعات التي يسعي الجمهوريون لسنها دوله مثل العراق خاصه ان هناك الان حوار استراتيجي الن يتاثر هذا الحوار الاستراتيجي مع بغداد يعني بالتاكيد ان هناك,,-0.004972,low
75501b6e-38a1-4d53-87d8-2d6599bd7c9a,mediaspeech,../data/mediaspeech_ar/AR/75501b6e-38a1-4d53-87d8-2d6599bd7c9a.flac,,حركه امل واظن ان ايضا اااخوه في حزب الله لم يتخذوا قرارا بالنزول الي الشارع وثبت ان من كانواعلي الدراجات الناريه هم خارج اطار حركه امل وحزب الله لكن ما اشار اليه ضيفي هو هو هو ما اشار اليه ضيفي دكتور طلال,,0.040513,low
0be021c5-01c9-46a6-bc1a-0b476f59964b,mediaspeech,../data/mediaspeech_ar/AR/0be021c5-01c9-46a6-bc1a-0b476f59964b.flac,,يمكن ان يسمي بالاختراقات السياسيه لدي الطرف الاخر اقصاء الميليشيات والعناصر الارهابيه والمتطرفه انا هنا اتفهم و واعتبر هذا شرطا للنجاح هو,,-0.004537,low
76867a07-e00d-4bc7-a91b-d8ff4e67188a,mediaspeech,../data/mediaspeech_ar/AR/76867a07-e00d-4bc7-a91b-d8ff4e67188a.flac,,الاعمال نتيجه الوضع المتردي اا في اا في مصر مم و خاصه ان بعض الفنانين السوريين او ال الفنانين العرب يعني حازوا ببطو ببطوله مطلقه في بعض الاعمال زي ال في الاول مره زي ال,,0.404655,mid
1e85eb47-0c0c-4fe3-99f8-0b680c864163,mediaspeech,../data/mediaspeech_ar/AR/1e85eb47-0c0c-4fe3-99f8-0b680c864163.flac,,لها بيتعدي من هذا الطريق طيب سياده النائب هل هل ايه اللي كان المبرر في الوقت ده لاسناده لانه المفروض ان دي هيئه الطرق و الكباري اعتقد هي المسؤوله عن عن هذا,,0.590999,mid
4e8b23bb-d848-4693-8d5b-b9bdea71a684,mediaspeech,../data/mediaspeech_ar/AR/4e8b23bb-d848-4693-8d5b-b9bdea71a684.flac,,المدرسه الواقعيه نحن لا يجب ان نسلم بذلك نحن ايضا الحكومه نحن الحكومه الشرعيه نحن الحكومه المنتخبه من الشعب الليبي البرلمان ومجلس النواب الليبي هو المؤسسه المنتخبه الوحيده ل,,-0.002643,low
d2b3d5ed-2eb3-43bd-b2b0-4cdcb46bf978,mediaspeech,../data/mediaspeech_ar/AR/d2b3d5ed-2eb3-43bd-b2b0-4cdcb46bf978.flac,,ويا ريت نقدر نحصل الاتصال بصوره افضل السيد عبدالرزاق بوغندور منسق الائتلاف المغربي لهيئه الدفاع عن حقوق الانسان شكرا جزيلا واعتذر مره اخري محمد من تونس يا محمد اهلا,,0.251863,low
7261526c-574f-4878-87f6-0b949a4dd0c7,mediaspeech,../data/mediaspeech_ar/AR/7261526c-574f-4878-87f6-0b949a4dd0c7.flac,,القطاعات الفرديه فبالطبع من غير المنطقي ان نستخدمها فلذلك انا متفق علي ما قاله السيد دميتري فنحن نتحدث عن التدريب غير كاف ل,,0.00873,low
40dafc2c-fe09-4f56-aef4-602d83c8e0ca,mediaspeech,../data/mediaspeech_ar/AR/40dafc2c-fe09-4f56-aef4-602d83c8e0ca.flac,,الدائري وحتي العاصمه الاداريه الجديده كل الطريق اللي اتعمل من سنتين اتشال واتعمل من تاني مم الطريق ده كان مكلف مليار ميه خمسه وتمانين مليون جنيه اتشال كامل مم يافي ال,,0.839077,high
c5b6bfed-a348-4ded-90bf-386879fa5312,mediaspeech,../data/mediaspeech_ar/AR/c5b6bfed-a348-4ded-90bf-386879fa5312.flac,,فابقو معنا حياكم الله مجددا ايها الاخوه و الاخوات في هذه المقابله الخاصه التي نجريها مع سمو الامير محمد بن سلمان بن عبد العزي,,0.000984,low
7a043077-210f-4c6b-b32e-9bea75db44cb,mediaspeech,../data/mediaspeech_ar/AR/7a043077-210f-4c6b-b32e-9bea75db44cb.flac,,حاله القوه والاتزان طيب ماذا عن مستقبل العماله الوافده في السعوديه واي دور ستلعبه في الاقتصاد السعودي مع العلم ان هناك حوالي سبعه ملايين من من يعملون في العماله الوافده نصفهم من الاسيويين هذه,,0.071828,low
c25afbca-b66c-4ca4-a0af-1b5b3f7ee379,mediaspeech,../data/mediaspeech_ar/AR/c25afbca-b66c-4ca4-a0af-1b5b3f7ee379.flac,,بانتظار افعال لا اقوال اذا ا استثنينا الحديث السياسي والردود السياسيه والاتهامات المتبادله نقول تعالوا جميعا لكي نطبق خطه اقتصاديه اساسيه تشكل شبكه,,-0.000531,low
95ba2f5b-d106-43de-b85c-0dcfa3f54a96,mediaspeech,../data/mediaspeech_ar/AR/95ba2f5b-d106-43de-b85c-0dcfa3f54a96.flac,,هل المعركه تعتبر بين المجلس الانتقالي الجنوبي وحزب بحد ذاته او انها بين الشمال والجنوب المعركه جنوبيه شماليه ما اقصد شماليه مع الاخوان الشماليه هي المعركه الجنوبيه مع,,0.001947,low
6b2e5f6a-500f-4b43-bcc4-ea2f36e58a01,mediaspeech,../data/mediaspeech_ar/AR/6b2e5f6a-500f-4b43-bcc4-ea2f36e58a01.flac,,يعني الطريق ده اصلا في منظومه تنميه شامله هم مفترض ان هي بتتعمل النهار ده مش فكره انا بنشئ طريق و خلاص الطريق ده حيجيب لي مبالغ ضخمه في من خلال الناتج المحلي لو انا النهار ده ده,,0.864488,high
298b9738-4fa2-419e-bdc7-a28b889482ee,mediaspeech,../data/mediaspeech_ar/AR/298b9738-4fa2-419e-bdc7-a28b889482ee.flac,,و الحصول علي ضمانات لحمايه وحداته العسكريه في البلاد بينما تدفع بعض الكتل النيابيه في بغداد نحو التركيز علي مستقبل تواجد القوات الامريكيه رغم جانبه اكد رئيس الوزراء,,-0.005374,low
35f5f29e-977c-494e-a9a7-62e14718c217,mediaspeech,../data/mediaspeech_ar/AR/35f5f29e-977c-494e-a9a7-62e14718c217.flac,,سوي في فيتنام او في الشرطه للشرطه العسكريه او في المانيا قبل ان تنسحب القوات الامريكيه منها وطبعا ما حصل من جرائم في العراق برايكم هل,,0.081109,low
8400ed7d-81f0-45ed-9674-7375f2d514bc,mediaspeech,../data/mediaspeech_ar/AR/8400ed7d-81f0-45ed-9674-7375f2d514bc.flac,,بعض الاطفال يميلون الي اصناف محدده دون غيرها مما اكيد يشكل عناء لبعض الاباء العلامات التي تدل علي ان طفلك يعاني من اضطرابات في الاكل لبعض النصائح الهامه للاباء تنضم الينا,,-0.003137,low
5a3b8bdd-e560-47be-9fbe-1a26b47f9192,mediaspeech,../data/mediaspeech_ar/AR/5a3b8bdd-e560-47be-9fbe-1a26b47f9192.flac,,ولاحظنا ان الردود كانت باهته جدا من قبل السوريين الحكومه السوريه والشعب السوري وكذلك في لبنان اا هم صحيح سيضغط علي حلفاء واصدقاء ايران في المنطقه والسياسات مستمره يعني من,,0.108496,low
36e21a77-e536-4b8d-9290-af074a45fe92,mediaspeech,../data/mediaspeech_ar/AR/36e21a77-e536-4b8d-9290-af074a45fe92.flac,,يربطها بين طرفي الحرب في ليبيا وبالتالي تسعي من اجل توفير الارضيه للقاءات السياسيه متي اجتمع اليبيون علي طاوله المفاوضه فاعتقد بان كل الاطراف التي تسعي او مولت,,0.030091,low
8349c2cc-0937-4a77-afeb-db243aba2c19,mediaspeech,../data/mediaspeech_ar/AR/8349c2cc-0937-4a77-afeb-db243aba2c19.flac,,سيه وعدم استقرارها ولا سيما الغذائيه منها يمضي السوريون ايامهم وسط ترقب شعبي لاجراءات حكوميه اسعافيه تضبط الاسواق وتحمي المستهلك من دمشق,,0.002941,low
632d3eb9-a6a4-4fed-a9bb-b6f19da057da,mediaspeech,../data/mediaspeech_ar/AR/632d3eb9-a6a4-4fed-a9bb-b6f19da057da.flac,,واعلن عنها الجانب العراقي منها ابراهيم قرطاج وايضا شخصيه اخري في تم يعني قتلها في داخل الاراضي السوريه كيف تفسر يعني قتل,,0.140901,low
2c09ed26-80f3-489d-b0ed-d7030c0b6a51,mediaspeech,../data/mediaspeech_ar/AR/2c09ed26-80f3-489d-b0ed-d7030c0b6a51.flac,,ها لانه لابد للطرفين الاخرين يكون حاضرين ا ليشهد علي تطبيق الاتفاق او ليتاكدا من ان الاتفاق محل التنفيذ وليس ان اسيوب تفعل ما تشاء بدون رقابه وبدون ضابط او رابط,,0.127823,low
943ed17b-6561-4290-ad80-a01f04238e32,mediaspeech,../data/mediaspeech_ar/AR/943ed17b-6561-4290-ad80-a01f04238e32.flac,,حفتر لاغيا بعد استعانه الحكومه بتركيا عسكريه ذات الاتفاق الذي قضي بوجوب ثقه مجلس النواب في الحكومه و هو ما لم يحدث تحقيق لمدعي محكمه الجنايات الدوليه خلص في,,0.18434,low
70c50ee1-3e1e-4a33-8f2f-96e664012062,mediaspeech,../data/mediaspeech_ar/AR/70c50ee1-3e1e-4a33-8f2f-96e664012062.flac,,المواطنون الافريقيون من الاصول افريقيه في ادارات الشرطه في مديريات الشرطه وعموما و انا ايضا اتعاون مع المحاكم الدوليه بما انني ضابط سابق في و كاله سي اي اي فنحن,,-0.000901,low
1562debe-790c-4e6b-9367-4ca468198e38,mediaspeech,../data/mediaspeech_ar/AR/1562debe-790c-4e6b-9367-4ca468198e38.flac,,تسليح الشرطه التسليح المفرط للرجال الشرطه في الولايات المتحده فيما كانت تقوم به الولايات المتحده و كان السياسيون يسلحون الرجال الشرطه علي انهم يشبهون العسكريين,,0.014999,low
1f690e38-5ce8-4879-a61c-f869d9d96c8c,mediaspeech,../data/mediaspeech_ar/AR/1f690e38-5ce8-4879-a61c-f869d9d96c8c.flac,,خبراني او حتي دخول كنو وعبد الفتاح عسيري هل كانت تدخلات موفقه واحنا تكلمنا في البدايه انه رمي بكل اوراقه من البدايه الهجوميه الهجوميه يعني شفنا اخر عشرين دقيقه منتخب البحرين يعني ياقيا,,0.444484,mid
602621ad-91cc-41b6-8519-0fbd344c39a5,mediaspeech,../data/mediaspeech_ar/AR/602621ad-91cc-41b6-8519-0fbd344c39a5.flac,,امر لعامه الناس وفي العالم العربي بالذات نحن نقول هنا في المملكه المتحده حينما ندفع الضرائب علي البيوت او علي السيارات هناك اولا امران الامر الاول ان هناك مردود واضح لهذه الضريبه خدمات هائله تقدم,,0.146035,low
d1868e1b-51d5-41de-954c-199ac520a730,mediaspeech,../data/mediaspeech_ar/AR/d1868e1b-51d5-41de-954c-199ac520a730.flac,,رحمه و خوف من الله لكن هل تكون الملاحقه الامنيه هي مصدر الخوف الوحيد اصلا ربما لا اذ يمكن ان يكون لها غرض تجاري مثلا عبر عن الامر شطله سلام,,0.081852,low
1f138607-176e-4778-8464-3b896a255b28,mediaspeech,../data/mediaspeech_ar/AR/1f138607-176e-4778-8464-3b896a255b28.flac,,للبطوله ما كان متفائل نتمني الاستمراريه والتركيز يعنيجالان في انديتهم عندنا للتصفيات مستقبل ااا نتمني ينسونها تماما اكيد يعني هذه كره القدم تنهزم بالاوف بتفكر في المباراه,,0.455321,mid
c2020c40-5f82-46db-8e84-2a83ca2e5e8c,mediaspeech,../data/mediaspeech_ar/AR/c2020c40-5f82-46db-8e84-2a83ca2e5e8c.flac,,مختلفه تماما فهذا يجعل القضيه اعقد واسوء بكثير ولكن هذا ايضا احد المعارك المهمه في المجتمع الامريكي فليس هناك جواب واضح حول ما الذي يجب ان يحدث والناس لا,,-0.002515,low
752f5b02-7906-4f2d-98e7-a523338d15d2,mediaspeech,../data/mediaspeech_ar/AR/752f5b02-7906-4f2d-98e7-a523338d15d2.flac,,جيد ال ااااا الفار وجود الفار كابتن خالد لا يعني ان الاخطاء تنتهي تنتهي نعم ممكن احنا نحصل هناك نسبه كبيره من الاخطاء راح تقل في في بعض المباريات,,0.375642,mid
47359e76-911c-458c-8ce4-99f4b7e67e9c,mediaspeech,../data/mediaspeech_ar/AR/47359e76-911c-458c-8ce4-99f4b7e67e9c.flac,,وصولا الي ترتيب الاجنده والمضامين في ظل غموض وسريه تحيط بفحوي الحوار التحالف الدولي بقياده الولايات المتحده اوضح ان المباحثات ستتناول مواجهه تنظيم داعش,,-0.003824,low
ad9ab81d-6da7-4755-b6dc-516acc47bade,mediaspeech,../data/mediaspeech_ar/AR/ad9ab81d-6da7-4755-b6dc-516acc47bade.flac,,جديده بتخلق اا وظائف وفي نفس الوقت تبي تساعد علي نمو الاقتصاد العالمي النمو المعلوماتي النموذج فهذي فهذي الثلاث الثلاث مرتكزات الرئيسيه في الرؤيه هي,,0.401654,mid
15fa6c28-4cb0-4ae4-8589-e297a5f918e8,mediaspeech,../data/mediaspeech_ar/AR/15fa6c28-4cb0-4ae4-8589-e297a5f918e8.flac,,الذي كان في الواقع كان هدفا ايرانيا منذ ايام مصدق ولم تستطع الحكمات حكومات الايرانيه اي حكومه قبل الثوره وبعد الثوره ان تقوم ب,,-0.001062,low
141541c5-90c6-4a62-b19e-e3574157d6b2,mediaspeech,../data/mediaspeech_ar/AR/141541c5-90c6-4a62-b19e-e3574157d6b2.flac,,بشك يعني حتي في موضوع ال العشائر العراقيه مع احترامنا لكل العشائر العراقيه وتعرف انه كليتنا ولد هذا البلد وننتمي ل للعشار العراقيه الاصيله لكن موضوع ان يحصل السلاح بيد دوله مهم,,0.310923,low
23b423f2-5158-4089-8e72-da7a4fb3e868,mediaspeech,../data/mediaspeech_ar/AR/23b423f2-5158-4089-8e72-da7a4fb3e868.flac,,مستنكر من من هذا او يضحك اا حتقول يعني والتهل فانا استبدلتها بدل ما استبدلت كلمه اشي اللي عشان بدل ما ت اا يعني كلمه خلاص مختصره لنقدك اا اي بشكل عام يعني,,0.632962,mid
943f8627-7995-4b7d-84af-2ce9aca6258a,mediaspeech,../data/mediaspeech_ar/AR/943f8627-7995-4b7d-84af-2ce9aca6258a.flac,,المواقع الالكترونيه وهم يعتمدون علي المعلومات المفبركه وغير المثبته فنحن نفهم وندرك جيدا ان الصور والفيديوهات تظهر من الطائرات المسيره التي نجت,,0.008782,low
3b8cb061-22b8-43de-b88b-aa4349decd69,mediaspeech,../data/mediaspeech_ar/AR/3b8cb061-22b8-43de-b88b-aa4349decd69.flac,,هذه الخطه او لحمايه الاطباء او لحمايه المواطنين في الجائحه اللي فيه دول كبيره عظمي لغايه دلوقتي اثبتت فشلها في احتوائها وعلي راسها الولايات المتحده,,0.482008,mid
6fadb924-b9a7-47cb-b3aa-a94a098fd78c,mediaspeech,../data/mediaspeech_ar/AR/6fadb924-b9a7-47cb-b3aa-a94a098fd78c.flac,,وبعد ذلك ناتي الي حل سياسي اما ان ياتي حل سياسي علي غرار اللي عملتها اللي عملها المجتمع الدولي والامم المتحده وينتجوا حكومه وهذه الحكومه تركب عليها مره اخري,,0.319504,low
f8241cb3-5666-43af-8893-0834d05d46be,mediaspeech,../data/mediaspeech_ar/AR/f8241cb3-5666-43af-8893-0834d05d46be.flac,,ليحدث هذا المؤتمر الا تحسين لي الضغط المفروض علي السعوديه ولن ينعكس علي حيا تمهولك الدعم من خلال مشروع الملك من خلال صندوق الملك الملك سلمان لكن انا اعتقد ان اي حل,,0.014162,low
8a0a0d69-e815-427a-a7d1-acc475d8b17b,mediaspeech,../data/mediaspeech_ar/AR/8a0a0d69-e815-427a-a7d1-acc475d8b17b.flac,,اسقاط الطائره الامريكيه المتطوره في مضيق هرمز بدفاعات ايرانيه كانت بامتياز فلذا انا اعتقد ان المشكله الان اللي تخشاها الولايات المتحده الامريكيه هو موضوع الصادرات,,0.236408,low
264831b5-ea24-49b2-a608-b2660d44da7a,mediaspeech,../data/mediaspeech_ar/AR/264831b5-ea24-49b2-a608-b2660d44da7a.flac,,ترامب و وسائل التواصل الاجتماعي علي الانتخابات الرئاسيه المقبله في الولايات المتحده وتحديدا علي حظوظ ترامب في الظفر بولايه ثانيه,,3.8e-05,low
fa361204-86f3-4d96-9dbd-af22e09d67fe,mediaspeech,../data/mediaspeech_ar/AR/fa361204-86f3-4d96-9dbd-af22e09d67fe.flac,,تامين قوت يومهم لعيالهم هذه الامور كلها يعني جهرت بها القوي السياسيه او ما يعرف بالمعارضه ولكن اي من هذه القوي السياسيه لم يدعوا الي مظاهرات او الي,,0.438019,mid
cd3d1761-4682-4e7a-85df-538619ac0523,mediaspeech,../data/mediaspeech_ar/AR/cd3d1761-4682-4e7a-85df-538619ac0523.flac,,معلومه فقط علبنان لبنان تاكدت الاحداث ان كل انخفاض في قيمه الناتج المحلي الاجمالي السوري بواحد بالمائه يؤدي الي انخفاض واعتقد يتفق معي الصديقي العزيز من بيروت هي صفر فاصله عشرين بالمائه,,0.063132,low
66df67d4-889e-4cba-b913-09b44953a7af,mediaspeech,../data/mediaspeech_ar/AR/66df67d4-889e-4cba-b913-09b44953a7af.flac,,وبالتالي ان يقوم النظام بتغيير تحالفاته الاستراتيجيه بشكل كامل طبعا هذا الامر ماذا لو اراد النظام هل يستطيع بالفعل القيام بذلك هذا امر من كل المراقبين يشيرون الي انه امر مستبعد للغايه,,-0.005644,low
b6eba708-8fc2-4f9e-90b4-b62c6b1f5e48,mediaspeech,../data/mediaspeech_ar/AR/b6eba708-8fc2-4f9e-90b4-b62c6b1f5e48.flac,,اا زراعيه اسعافيه اا حول امريكا وتصريحات جيفري الحقيقه لا نقيم لها ا وزنا لانه هدفهم هو تدمير الدوله السوريه واتحفظ علي كلمه النظام الا اذا كان يعني ترتيب الامور بشكل,,0.106408,low
c9817e08-dd5b-49d6-820a-f1caa3a18531,mediaspeech,../data/mediaspeech_ar/AR/c9817e08-dd5b-49d6-820a-f1caa3a18531.flac,,جح في وجهه وروسيا والصين في وجهه اخري نعلم بطبيعه الحال ان ا روسيا والصين لديهما علاقات جيده مع ايران ومن ثم قد يكون التوجه هو ا يعني الدفاع بقوه عن ايران في,,0.025149,low
959b5432-bd76-4c07-894a-78a5d23f50da,mediaspeech,../data/mediaspeech_ar/AR/959b5432-bd76-4c07-894a-78a5d23f50da.flac,,بعلبك الهرمل هو عم يستفيد كتير انما اليوم هو سيحصل نسبه من المال تحدد اله وتكون افاده ممتازه يعني اليوم المزارع من خلال تشريع,,0.491384,mid
a6c84263-f0fe-49d2-819c-e5b9cc149ec2,mediaspeech,../data/mediaspeech_ar/AR/a6c84263-f0fe-49d2-819c-e5b9cc149ec2.flac,,حاله حتي انه طريقه التعاطي تعاطي الدوله مع المزارع وضعها في مسافات بينه وبين المزارع نحنا خلينا نقول بدانا بالوقوف الي جانب المزارع وان كنا لم,,0.26903,low
1eae1ab2-8ecf-4f9f-82ce-e7a1f96277ea,mediaspeech,../data/mediaspeech_ar/AR/1eae1ab2-8ecf-4f9f-82ce-e7a1f96277ea.flac,,وفي ضبط اا الاسعار في امتصاص هذه الازمه الاقتصاديه الخانقه من صبر علي مدي سنوات طويله اا وسط ظروف اقتصاديه اكثر صعوبه لا يعجزها ان يصبر الان والميدان,,0.026855,low
0f394fc2-e1b3-49e0-983b-cd94732b688e,mediaspeech,../data/mediaspeech_ar/AR/0f394fc2-e1b3-49e0-983b-cd94732b688e.flac,,حقوقي و كممارس للنشاط الحقوقي في دول الخليج لا اثق حقيقه في هذه التطبيقات لانها لا اعلم حقيقه ما اذا كانت هذه التطبيقات تخدمني بالفعل ام لا,,-0.001225,low
9e12b390-7801-416b-b5db-1bcabbb9c812,mediaspeech,../data/mediaspeech_ar/AR/9e12b390-7801-416b-b5db-1bcabbb9c812.flac,,عناصر تنظيم داعش اخرها كان في منطقه مكيشيفه يعني ما سبب هذه الحملات العسكريه و لماذا هذا التهديد المستمر من قبل داعش استاذ اشرف يعني يمكن تذكر انت كنت و ايانا في معركه تحرير,,0.022193,low
4fb4194b-86dd-4e4e-ab53-4cb855d03354,mediaspeech,../data/mediaspeech_ar/AR/4fb4194b-86dd-4e4e-ab53-4cb855d03354.flac,,يمكن ان تتحول الي تطبيقات الزاميه ارحب بضيفي عبر خدمه سكايب من برلين الاستاذ كفاح عباد الخبير في امن الانترنت يا سيد كفاح اهلا بحضرتك اولا,,0.01261,low
97f9cc0e-3414-4d2e-95eb-35f9ecd159d6,mediaspeech,../data/mediaspeech_ar/AR/97f9cc0e-3414-4d2e-95eb-35f9ecd159d6.flac,,صحيح لكن انا براي انه الهدن التي قدمتها دول التحالف علي راسها المملكه وايقاف العمليات الجويه وايقاف التدخلات العسكريه,,0.04485,low
3d5b6c21-7cb5-4878-bef1-0d2fc4da4ea0,mediaspeech,../data/mediaspeech_ar/AR/3d5b6c21-7cb5-4878-bef1-0d2fc4da4ea0.flac,,يحتاج الي موافقه الكونجرس من اجل ان يدخل الجيش في حالات استثنائيه في المدن او يستعملها في الولايات المتحده فاعتقد هذه اا موضوع معقد وجزء كبير من الجمهوريين لماذا تصف,,0.181696,low
84097403-6c57-4f33-9ded-0382bba47679,mediaspeech,../data/mediaspeech_ar/AR/84097403-6c57-4f33-9ded-0382bba47679.flac,,اوهايو في مشجن هذه الولايات اللي راح يفوز فيها سيصبح رئيس للبيت الابيض ترامب الان قاعد يتراجع حتي في الولايات المتارجحه الحاسمه التي فاز فيها في الفين وستعش وعلي راسها,,0.464108,mid
21e39cdf-e94f-4d11-bc91-7d2184b55ca3,mediaspeech,../data/mediaspeech_ar/AR/21e39cdf-e94f-4d11-bc91-7d2184b55ca3.flac,,مبكرا يوم غدا اعتقد انه سيكون هناك رد من قبل اداره الامريكيه وبنسبه للسياسه العامه لاميريكا سندعم العوده للمفاوضات والتسويه السياسيه لهذا,,-0.001133,low
a236146c-682c-483c-bb56-85637bb72040,mediaspeech,../data/mediaspeech_ar/AR/a236146c-682c-483c-bb56-85637bb72040.flac,,يجب علي المجلس الانتقالي ان يعرف ان ما قام به من اعلان هو هروب الي الامام وتخبط ب ب واكبر تاكيد لهذا التخبط انه يعلن علي اداره ذاتيه للجنوب وست محافظات من,,0.016593,low
1af97773-50a4-4463-b033-23d264f4a259,mediaspeech,../data/mediaspeech_ar/AR/1af97773-50a4-4463-b033-23d264f4a259.flac,,اذا قبل بدء النقاش ادعوكم مشاهدينا و متابعينا الي المشاركه معنا كالعاده من خلال صفحتينا علي تويتر و الموقع سؤال اليوم كما يظهر علي الشاشه مع انطلاق الحوار الاستراتيجي مع واشنطن هل,,-0.002231,low
6f24bc58-293d-4f94-9ce9-f5725c5a3c6c,mediaspeech,../data/mediaspeech_ar/AR/6f24bc58-293d-4f94-9ce9-f5725c5a3c6c.flac,,طيب ثريه يعني الغريب في الامر والسؤال المطروح هل يجب دائما ننتظر كارثه انسانيه حتي نتحدث عن ضروره مكافحه العنصريه ننتظر وصول السوريين الي المانيا وصعود,,0.284472,low
30d48490-e8f1-4a9a-aa23-143d424fa12c,mediaspeech,../data/mediaspeech_ar/AR/30d48490-e8f1-4a9a-aa23-143d424fa12c.flac,,ا وطني شامل كامل ووصلنا الي مساله الدستور وانقض عليه الحوثيين وهذا الان مساله ان احنا طلبنا التحالف هو لنستعيد الحكومه استعانت بالتحالف الذي تقوده السعوديه يا استاذي الفاضل لانها,,0.316112,low
d5790aba-d1ee-41d4-b6f5-2b92d5e6e43d,mediaspeech,../data/mediaspeech_ar/AR/d5790aba-d1ee-41d4-b6f5-2b92d5e6e43d.flac,,ذهبت امس نقلت الادويه الي كراكاس وكذلك هذا الامر سي ربما سيعمم في المستقبل انا اعتقد ان ايران قررت ومحور المقاومه قرروا الا حصار علي محور المقاومه من الان فصاعدا لا,,0.033491,low
238feaca-fd60-4bee-8a73-d9361c61f87e,mediaspeech,../data/mediaspeech_ar/AR/238feaca-fd60-4bee-8a73-d9361c61f87e.flac,,استراتيجيه البقاء الحوثيين بالقاعده المنفصله بالتالي لدينا الان نحنا مجموعه وصلت الفكره من الجغرافيات سلطات وهذا هدف استراتيجي لدول ما يسمي التحالف وصلت الفكره سيد مصطفي ما حظوظ ان يكون المجتمع,,0.017049,low
538999da-e531-47d5-aca8-482017d2323c,mediaspeech,../data/mediaspeech_ar/AR/538999da-e531-47d5-aca8-482017d2323c.flac,,وسط كثره الدعوات لحل الازمه الليبيه عبر الحوار وعدم تجاوب اطراف متورطين في هذه الازمه تلعب دول الجوار الليبي دورا بارزا في مساعي الحلحله وطرح,,-0.004681,low
6941bc26-fcf8-4d73-bf0a-850e842139c7,mediaspeech,../data/mediaspeech_ar/AR/6941bc26-fcf8-4d73-bf0a-850e842139c7.flac,,سؤالا محوريا لضيف التالي بعد اذن حضرتك دكتور محمد حيدر الخبير الاقتصادي منضم الينا عبر الانترنت من لندن ممتنه لحضرتك اشكرك شكرا جزيلا خلوني اتحول,,0.13569,low
8528d5a9-78d7-4080-acc8-a6c0ef207f39,mediaspeech,../data/mediaspeech_ar/AR/8528d5a9-78d7-4080-acc8-a6c0ef207f39.flac,,لغ ا هل انتو في من بعد ازمه الكورونا هل في مراجعات من قبل مسلا جهات في الحجر الصحي للتاكد من سلامه الاطعمه يعني يمكن الفتره اكيد طول الوقت بيبقي فيه ده ولكن هل الفتره اللي فاتت زادت,,0.709801,high
840659a0-14db-4116-8ab2-f699a6b0cdab,mediaspeech,../data/mediaspeech_ar/AR/840659a0-14db-4116-8ab2-f699a6b0cdab.flac,,وزاره واشتغلوا في مستشفيات العزل احنا اودام بطولات الحقيقه المفروض ان يكتبها التاريخ بماء من ذهب لكن الحقيقه لما يستمر مسلسل الاستقالات هو في ناس يا دوب خدت بالها دلوقتي وبالتالي,,0.532583,mid
fb727e36-6c29-4a14-8eeb-c1bafc299075,mediaspeech,../data/mediaspeech_ar/AR/fb727e36-6c29-4a14-8eeb-c1bafc299075.flac,,السود و كان الولايات المتحده هي للبيض ليس الا الكثير من الامثله مره اخري و ذكرناها اكثر من مره فكره المطالبه بعوده بعض اعضاء الكونجرس,,0.033806,low
c65ef23e-eab5-473e-a080-ff70d7c31f8b,mediaspeech,../data/mediaspeech_ar/AR/c65ef23e-eab5-473e-a080-ff70d7c31f8b.flac,,بيكون رافد مهم جدا لتغيير مستوي ومعيشه السعودي في خلال فتره قصيره اشرتم الي انكم ستفتتحون اكبر متحف اسلامي في العالم وستحرصون في الرؤيه علي,,0.176816,low
9bf1a610-0add-411e-b21e-79bb6dac2ac4,mediaspeech,../data/mediaspeech_ar/AR/9bf1a610-0add-411e-b21e-79bb6dac2ac4.flac,,نعم طب سيد عماد يعني البعض قد يتحدث عن كون النتائج ملموسه يعني تداعيات هذه العقوبات الامريكيه علي الاقتصاد الايراني ملموسه ان و حتي وطاه وباء كورونا تراجع يعني,,0.113798,low
9ae3b81f-b225-443f-873b-c48c45988ff5,mediaspeech,../data/mediaspeech_ar/AR/9ae3b81f-b225-443f-873b-c48c45988ff5.flac,,لان هذا مستقبلهم مش مختب من قبلي انا في في الثمانينات الشباب يشعرون بان الشياب امثالي لا يفكروا بمصلحه هؤلاء الشباب ومستقبلهم,,0.452878,mid
8bdb0ce1-d55c-4bb4-983e-63f28472bc1c,mediaspeech,../data/mediaspeech_ar/AR/8bdb0ce1-d55c-4bb4-983e-63f28472bc1c.flac,,دولي اذا كانت هناك عقوبات امميه هذا شيء اخر ولكن ليست هناك اي عقوبات امميه ان كان علي ايران او علي فنزويلا وها والولايات المتحده تحاول فرض,,-0.002568,low
2162c841-86cf-40ba-9de8-59ba701333ed,mediaspeech,../data/mediaspeech_ar/AR/2162c841-86cf-40ba-9de8-59ba701333ed.flac,,انا النتيجه اللي قلتها انه لحد الان ليس هناك معلومات تقول ان فيروس كورونا في الشهر الاول و الي منتصف شهر شباط يثير او يعطيني اي,,0.625993,mid
a63af31c-e757-419f-8670-988f25e69ac0,mediaspeech,../data/mediaspeech_ar/AR/a63af31c-e757-419f-8670-988f25e69ac0.flac,,الواقع النفط وواقع الغاز وبالتالي هي تريد اخراج روسيا ايضا من سوريا ومن لبنان وتريد منع الشركات الروسيه والايرانيه والصينيه وحتي الغربيه والعربيه من الدخول لاعاده اعمار سوريا,,-0.001925,low
473f5fed-7108-424e-a9a5-517b638d00ea,mediaspeech,../data/mediaspeech_ar/AR/473f5fed-7108-424e-a9a5-517b638d00ea.flac,,ما انا بقول لحضرتك عشان يبقي في اماكن لعلاج الامراض الاخري يعني في ناس عايزه تعمل عمليات يعني انا افهم طيب لماذا طب ثواني حضرتك تحدثتي عن مبني مكون من اتناشر طابق علي مساحه ارض كبيره يعني هو مش مستشفي مظبوط مبني,,0.632433,mid
83b53e79-7eab-48e3-92fd-3c93014667f3,mediaspeech,../data/mediaspeech_ar/AR/83b53e79-7eab-48e3-92fd-3c93014667f3.flac,,مشكله كبيره تمثل الهواجس الامنيه لدي ترامب وادارته ولدي الجمهوريين حلفائه في الكونجرس ومن ثم هم يسعون الي تشديد هذه العقوبات المفروض,,-0.000717,low
40fcb43c-9dba-40b8-8443-4ab1f19bfbec,mediaspeech,../data/mediaspeech_ar/AR/40fcb43c-9dba-40b8-8443-4ab1f19bfbec.flac,,ظاهره يعني موجوده بكثره في المغرب ولكن نلاحظها لما نتجول في الشوارع وكيف يتعامل المغاربه مع المهاجرين جنوب الصحراء او حتي وهذا وهذا وهذا هذا الموضوع هذا الموضوع,,0.026112,low
cf92d21f-0f1f-46d4-84fb-2168c0e02c53,mediaspeech,../data/mediaspeech_ar/AR/cf92d21f-0f1f-46d4-84fb-2168c0e02c53.flac,,لغايه هاي اللحظه ما اخذت نص راتب في الشهر الا اللي تابعين للضمان التابعين للضمان شو اعطوهم مئتين وعشرين دينار ايش بيسوي انا كموظف يعني راتبي كامل وكل شيء تمام يعني بس,,0.974463,high
f25f8473-18cf-4048-b840-578a10fa0fca,mediaspeech,../data/mediaspeech_ar/AR/f25f8473-18cf-4048-b840-578a10fa0fca.flac,,هناك وعي من طرف الدول الاقليميه واخص هنا بالذكر العربيه السعوديه ودوله الامارات اان هذه الحرب مع استمرارها بدات تستنزف,,-0.004475,low
8a78f7bc-f661-4508-ac63-6b33258c7393,mediaspeech,../data/mediaspeech_ar/AR/8a78f7bc-f661-4508-ac63-6b33258c7393.flac,,تستغرق يعني ما يتراوح بين عشره او عشرين دقيقه بهذه اللحظه القصيره تكون المنظومه عرضه للضرب من الجو او حتي من الارض يعني ما هي الاجراءات اللازمه التي,,0.117246,low
fd8bd8c5-9dfd-4d7f-91cb-45cb4f84b18e,mediaspeech,../data/mediaspeech_ar/AR/fd8bd8c5-9dfd-4d7f-91cb-45cb4f84b18e.flac,,حوار العراقي الامريكي و ما العوامل المتحكمه في معالم هذا الحوار و ما خلفيه التحذيرات الجديده من عوده الهجمات الارها,,-0.00576,low
1e1958d8-4e58-4d7f-9336-f00283f587c4,mediaspeech,../data/mediaspeech_ar/AR/1e1958d8-4e58-4d7f-9336-f00283f587c4.flac,,في السوق و فيه طلب علي الطاقه النظيفه س سيستمر الحقيقه بوتيره اسرع خاصه اذا راينا اسيا بشكل خاص و اذا نظرنا الي الهند اذا نظرنا الي الباكستان بين,,0.007371,low
1e20d044-58ee-4f99-8bf7-20cc1dd7d5d5,mediaspeech,../data/mediaspeech_ar/AR/1e20d044-58ee-4f99-8bf7-20cc1dd7d5d5.flac,,عندي لما في مصلحه لابناء بعلبه الهرمن ولما في من تامين حياه كريمي في المستقبل طيب معالي الوزير في عقده هون ا المزارع كما قلت هو الحلقه الاضعف يعني اقل واحد يستفيد عمليا من زراعه المخدرات,,0.403014,mid
80b98a53-0baf-47d6-816d-990f0fbbd399,mediaspeech,../data/mediaspeech_ar/AR/80b98a53-0baf-47d6-816d-990f0fbbd399.flac,,تفاديا للتنقلات العشوائيه التي قد تكون سببا في تفشي الوباء لماذا لان المواطن مثلا الذي سيخرج بسيارته من المنزل اا يحمل معه بطاقه الوطنيه,,0.007386,low
b76a8c21-e8cc-416d-897b-cfb0ffee0142,mediaspeech,../data/mediaspeech_ar/AR/b76a8c21-e8cc-416d-897b-cfb0ffee0142.flac,,لما لطالبان سحب قوات ومعدات من السعوديه يريد ان ينسحب من سوريا يريد ان ينسحب من من العراق لم يواجه ايران عندما قصفت بقيق في السعوديه وتوقف خمسه بليما من انتاج العالم فلهذا السبب,,0.001503,low
4501ec42-5bd4-4b4d-9f1a-549e40b7d1b4,mediaspeech,../data/mediaspeech_ar/AR/4501ec42-5bd4-4b4d-9f1a-549e40b7d1b4.flac,,تمام طيب هناك امور شابت هذه الجلسه جلسه البرلمان يعني الامانه العامه للمجلس اعلنت لم يكتمل النصاب بنمره واحد نمره اتنين هناك شهادات من اعضاء نواب تم,,0.32207,low
431ce215-9938-45bb-97f2-bd5d83279516,mediaspeech,../data/mediaspeech_ar/AR/431ce215-9938-45bb-97f2-bd5d83279516.flac,,حقك ااا في مكانها في مكانها ومهمه لا هو طبعا النظام السياسي والاجتماعي الامريكي هو مناهض للسود والاقليات بشكل واضح يعني نظام اسسه الانجلوساكسونز البيض المهاجرين من ار,,0.136698,low
917f529a-8ba6-48c5-bb03-dabdd1160f83,mediaspeech,../data/mediaspeech_ar/AR/917f529a-8ba6-48c5-bb03-dabdd1160f83.flac,,ان هذا اجتماع تقني ليس فيه السياسيين ولا سفراء انا كل في كل مناصبي في الامم المتحده كنت بصفتي الشخصيه وليست ممثله عن دوله ولم يكن في فريقي ممثلين عن دول,,0.074782,low
0543031c-0d1d-410e-b5ea-3f784d10e244,mediaspeech,../data/mediaspeech_ar/AR/0543031c-0d1d-410e-b5ea-3f784d10e244.flac,,انواعها من الاطعمه اللذيذه بالطبع و المحببه تناولها البعض ايضا يعتبرها وجبه مفضله امام التلفاز و ايضا في الرحلات و الضيافه فعلا يا ماهيري لكن كثير كمان يجهلون قيمتها الغذائيه العاليه,,0.124074,low
3c8f5fc9-2f75-4d8d-90a8-3f268830a68f,mediaspeech,../data/mediaspeech_ar/AR/3c8f5fc9-2f75-4d8d-90a8-3f268830a68f.flac,,دكتور كريم اعتذر دكتور احمد هناك نقطه لها علاقه بنشرت اكثر من مره من اكثر من طبيب علي موقع النقابه ان هناك دفع من جانب الوزاره ان يتم لجوء الاطباء علي علاجهم اما يعني بانفسهم بامكانياتهم الذاتيه,,0.012825,low
c91081c1-051c-45ec-a25d-55bd8a6868d0,mediaspeech,../data/mediaspeech_ar/AR/c91081c1-051c-45ec-a25d-55bd8a6868d0.flac,,كان عبد الله وطلع عبد الاله مثلا نزل نواف فواد وعبده عبد الله عطيف خارج الملعب فاعتقد بيكون فيه فراغ في المحور صحيح وكان يمكن يقدر يستعين بسلمان ولكن يمكن بيستفيد من,,0.54356,mid
f760afc1-c80f-4b98-bc8b-756f61e6d260,mediaspeech,../data/mediaspeech_ar/AR/f760afc1-c80f-4b98-bc8b-756f61e6d260.flac,,تقوم به تركيا في ليبيا من اجل عدم رغبتها في رؤيه علاقات جيده بين ليبيا وبين روسيا هذه نقطه اثارها الدكتور نزار قبل قليل,,-0.004202,low
8dba9ae1-679d-4f71-8659-ae98abc765bb,mediaspeech,../data/mediaspeech_ar/AR/8dba9ae1-679d-4f71-8659-ae98abc765bb.flac,,انما وطات العقوبات ملموسه اولا كل ما يحصل في ايران وفنزويلا سببه العقوبات الامريكيه يعني المشاكل التي تواجهها و هذه لا نستطيع ان,,0.00448,low
a04e98ae-439d-41a4-938b-2653d6f5454d,mediaspeech,../data/mediaspeech_ar/AR/a04e98ae-439d-41a4-938b-2653d6f5454d.flac,,في مصر بالعكس ده القانون بيلزم صانع القرار انه هو يشارك نقابه الاطباء ونقابات المهنه الطبيه والانتقاد هو حق اصيل لنقابه الاطباء وفي نفس الوقت هو واجب عليها لان هو,,0.480523,mid
709027a0-22e5-49b8-96e9-f26601fbe8bf,mediaspeech,../data/mediaspeech_ar/AR/709027a0-22e5-49b8-96e9-f26601fbe8bf.flac,,بكل اطيافهم بكل اقاليمهم ولكن هناك تركيا التي لا تريد بالمطلق لان تكون هنا لان يكون هناك حل حقيقي في ليبيا لان اطماع تركيا,,-0.000174,low
bb4324f8-85f1-4cf3-a87e-55c8b2545d6b,mediaspeech,../data/mediaspeech_ar/AR/bb4324f8-85f1-4cf3-a87e-55c8b2545d6b.flac,,اااا سوف تدعم الاقتصاد بشكل قوي جدا وسوف تخلق وظائف كثيره ا جدا ولا اعتقد ان تحدي فقط احنا نقوم فيه باعاده هيكله العديد من الصفقات العسكريه بحيث انها تكون مربوطه,,0.121774,low
ac0ea0b3-fabd-497f-86a6-42d19b0edd16,mediaspeech,../data/mediaspeech_ar/AR/ac0ea0b3-fabd-497f-86a6-42d19b0edd16.flac,,من الان الي خمسطعشر سنه مثلا خطه خمس سنين عشر سنين اربعطعشر سنه طبعا مباشره سوف يعاد تجربه الخطه الخمسيه بناء بناء علي يتوافق مع الرؤيه,,0.083207,low
8f92c98b-5dcf-4963-bf28-18a3cc2e83e4,mediaspeech,../data/mediaspeech_ar/AR/8f92c98b-5dcf-4963-bf28-18a3cc2e83e4.flac,,قانونا وقر هذا القانون ورساله العمليات المشتركه التي هي اعلي قياده عسكريه لدينا تحدثت عن قدرتها علي مكافحه الارهاب وعن عدم حاجتها للجانب الامريكي بل خوفها وخشيتها,,-0.0043,low
c4fcb978-55aa-48b3-9552-8da7c30f291a,mediaspeech,../data/mediaspeech_ar/AR/c4fcb978-55aa-48b3-9552-8da7c30f291a.flac,,في واحد واتنين لم يكن لموازين القوه ان تتغير بهذا الشكل الا بعد استعانه الحكومه المعترف بها دوليا بتركيا اضافه الي ما قالوا انه مرتزقه من خارج ليبيا,,0.425563,mid
b94c198b-b9f2-4cf1-85d5-fb3b8233b310,mediaspeech,../data/mediaspeech_ar/AR/b94c198b-b9f2-4cf1-85d5-fb3b8233b310.flac,,الا تعتقدون ان هذا تحول نوعي لان الكثيرون لان الكثيرين يعتقدون بان الامنيستي تركز علي بلدان العالم الثالث او البلدان الضعيفه البلدان التي يعني,,0.004862,low
939e98ce-06e8-4256-a5d4-30a0c639dced,mediaspeech,../data/mediaspeech_ar/AR/939e98ce-06e8-4256-a5d4-30a0c639dced.flac,,سوي اللقاءات المحاوله الوحيده التي جرت في موسكو لاعلان وقف اطلاق النار و فشلت هذه المحاوله و بالتالي عسكريا علي الارض تركيا واجهت الميليشيات الروسيه و جري سحبها في بعض الاماكن جري ضرب المسيرات التركيه,,0.020082,low
285e450e-7b9d-4bac-9299-d531af69f7c0,mediaspeech,../data/mediaspeech_ar/AR/285e450e-7b9d-4bac-9299-d531af69f7c0.flac,,يعني يعني هذا الموضوع حتشيته اكثر من مره ما اريد اخوظ به حقيقه هو شنو سبب ما سبب لكن اقول لك اني احترم قرار السيد وزير السابق شعرت في الاحباط اكيد شوف استاذ اشرف يعني,,0.63727,mid
60a234ea-b9bc-4ffa-87bd-e1326d60deb6,mediaspeech,../data/mediaspeech_ar/AR/60a234ea-b9bc-4ffa-87bd-e1326d60deb6.flac,,كفاءه في مجال استخدام مختلف المنظومات للدفاع الجوي من قبل العسكريين الروس والسوريين فهم كانوا يحاربون طائرات مسيره من اصناف متدوعه وايضا من,,-0.003613,low
c3977515-0238-487f-bbec-fca986174069,mediaspeech,../data/mediaspeech_ar/AR/c3977515-0238-487f-bbec-fca986174069.flac,,غاز في المستقبل وما هي نسبه السياسه في متر الغاز المكعب الواحد مشاهدينا الكرام احييكم وارحب بكم معنا في حلقه جديده من برنامج ابعاد,,0.085908,low
60456218-1029-429a-8c2f-8762d102ac7d,mediaspeech,../data/mediaspeech_ar/AR/60456218-1029-429a-8c2f-8762d102ac7d.flac,,لابعد من اهدافها المعلنه هل تمثل تطبيقات الرصد الالكتروني انتهاكا لحقوق الانسان هذه نقطه حوار جديده انا محمد عبدالحميد وسائل الاتصال هي المعتاده علي الهاتف,,-0.004582,low
c93d9e30-ab94-4736-95b3-4423e5eb4d73,mediaspeech,../data/mediaspeech_ar/AR/c93d9e30-ab94-4736-95b3-4423e5eb4d73.flac,,يبعثون بهم يعني كما كان يبعثون سابقا الي الباديه كي يتعلم الانسان الحياه الخشنه والفصاحه فهؤلاء يبعثون بهم الي اسرائيل كي,,0.013862,low
7c8c3fd1-6c6c-4d54-89ea-92b1f9f8fdb8,mediaspeech,../data/mediaspeech_ar/AR/7c8c3fd1-6c6c-4d54-89ea-92b1f9f8fdb8.flac,,خطه تنميه خلف منطقه في منطقه خلف خلف السد العالي وقول ان انا هعمل مجتمع عمراني جديد وبعد كده اطرح فكره اي فكره بعد كده يعني هو ده العدل يعني اطرح اي فكره بعد ما تعمل تنميه,,0.719913,high
c48a5f5b-1b41-442c-80b1-17746e61bbd1,mediaspeech,../data/mediaspeech_ar/AR/c48a5f5b-1b41-442c-80b1-17746e61bbd1.flac,,اا معلنه ما بين الشركات ما بين فرنسا و ايطاليا علي شركات النفط و استثمار حقول النفط كانت توتال تريد ان تحل محل الشركات الايطاليه المستعمره في في,,0.052805,low
30c8c861-8ac1-4615-84a2-edd5791a39c0,mediaspeech,../data/mediaspeech_ar/AR/30c8c861-8ac1-4615-84a2-edd5791a39c0.flac,,تاثيرا ايجابيا فوريا ايضا نظرنا في المشاريع التي ستساعد في حال حدوث موجه انتشار ثانيه البعض يركز علي تغليف الاسطح بماده قاتله للفيروس او استخدام الليزر لفحص,,-0.005489,low
a73f4e82-5632-48d1-a757-7c818c97791e,mediaspeech,../data/mediaspeech_ar/AR/a73f4e82-5632-48d1-a757-7c818c97791e.flac,,في الامم المتحده و التفاوض علي الدستور وبعد ذلك يكون هناك تشكيل للحكومه لكل الليبيين طيب دكتور خلدون اا ما رايك يعني حتي ان ان ان نقفل هذا الجانب المتعلق بالاداره,,0.086779,low
215c9065-df88-4c79-84cd-c79f0b02eabf,mediaspeech,../data/mediaspeech_ar/AR/215c9065-df88-4c79-84cd-c79f0b02eabf.flac,,يقولوا كثيرون ان هي مجرد اا او ليس مجرد هي هي تراكمات لاحداث كثيره وليس فلويد فقط وليس السيده التي تتحدثي عنها فقط هي سنوات كثيره من ممارسات مشابهه الان الرئيس يقول ان ا هذي التظا,,0.030457,low
efd31e8c-bfcd-478b-bdbd-a4a59d0ef589,mediaspeech,../data/mediaspeech_ar/AR/efd31e8c-bfcd-478b-bdbd-a4a59d0ef589.flac,,الحشيشي موجوده بسهول بعلبك الهرمل وفي كل عام تزرع وتسوق ولكن الحلقه الاضعف يكون المزارع لانه المزارع بيلاقي يمكن اسهل شي يزرع هيدي الزراعه ولكن,,0.486758,mid
62bf19a3-b985-4926-b48c-b1965f3de4e9,mediaspeech,../data/mediaspeech_ar/AR/62bf19a3-b985-4926-b48c-b1965f3de4e9.flac,,الحقوق الدستوريه الامريكيه حول نعم والانتهاكات الدستوريه وكيف هناك قوانين مثل قانون الف وتمنميه وسبعه اللي اعتمدوا الرئيس ترامب قبل ان يعتمده الرئيس,,0.261907,low
68faf62d-06b4-4d7b-a778-d06f09f5a077,mediaspeech,../data/mediaspeech_ar/AR/68faf62d-06b4-4d7b-a778-d06f09f5a077.flac,,ال اجنبي بخاصه روسي تركي يمكن وسينتهي الي تفاهمات بالنهايه ما بين هذين الطرفين الذين يسعيان بشكل واضح الي اقصاء كل الاطراف ال الاخري,,0.020124,low
e7493703-d6b0-45b9-bda6-361447c86a9d,mediaspeech,../data/mediaspeech_ar/AR/e7493703-d6b0-45b9-bda6-361447c86a9d.flac,,الولايات المتحده بانها يعني لم تكن دبلوماسيه في هذا الملف وايضا يعني تعاملت مع مصر معامله تفضيليه اذا جاز التعبير هل هذا دقيق برايك,,0.022298,low
f1a02148-d9d4-4970-9e21-15192ca274d3,mediaspeech,../data/mediaspeech_ar/AR/f1a02148-d9d4-4970-9e21-15192ca274d3.flac,,في ذلك هي التي تعطي الضوء الاخضر لهذه الدول انا اخص اقول عن تركيا اتحدث عن تركيا والان هم يدفعوا يعني طيب عفوا يدعمون حركه الوفاق اما,,0.352897,mid
81d190c8-b454-4537-a41a-32cb766f58e7,mediaspeech,../data/mediaspeech_ar/AR/81d190c8-b454-4537-a41a-32cb766f58e7.flac,,القادمه ثم نبدا ببرامج اخري لخمس سنوات اللي تليها الرؤيا فيها افكار جميله ورائعه جدا كيف ستضمنون تطبيق هذه الافكار وكيف حتسوون رقابه,,0.191265,low
9373b600-a707-41c5-aab5-e2f6c307881f,mediaspeech,../data/mediaspeech_ar/AR/9373b600-a707-41c5-aab5-e2f6c307881f.flac,,مره اخري الي الجيش كل هذا بصراحه اصبح في خبر كان والسبب هو موقف الحكومه المعترف بها دوليا او بعض افرادها خليني اكون واضحه من الامارات هل صحيح انه حضرتك انقلبت علي الامارات بعد اجتماع لك مع السيد الاحمر,,0.271367,low
30c531a5-f2f1-4ee3-a026-1730862c2135,mediaspeech,../data/mediaspeech_ar/AR/30c531a5-f2f1-4ee3-a026-1730862c2135.flac,,حده فان الناس يحتاجون فقط لجهاز يساعدهم علي التنفس لاحظنا بسرعه ان المهمه هي انتاج الاكسجين اولا ثم ايصاله لرئه المريض فكرنا بطريقه لانتاج الاكسجين,,0.028675,low
5862df8b-2995-4878-8509-7a5ba04caaf0,mediaspeech,../data/mediaspeech_ar/AR/5862df8b-2995-4878-8509-7a5ba04caaf0.flac,,اتل هذه اختفت حسب الادوار التكتيكيه اللي هي مسنده من جهه من ناحيه المدرب للاعب فبالتالي الشكل الجماعي للمنتخب كان جيد لكن انت اليوم ما سجلت و استقبلت يعني انا بالنسبه لي المنتخب السعو,,0.449888,mid
91e6097a-a916-497f-a772-ea33ca4f36f1,mediaspeech,../data/mediaspeech_ar/AR/91e6097a-a916-497f-a772-ea33ca4f36f1.flac,,سوريه او في اليمن او في ليبيا للاسف لا يوجد ثبات للخارطه تشكيله الوحدات يعني عندما اتحدث في سوريا اجد هناك تناقضات وتحالفات كذلك في ليبيا لا يعني ما اقوله الان,,0.016173,low
208431b6-d701-4801-884a-9bdb6550f2b8,mediaspeech,../data/mediaspeech_ar/AR/208431b6-d701-4801-884a-9bdb6550f2b8.flac,,تركيا الي الداخل الليبي بطلب من حكومه الوفاق الي اي مدي اليوم ليبيا والليبيين بحاجه الي مساعده دول جوار حتي يخرجوا من المازق,,0.054122,low
63144fac-0ea5-410d-9f8d-29d303000241,mediaspeech,../data/mediaspeech_ar/AR/63144fac-0ea5-410d-9f8d-29d303000241.flac,,تقنيه المعلومات والاتصالات في الاردن جزيل الشكر و اريد ان اتحول بلد اخر لقطر علي وجه التحديد لان قطر من الدول الخليجيه التي لديها,,-0.000857,low
fe9581aa-3dff-4b75-ae56-4b76abad4c18,mediaspeech,../data/mediaspeech_ar/AR/fe9581aa-3dff-4b75-ae56-4b76abad4c18.flac,,هذا شيء مضحك يعني في العلاقات الدوليه انه نحن نلتزم بالكلمه واذكر الاخ الكريم ان هذا الحديث يتردد من عشر سنوات واذكره بزياره ملا الزيناوي الراحل الي,,0.09162,low
4ef3def6-4627-43a6-b908-f6e518c6b4ce,mediaspeech,../data/mediaspeech_ar/AR/4ef3def6-4627-43a6-b908-f6e518c6b4ce.flac,,تصويب البنادق في وجوهنا من اجل مشاريع سياسيه ضيقه لديك مجلس النواب لديك عمليه نريد الان ان نخلق قاعده ديمقراطيه لاي مكون كان سواء الحوثيين او الانتقالي او اي,,-0.003393,low
5c9fcaa5-fafd-4794-a5d5-08e8b4a68bc2,mediaspeech,../data/mediaspeech_ar/AR/5c9fcaa5-fafd-4794-a5d5-08e8b4a68bc2.flac,,تلزم بعد فتره اا الاتفاقيات كثيره سعوديه موقعه عليها في الواقع اا منح حق المواطن مش منح حق المواطنه اعطاء حق المواطن المملكه السعوديه المملكه العربيه السعوديه قدمت في,,0.14898,low
b88d9c63-b177-4c2a-af3c-4c15b6e42529,mediaspeech,../data/mediaspeech_ar/AR/b88d9c63-b177-4c2a-af3c-4c15b6e42529.flac,,المباراه ودار المباراه بطريقه فنيه استفاد من مباراه دوري المجموعات للمنتخب السعودي كانت قراءه مدرب البحرين للمنتخب السعودي قراءه اكثر من نجح بها مدرب نجح فيها بشكل كبير لانه هو,,0.001877,low
69448839-b90c-4676-8f0b-8acf3eaba2e8,mediaspeech,../data/mediaspeech_ar/AR/69448839-b90c-4676-8f0b-8acf3eaba2e8.flac,,السلطات الايرانيه نفت علاقه هذه الامور ولكن الجميع يعلمون ان ايقاف السفينه كان سببها ايقاف سفينه بريطانيه وبريطانيا تضررت اكثر من,,-0.003539,low
18c06999-d12f-49c1-80e3-9bd6b8e11409,mediaspeech,../data/mediaspeech_ar/AR/18c06999-d12f-49c1-80e3-9bd6b8e11409.flac,,تقارير عن انتهاكات حقوق الانسان في الولايات المتحده عدا عن هذه الحادثه او عدا عن التقرير الذي ذكرتموه في اغسطس الماضي هل هنالك يعني باستمرار,,-0.005455,low
6b9045ea-4aef-4c8b-9d81-068e16910647,mediaspeech,../data/mediaspeech_ar/AR/6b9045ea-4aef-4c8b-9d81-068e16910647.flac,,اي بس نقول القنب الهندي القنب الهندي يزرع باثنين وستين دوله في العالم ومعظمها من الدول المتقدمه والمتطوره صناعيا ومن الدول الموجوده علي مسرح العالم ل,,0.445568,mid
39299bcb-e8ee-4334-bb71-6507d145580e,mediaspeech,../data/mediaspeech_ar/AR/39299bcb-e8ee-4334-bb71-6507d145580e.flac,,الحل الحل اولا الحل الحل الامني نعم اذا المجتمع الدولي جاد في حلحلت وحل الازمه الليبيه عليه ان ان يفكك الميليشيات عليه لا يمكن ان نذهب الي الحل السياسي ما معني الحل السياسي خلنا نشخص,,0.151192,low
9d6d7205-3a3b-4fd1-a134-4bd94f17cddf,mediaspeech,../data/mediaspeech_ar/AR/9d6d7205-3a3b-4fd1-a134-4bd94f17cddf.flac,,الاجهزه الامنيه ممكن تستخدمها ضدنا و تعتقلنا و ممكن لو لازم الامر تعمل تصفيه جسديه لنا انا ما عنديش ثقه اساسا في الاجهزه الامنيه,,0.431778,mid
d8136e87-691b-4367-a1ed-71d503fd6d0e,mediaspeech,../data/mediaspeech_ar/AR/d8136e87-691b-4367-a1ed-71d503fd6d0e.flac,,التدريب والتسييح والتجهيز طيب هل هنالك خبراء عسكريين ايضا من الجانب الايراني يتواجدون في العراق فيم فيما يخص الجانب لتقديم المشوره شوف احنا تربطنا علاقه طيبه مع الجمهوريه الاسلاميه الايرانيه,,0.191183,low
5099bfa0-97e1-4f1b-a31f-92ad6ee028ea,mediaspeech,../data/mediaspeech_ar/AR/5099bfa0-97e1-4f1b-a31f-92ad6ee028ea.flac,,ديمرداش رئيس المجلس التصديري للصادرات الزراعيه اهلا وسهلا بحضرتك اخيرا الاستاذ حسن عبدالعزيز رئيس اتحاد مقاولي التشييد والبناء السابق اهلا وسهلا بحضرتك يا اهلا بيك اهلا بيكم جميعا,,0.414733,mid
864b54fe-16b8-4bcd-9972-edb6754b4a43,mediaspeech,../data/mediaspeech_ar/AR/864b54fe-16b8-4bcd-9972-edb6754b4a43.flac,,بصراحه اثبت ان الاهداف الرئيسيه انذاك التي جاء الي هي تحالف دعم الشرعيه منها اعاده الشرعيه منها مكافحه التواجد الايراني في اليمن ومنها ايضا اعاده الامن,,0.085919,low
220c30f4-29dc-4761-86c5-2204bcd4cea7,mediaspeech,../data/mediaspeech_ar/AR/220c30f4-29dc-4761-86c5-2204bcd4cea7.flac,,الان ينضم الي عبر خدمه الانترنت من المملكه المتحده السيد سلطان العبدلي المحامي والنشط السياسي مدير مركز الجزيره العربيه لتعزيز الحريات اهلا وسهلا بحضرتك الثابت حتي هذه اللحظه ان وزير الماليه تحدث عن ان,,0.126732,low
771e50f2-01bb-42c1-9868-990878638e32,mediaspeech,../data/mediaspeech_ar/AR/771e50f2-01bb-42c1-9868-990878638e32.flac,,اه الخطاب العنصري لا يشتمل فقط علي ترامب حتي لو طرحوا هناك العديد من الليبراليين والديمقراطيين ايضا يتحدثون بلهجه عنصريه استطيع ان اؤكد لك من قراءته,,0.011266,low
645a06e1-f136-4d2d-bc4b-4c14febeac5f,mediaspeech,../data/mediaspeech_ar/AR/645a06e1-f136-4d2d-bc4b-4c14febeac5f.flac,,فاقدت المصداقيه علي لغه الارقام تلاته وخمسين بالميه من تجارتنا الخارجيه قبل الحرب علي سوريا كانت مع الاتحاد الاوروبي هذا الذي يعتبر تابعا تبعيه زيديه للولايات المتحده الامريكيه الان بدانا,,0.192616,low
321d1169-c987-4461-a977-58ee9a7708a2,mediaspeech,../data/mediaspeech_ar/AR/321d1169-c987-4461-a977-58ee9a7708a2.flac,,في هواتف المحموله علي وجه التحديد تبعث هذه المعلومات للجهات المعنيه وهذه وفقا لما يقوله البعض هي اكثر الطرق انتهاكا,,-0.003065,low
ddf3bd13-6cf9-4d4d-8050-ec502b00d8d8,mediaspeech,../data/mediaspeech_ar/AR/ddf3bd13-6cf9-4d4d-8050-ec502b00d8d8.flac,,اه هي يعني ليس لديها ما تحارب به فنقابه الاطباء يعني بتستخدم اي شيء اعلامي علشان يعني تقاوح قصاد قصاد الحكومه لكن كخطط حقيقيه,,0.727963,high
e23d5f8a-2569-47b9-a8e5-d82cf4586a20,mediaspeech,../data/mediaspeech_ar/AR/e23d5f8a-2569-47b9-a8e5-d82cf4586a20.flac,,ثانيه مسال فيو فاا مثل ما قلت الوقت ما زال مبكرا بعض الشيء لكن غالبيه المتظاهرين يبدا تكاثرهم حوالي الساعه الرابعه الي الساعه الخامسه مساء,,0.246815,low
48510a1c-6e36-4095-8864-cbdaaa35f5c2,mediaspeech,../data/mediaspeech_ar/AR/48510a1c-6e36-4095-8864-cbdaaa35f5c2.flac,,للنوبه القديمه و اليوم و بعد اكثر من سته و خمسين عاما علي هذه الذكري هل حصل النوبيون المهجرون علي حقوقهم هذا ما نعرفه اليوم مع المحامي الاستاذ محمد عزمي اهلا,,0.051654,low
3b8de799-16d6-4931-a8a9-e3766dd66075,mediaspeech,../data/mediaspeech_ar/AR/3b8de799-16d6-4931-a8a9-e3766dd66075.flac,,احسن بالاعلانات هل يمكن استعملها لاغراض اخري قد يكون مقلقا حتي استهدافك باشهار او باعلان فما بالك اذا تم استهدافك بخدمه غير مرغوب فيها تتعلق بسلوك,,0.078446,low
4d4ee294-d6d6-40db-bb35-a06bbcd4ae2f,mediaspeech,../data/mediaspeech_ar/AR/4d4ee294-d6d6-40db-bb35-a06bbcd4ae2f.flac,,بنتكلم علي طول اه لسواء ال المجلس الوزراء او الوزير المختص ثاني يوم بتتحل و دي يا ريت يبقي ده النهج بتاع ال ال سرعه حل المشاكل بالنسبه لي,,0.928229,high
a2d9e4ee-55e7-4a25-b454-c2689f506756,mediaspeech,../data/mediaspeech_ar/AR/a2d9e4ee-55e7-4a25-b454-c2689f506756.flac,,البند التاسع في القرار اللي انا اشرت اليه لسيادتك له في كالعاده المنشور البند التاسع بيقول ايه بيقول ان يلتزم الطرف الثاني اللي هو الهيئه هيئه اللي هي الشركه الوطنيه,,0.483953,mid
d3cc3853-c8b9-43d4-83ac-fc77c1c9fe50,mediaspeech,../data/mediaspeech_ar/AR/d3cc3853-c8b9-43d4-83ac-fc77c1c9fe50.flac,,يعود الاستقرار الداخلي و الثقه الان ما في ثقه يعني حتي المشكله الرئيسيه ما في ثقه في حكومه ترامب عند معظم الامريكان ما في ثقه في الشرطه في ادارات الشرطه لان ادارات الشرطه,,0.32123,low
f5f9494d-b0e9-4d09-acab-87997b8469fe,mediaspeech,../data/mediaspeech_ar/AR/f5f9494d-b0e9-4d09-acab-87997b8469fe.flac,,اربع نقاط المستلزمات الوقائيه وجاهزيه المستشفيات خصوصا مستشفيات العزل اجراءات اختبارات للاطقم الطبيه بي سي ار تخصيص اماكن لعزلهم المساواه مع من قضوا بسبب كورونا من الفرق الطبيه بالشرطه وال,,0.015094,low
67860571-5915-4165-afc1-26ceb35e253a,mediaspeech,../data/mediaspeech_ar/AR/67860571-5915-4165-afc1-26ceb35e253a.flac,,ان مفهوم مفهوم الحقوق بالنسبه للنوبيين واحنا ما بنطلبش حاجات كتيره يعني احنا مش مش يعني هيهي الفكره فكره التعويضات دي فكره ان احنا ناس ضحينا بمستقبلنا مستقبل عيالنا,,0.776462,high
71165b39-99f1-449b-832a-060a9dd0e512,mediaspeech,../data/mediaspeech_ar/AR/71165b39-99f1-449b-832a-060a9dd0e512.flac,,يعلم الجميع ليست لديها اي نوايا في في ليبيا وهي علي مسافه واحده مع جميع الاطراف وبالتالي فهي الشريك الموثوق فيه ليس بالنسبه لليبيين فقط وانما حتي الاطراف المتدخله الاطراف الاقليميه,,-0.001699,low
7321de87-e319-435c-9e52-066c45da62c5,mediaspeech,../data/mediaspeech_ar/AR/7321de87-e319-435c-9e52-066c45da62c5.flac,,الجغرافيا اللبنانيه و هي اليوم ترتد بشكل كبير وصلت الفكره علي الشعب اللبناني لبنان اليوم مطوق امام مقاطعه عربيه امام مقاطعه دوليه و امام مقاطعه من المجتمع المدني وصلت الفكره بالتالي ان لم يتغير السلوك الدا,,0.109275,low
0b8ea57d-3e15-4cbb-a385-df6858a2ce18,mediaspeech,../data/mediaspeech_ar/AR/0b8ea57d-3e15-4cbb-a385-df6858a2ce18.flac,,اذا كان في هناك وقت ضائع و هو سقوط اللاعب للعلاج كان يجب ان يعوض هذا الوقت و يضيفه علي الوقت الضائع اللي تم اضافته فبالتالي هو اخذ من ست دقائق اعتقد الي الي ثمان دقائق في هذا جيد,,0.135145,low
450bf351-b8bf-4e43-b49e-f03e994e7b22,mediaspeech,../data/mediaspeech_ar/AR/450bf351-b8bf-4e43-b49e-f03e994e7b22.flac,,اللي هي تمانيه في الميه من البنوك دي بتسهل لهم امور و ويعني اعتقد ان دي المفروض انها تساعدهم علي انهم برضو مده التاخير ما تباش كبيره يعني هل ال هل السوء العقاري يا استاذ حسن هل السوء العقاري في م,,0.833885,high
8d77e646-deba-4b34-b4bf-f6c202d8c7fa,mediaspeech,../data/mediaspeech_ar/AR/8d77e646-deba-4b34-b4bf-f6c202d8c7fa.flac,,محدش بيملك صكوك الوطنيه الطبيب اللي واقف في مستشفي عزل النهارده وحاطط روحه علي كفه هو الحقيقه الوطن المتمثل فيه ولا لا مجال للمزايده علي دور الطبيب وهو الطبيب ما طلبش فلوس وما طلبش,,0.789981,high
8de96b7c-462a-40f4-b70b-fafc75af1d25,mediaspeech,../data/mediaspeech_ar/AR/8de96b7c-462a-40f4-b70b-fafc75af1d25.flac,,كرها و لكن السبب ان الولايات المتحده تريد فرض سياساتها علي الدول الاخري و هناك دول لا تقبل ا فرض السياسات الامريكيه عليها و تواجه هذه السياسات و لهذا تقوم الو,,-0.000921,low
f5d7ab18-ced0-4e8c-9664-78516cf76e98,mediaspeech,../data/mediaspeech_ar/AR/f5d7ab18-ced0-4e8c-9664-78516cf76e98.flac,,ومن هذا الطرف بالذات هو اللي خلي الميليشيات المسلحه تتغول وتمتلك السلاح ال المتقدم والمتطور وصل حتي بالطائرات المسيره يعني خلال الثلاثين سنه الماضيه الان,,0.246108,low
9e9cf58c-2a96-49e9-aa7d-d0ae31a03a04,mediaspeech,../data/mediaspeech_ar/AR/9e9cf58c-2a96-49e9-aa7d-d0ae31a03a04.flac,,النفط الايراني فهل يمكن ان تفشل الان ان لجات اليها واشنطن طبعا بعد خطوات مجلس الامن في فرض حظر جديد علي توريدات الاسلحه الي ايران,,0.000748,low
7ec4f12f-6693-4e03-8c9b-0b48a195ffe8,mediaspeech,../data/mediaspeech_ar/AR/7ec4f12f-6693-4e03-8c9b-0b48a195ffe8.flac,,تاكيد مستشار مرشد الجمهوريه الايراني حسين دهقان ان واشنطن ابلغت بلاده بانه لن تضع اي عوائق امام دخول السفن الايرانيه للمياه الفنزويليه فيما ي,,-0.003284,low
1cc02bb2-e860-4c2a-9689-16f893c02360,mediaspeech,../data/mediaspeech_ar/AR/1cc02bb2-e860-4c2a-9689-16f893c02360.flac,,مباشر احيانا و في لقطات مسجله احيانا اخري كيف يتعامل الرئيس و هو عليه ايضا جزء من المسؤوليه ان يحمي اا المواطنين الامريكيين كيف يجب ان يتعامل طيب حتي في البث اللي انت شفته ده دائما في,,0.435956,mid
80e36db2-d6a3-4484-9a88-527d05a5ac33,mediaspeech,../data/mediaspeech_ar/AR/80e36db2-d6a3-4484-9a88-527d05a5ac33.flac,,اقتصاديه وماليه ونقديه خانقه هناك مشكله كبيره لا الاموال المودعه في المصارف لا يستطيع احد الحصول عليها وبالتالي اا هناك تجاذب كبير في لبنان لان العدد الاكبر من هذه الاموال,,0.001622,low
b1b57e9c-96f5-4c27-ab7e-0bf96a7e925c,mediaspeech,../data/mediaspeech_ar/AR/b1b57e9c-96f5-4c27-ab7e-0bf96a7e925c.flac,,المؤسسات الدوليه مثل منظمه الصحه العالميه منظمه حقوق الانسان حتي الهيئه حتي هيئه الامم المتحده حتي المبعوث الاممي لدي الامم المتحده في اليمن لم,,-0.001684,low
d2df743e-21ca-42da-bb12-fdeaaf4a09d2,mediaspeech,../data/mediaspeech_ar/AR/d2df743e-21ca-42da-bb12-fdeaaf4a09d2.flac,,تعاطي الاداره الي الان مع الازمه لكن انا اريد ان ابدا بطريقه مخاطبه الغاضبين علي وجه التحديد لانها تكررت اكثر من مره خلال البرنامج ان دونالد ترامب,,0.072877,low
942c013e-5561-48f9-adb7-4cd56a0bfcc2,mediaspeech,../data/mediaspeech_ar/AR/942c013e-5561-48f9-adb7-4cd56a0bfcc2.flac,,مجلس الامن معترف بها من كل المؤسسات الدوليه وهو قائد عام بقرار من مجلس النواب الليبي وهو يقوم بمعركه واجبه بناء علي دعوات الشعب الليبي وبناء علي دعوات القائد الاعلي للقوات المسلحه اللي هو مجلس النواب,,0.102715,low
f6e219f9-0e4c-4318-9c4d-757291edcdfb,mediaspeech,../data/mediaspeech_ar/AR/f6e219f9-0e4c-4318-9c4d-757291edcdfb.flac,,هناك يعني فترات عرفتها عرفها المجتمع الالماني فيما يخص الفكر النازي او الفكر المتطرف اليميني ان المانيا يعني تاريخيا ان العنصور,,0.029239,low
f06290fb-8768-4fb1-abe7-e27e52da3ca1,mediaspeech,../data/mediaspeech_ar/AR/f06290fb-8768-4fb1-abe7-e27e52da3ca1.flac,,انها لا تترجم ولا تن لا تنفذ كما تريد اوروبا لانهم ايضا احد الاسباب انهم غير موجودين علي الارض وغير نشطاء في الوقت الاخير بسبب تفشي,,0.048944,low
8099e089-70dc-423e-8991-cdf999a1fbfb,mediaspeech,../data/mediaspeech_ar/AR/8099e089-70dc-423e-8991-cdf999a1fbfb.flac,,يتعاونوا بالصوره المطلوبه يعني في ظل هذه الجائحه والتي هي فعلا تهدد اليمن وتهدد جيرانها وتهدد الصحه عالميا ولكن باعتقادي انه المملكه,,0.137129,low
93bfe22e-0b37-4615-9d72-46ae3fcbaa86,mediaspeech,../data/mediaspeech_ar/AR/93bfe22e-0b37-4615-9d72-46ae3fcbaa86.flac,,الثامن و العشرين من مايو قاربت العشرين الف مصاب بفيروس كورونا و ثمانمائه و سته عشره وفاه من بينهم و احدي عشره وفاه من الاطقم الطبيه و مائتين و احدي و تسعين اصابه اما النقابه,,0.023661,low
c851efca-a58d-4465-9e21-310ae4a9f1c3,mediaspeech,../data/mediaspeech_ar/AR/c851efca-a58d-4465-9e21-310ae4a9f1c3.flac,,ما ما اقدرش اضمن لحد انا ما اقدرش انا اقول لحد انا انا ضامن لك يعني ايه الدوله و تحركات الدوله في اتجاه الملف النوبي دائما يعني يعني سلبيه او مش سلبيه دائما ضد,,0.546278,mid
26060c09-f6fc-45ee-af6e-f90d9c260971,mediaspeech,../data/mediaspeech_ar/AR/26060c09-f6fc-45ee-af6e-f90d9c260971.flac,,سفننا سبق وان احتجزت الناقله الايرانيه التي عرفت وقتها بجريس واحد قباله سواحل جبل طارق في تموز يوليو العام الماضي بناء علي طلب امريكي وكان المبرر وقتها,,-0.000639,low
1518e684-a86d-4af0-aa15-48a44cc32ba3,mediaspeech,../data/mediaspeech_ar/AR/1518e684-a86d-4af0-aa15-48a44cc32ba3.flac,,اشتد التخريب وبعدين تمشي او بتخرب وتدخل وتسرق لكن ما بتجيب الناس ونحن حقيقه التركيز علي موضوع التخريب ده حتي نحن ما بنحب نتكلم عنه ولا بنحب نركز عليه ولا انه بيخلي المستمع او المشاهد,,0.844803,high
34dc0e68-91b0-4f72-bf62-1919624bf659,mediaspeech,../data/mediaspeech_ar/AR/34dc0e68-91b0-4f72-bf62-1919624bf659.flac,,ااااا روسيا ولا تكون اي دوله نحن نتمني منذ بدايه نحن كلييبين نتمني ان تكون كل دول ه دول الجوار هذه ان تكون اطراف فاعله حقيقيه ولكن ما شاهدناه خلال السنوات الماضيه,,0.064465,low
a173c221-1f1f-4e8f-83f2-317f5831d5c4,mediaspeech,../data/mediaspeech_ar/AR/a173c221-1f1f-4e8f-83f2-317f5831d5c4.flac,,التزامكم تجاه التحالف العربي والمجتمع الدولي في مكافحه الارهاب نحن حاولنا ان نثبت اولا وجودنا داخل مسرح العمليه,,-0.000766,low
3f0ca6cb-66cb-4b8d-b5b7-d5cdf5984538,mediaspeech,../data/mediaspeech_ar/AR/3f0ca6cb-66cb-4b8d-b5b7-d5cdf5984538.flac,,لقتال دام منذ العام الفين وحدعش حتي الان في مواجهه الدواعش ومواجهه الاخوان ومواجهه الجماعات المسلحه عودنا المشير اركان خليفه حفتر بان دائما في جعبته الكثير,,0.005114,low
64191c75-e994-4ced-83a1-97244a242953,mediaspeech,../data/mediaspeech_ar/AR/64191c75-e994-4ced-83a1-97244a242953.flac,,كهرباء او المشتقات النفطيه يستفيد منو الاثرياء اللي مفروض ما يستفيدون من هذا الا تخشي انه هذه الفئه المتمكنه انها تبدي غضب من هذه السياسه والله بطبقها علي نفسي,,0.452477,mid
46df7e6d-da59-44b2-878b-3abb38d872b5,mediaspeech,../data/mediaspeech_ar/AR/46df7e6d-da59-44b2-878b-3abb38d872b5.flac,,ااا بتعاطي مخدراتي بهيدي المنطقه تزرع الحشيشه ولكن ابنائها لا يتعاطونها لذلك الهدف من زراعتها الان ومستقبلا خلال قنب الهندي هو العيش,,0.28363,low
bf4dbb8c-cd41-4c94-9f6f-89f63b806d71,mediaspeech,../data/mediaspeech_ar/AR/bf4dbb8c-cd41-4c94-9f6f-89f63b806d71.flac,,و لكن المطلوب اكثر ان تعطي لهما الصلاحيه بالضرب بيد من حديد لكل من تسول نفسه الاخلال بالسلم الاهلي حاله البلد ال ال السياسيه الامنيه تحت اي,,0.02286,low
b58fc720-5604-4435-9307-a5a9ef68eeee,mediaspeech,../data/mediaspeech_ar/AR/b58fc720-5604-4435-9307-a5a9ef68eeee.flac,,ولا لنا شان بالقطاع الخاص نحن ندير هذا الحوار بشكل مهني ونحترم وجهات نظركم اعود مره اخري الي ضيفي سيد سلطان العبدلي ما تعليق حضرتك علي ما ورد طبعا انا يعني يعني احب ان اوضح,,0.234873,low
8b46a54d-2754-4667-9088-e75b22843154,mediaspeech,../data/mediaspeech_ar/AR/8b46a54d-2754-4667-9088-e75b22843154.flac,,عميد يحيي انرت و اهلا بك علي شاشه ار تي شكرا تقديري استاذ اشراف لحضرتك و لكل متابعي قناتكم تمنياتي لكم بالموفقيه و النجاح ان شاء الله عميد يحيي,,0.086004,low
cb35d977-10d1-453b-9448-f6671ecea3bd,mediaspeech,../data/mediaspeech_ar/AR/cb35d977-10d1-453b-9448-f6671ecea3bd.flac,,بهذه بعض الاراء التي تعكس توجهان متوازيان في الواقع لهذا الحوار رصدهما زميلي محمود القصاص شكرا جزيلا لمحمود الان اتحول لضيفي عبر خدمه سكايب من عمان اللواء الدكتور فايز الدويري الخبير العسكري والاست,,-0.000118,low
6d3b88dd-7dcd-4367-9662-82f463075159,mediaspeech,../data/mediaspeech_ar/AR/6d3b88dd-7dcd-4367-9662-82f463075159.flac,,الوديه العصيه وكان هذا المسمي الذي يطلقه انصاره علي هذه القاعده ان تسقط هذه القاعده في يد قوات البركان في ساعات هذا اثر علي نفسيه انصاره وعلي جنوده,,0.001957,low
96ad7b22-8ec2-4350-be56-a19075623b97,mediaspeech,../data/mediaspeech_ar/AR/96ad7b22-8ec2-4350-be56-a19075623b97.flac,,تم ايقافه من قبل الانتقالي ليس اننا لا نستطيع الدخول لعدن عسكريا ولكن لا نريد ان ان نسفك الدماء في هذه الاوقات طب اذا كان هناك مجلس انتم تعتبرون انه مجلس لا يمثل الجنوب وليست لديه القوه ولا الشرعيه,,0.045431,low
eadd9400-0ab0-4d80-878c-a4096015472c,mediaspeech,../data/mediaspeech_ar/AR/eadd9400-0ab0-4d80-878c-a4096015472c.flac,,المجتمع الواحد اا فما ذنب الانسان الامريكي او ما ذب الانسان اذا خلق اسود او اذا خلقت بشرته سوداء اا فهو بالنتيجه هو مواطن يتمتع بحقوق,,0.028847,low
72259a8c-7511-42a5-b4af-337f0e9457da,mediaspeech,../data/mediaspeech_ar/AR/72259a8c-7511-42a5-b4af-337f0e9457da.flac,,ازرع هذا العام منهم اربعين الف هيك اربعين الف هكتار وهذا خلل خلل حصل بسبب ارتفاع سعر المدخلات الزراعيه الادويه والاسمده والبذوره وما شابه ذلك هذا ادي لتراجع مساحه,,0.318935,low
5bbe57ca-77e1-4713-a657-8bd9d31190dc,mediaspeech,../data/mediaspeech_ar/AR/5bbe57ca-77e1-4713-a657-8bd9d31190dc.flac,,ااااا مركز او متحف يستطيع ان يثري ثقافته في الاسلام من خلال المملكه العربيه السعوديه هذا امر غير منطقي تماما وهذا يدل علي الشح في الخدمات الثقافيه,,0.012065,low
0568c265-7539-44c7-88df-ecd0da79a4ba,mediaspeech,../data/mediaspeech_ar/AR/0568c265-7539-44c7-88df-ecd0da79a4ba.flac,,فالتراجع وقبل قيصر قبل هذا الارهاب الاقتصادي ولا استخدم كلمه عقوبات وحصار هي تتنافي مع الماده تسعه وتلاتين وواحد واربعين من ميثاق الامم المتحده هناك,,0.007956,low
fa40c35f-e437-4f4f-bfac-78160040d42a,mediaspeech,../data/mediaspeech_ar/AR/fa40c35f-e437-4f4f-bfac-78160040d42a.flac,,لنا عبدالكريم محمد جودان امريكي من اصل صومالي كان معي مباشره من منيابليس جزيل الشكر وخلينا نتحول لبعض الاتصالات الهاتفيه محمد اا من تكساس علي وجه التحديد امريكي لكن من اصول,,0.199553,low
4fe844bf-63db-4c3a-a4cb-25aef356289a,mediaspeech,../data/mediaspeech_ar/AR/4fe844bf-63db-4c3a-a4cb-25aef356289a.flac,,حضرت وعدم دعمه لحكومه الوفاق الوطني لكن اعتقد ان الان هناك امكانات لحدوث وقف لاطلاق النار وهذا ما تريده امريكا طبعا كل المواقف التي صدرت حتي الان عن مسؤولين في حكومه,,0.009105,low
ba037c65-c18c-43a1-aeff-d27d2f41f89f,mediaspeech,../data/mediaspeech_ar/AR/ba037c65-c18c-43a1-aeff-d27d2f41f89f.flac,,يعني هذه ازمه اصلا يواجهها الصحفيون في كل انحاء العالم مش بس في مصر لو سمحت ان تبقي معي دكتور احمد دكتور محمود سعداوي من الشرقيه دكتور محمود اهلا وسهلا اهلا بك اهلا بيكي الله يخليك هل قامت الوزاره والدوله بدورها بواجبها تجاه,,0.508992,mid
949482f8-2545-4ab3-ba6a-a3f6238fd4bc,mediaspeech,../data/mediaspeech_ar/AR/949482f8-2545-4ab3-ba6a-a3f6238fd4bc.flac,,هو الذي حرف البوصله وحرف مسار التحالف وبحمد الله تم التوقيع في نوفمبر علي اعاده هذه الجهود والان نحن بصدد هذا بس حضرتك لم تقل ذلك امام الامم المتحده,,0.154484,low
10113931-c959-4d6b-afd4-77492aa9e868,mediaspeech,../data/mediaspeech_ar/AR/10113931-c959-4d6b-afd4-77492aa9e868.flac,,الاقتصاد او في الاسباب يجب ان يعتمد علي ربط السبب في النتيجه نحن لا ننكر علي الاطلاق انه لدينا مشاكل اقتصاديه كبيره لدينا ارتفاع في الاسعار لكن هذا يجب ان لا نفصله نهائيا عن بلد,,-0.004311,low
154e982f-a4f6-43c3-a4f0-e38457c9afbe,mediaspeech,../data/mediaspeech_ar/AR/154e982f-a4f6-43c3-a4f0-e38457c9afbe.flac,,ما راي حضرتك فيما استمعنا اليه وسؤالي المتعلق باوجه صرف انفاق تؤثر علي الميزانيه العامه في نهايه كل عام لها علاقه بحرب ممتده منذ سنوات باجراءات لها علاقه بين يوم,,-0.000217,low
1dd5cd23-d30b-4c8a-afc9-a704de7bae81,mediaspeech,../data/mediaspeech_ar/AR/1dd5cd23-d30b-4c8a-afc9-a704de7bae81.flac,,المنتخب السعودي ونادي اتحاد جده فواز القرن ودافع ابن السابعه والعشرين عن مرمي المنتخب في خمس مباريات امام الكويت والبحرين وعمان في دوري المجموعات وامام قطر في المربع الذهبي والبحرين في النهائي وتلقت شبا,,-0.003235,low
d7d999eb-3cea-46ec-994b-c22646efa88e,mediaspeech,../data/mediaspeech_ar/AR/d7d999eb-3cea-46ec-994b-c22646efa88e.flac,,الامريكيه الي السواحل الفنزويليه هل يعني ذلك انه كان هناك ضوء اخضر امريكي اه اولا الموضوع الانساني هو منتفي بشكل كامل دعنا نكون,,0.006677,low
0ed7101d-e9ef-4cdb-adfa-06802100cf12,mediaspeech,../data/mediaspeech_ar/AR/0ed7101d-e9ef-4cdb-adfa-06802100cf12.flac,,زيزي وابقي سالما وبخير اا ارجوك خلال هذه الازمه ااا محمد كان معي من تونس لكن نحن بحاجه ان اولا نفهم الوضع تقنيا ونحاول ان نحمي انفسنا تقنيا خاصه اذا كانت هذه التطبيقات ي,,0.27661,low
9a43df5a-d656-4854-b095-ee116c431e05,mediaspeech,../data/mediaspeech_ar/AR/9a43df5a-d656-4854-b095-ee116c431e05.flac,,ااا التاثير والنفوذ الايراني في المنطقه وهي تفعله كما تريد وتتعامل معه كما تريد وهي يعني تبعت برسائل الي ما ما مراكز القرار العربي والاوروبي و,,0.114574,low
3278d100-c3d7-450a-b4fe-6084fb216d14,mediaspeech,../data/mediaspeech_ar/AR/3278d100-c3d7-450a-b4fe-6084fb216d14.flac,,كما اللي عند مجلس النواب اللي عند المجلس الرئاسي يعني مجلس النواب منذ الالفين واربعتاش قامت جماعه الاخوان المسلمين والميليشيات المسلحه في طرابلس باعلان حرب وسميت في ذلك الوقت بحرف فجر ليبيا هذه الشرعيه الشعبيه,,0.267178,low
557a5c6f-d796-4a9c-8886-f9abf108a7aa,mediaspeech,../data/mediaspeech_ar/AR/557a5c6f-d796-4a9c-8886-f9abf108a7aa.flac,,شوف عنده تشكيله اساسيه عنده ورقتين الي ثلاثه في الاحتياط يستعين فيها دائما في الشوط الثاني هذا اللي ما شفناه مع ريناد يعني غير كثير الي الان ما عرفنا من اللاعب الاساسي من اللاعب اللي ينزل ويغير المباراه لازم تبان حمزه المكاسب,,0.697883,high
d805f562-eb50-48b9-a0e6-1fde12a065f5,mediaspeech,../data/mediaspeech_ar/AR/d805f562-eb50-48b9-a0e6-1fde12a065f5.flac,,يا نافين و نتمني ن تغير صرخته هذه حتي للاسف و ان كان الثمن حياته كما ذكرنا ان تغير من الواقع اللي رصدتيه و رصده كثيرون يعني نافين انا اشكرك نافين كانت تتحدث الي,,0.356748,mid
203026bb-4a28-41bc-be8d-b50e9fa3935a,mediaspeech,../data/mediaspeech_ar/AR/203026bb-4a28-41bc-be8d-b50e9fa3935a.flac,,اي مكون اخر ويجهز مشروعه السياسي باي كيفيه يريدها مكفوله بالدستور ويعرضها علي الجمهور وان والله لقي شعبيه واصبح له مقاعد في في البرلمان لما لا هذا هو,,0.313197,low
9a4a8c47-e2c1-4339-9884-4ba860d26365,mediaspeech,../data/mediaspeech_ar/AR/9a4a8c47-e2c1-4339-9884-4ba860d26365.flac,,المملكه العربيه السعوديه علاقتنا بها قويه سنكون الي جانبهم ومعهم و الي جانبهم باستمرار هل الامارات هي من تدعمكم في حروبكم او في قراراتكم حتي السياسيه نحن حتي,,0.120429,low
7001a37c-d210-480c-b4fc-f216db0c9e35,mediaspeech,../data/mediaspeech_ar/AR/7001a37c-d210-480c-b4fc-f216db0c9e35.flac,,قدم في كل مجال من ضمنها الصحه وهذي احدي المؤشرات لقياس جوده الصحه رفاهيه المعيشه فيما يتعلق بالسكن انتم تقولون حسب الرؤيه سمو الامير انه س,,0.133105,low
e3bb09f9-8673-4c4e-97b2-f4d8369e7c8d,mediaspeech,../data/mediaspeech_ar/AR/e3bb09f9-8673-4c4e-97b2-f4d8369e7c8d.flac,,تبدا الام ان بتسمح لطفلها يختار شو بدو ياكل ا هلا انا بقول دايما للعيال ان البيت مش مطعم يعني في وجبه بالبيت المفروض الطفل ياكلها اذا ما اكلها ما بي,,0.857725,high
379f1155-7999-4753-9047-12bbbf798a9b,mediaspeech,../data/mediaspeech_ar/AR/379f1155-7999-4753-9047-12bbbf798a9b.flac,,ولكن في اللحظات الاخيره لم تفلح محاولات المنتخب السعودي لتسجيل هدف التعادل ليطلق بعدها الحكم صافره النهايه معلنا فوز البحرين باول بطوله خليجيه في تاريخها,,-0.004917,low
0be608de-0e63-4192-95a2-7d4ea671bd34,mediaspeech,../data/mediaspeech_ar/AR/0be608de-0e63-4192-95a2-7d4ea671bd34.flac,,اا الاستيراد من لبنان وايضا عم عم نتواصل مع المصانع الغذائيه لانه نحن بالمرحله القادمه نحن يعود عنا استيراد من الخارج لذلك عم نقول له وسعوا خلينا نزيد الصناعات,,0.575566,mid
a7fd9e7e-4c3f-4869-98cf-da13fa872358,mediaspeech,../data/mediaspeech_ar/AR/a7fd9e7e-4c3f-4869-98cf-da13fa872358.flac,,فبس والله هذا بس يثقلك يعني ان شاء الله لنا ان شاء الله نبدي في البطولات الثانيه و الله المباراه حلوه و قدم المنتخب السعودي لكن اللي هي كذا كره فوز و خساره يعني مره لك و مره عليك الحمد لله علي كل حال,,0.752451,high
d25731b3-e927-4c8d-b25b-9abc3b32c7ab,mediaspeech,../data/mediaspeech_ar/AR/d25731b3-e927-4c8d-b25b-9abc3b32c7ab.flac,,بو قعده اهلا بكم بكم جميعا في هذا الحوار اسمحوا لي ان ابدا مع السيد محمود المصراتي استاذ محمود الازمه الليبيه تحولت من ازمه داخليه بين الافرقاء الليبيين,,0.230664,low
b2f9c453-6d73-4152-953e-ea4812d94ea9,mediaspeech,../data/mediaspeech_ar/AR/b2f9c453-6d73-4152-953e-ea4812d94ea9.flac,,رئيس الحكومه السابق سعد الحريري من الواضح ان ال السياسه التي ينتهجها الرئيس حسان دياب منذ ان تولي اا سده رئاسه الحكومه او بالاحري منذ ان,,0.001632,low
85374977-e831-4c34-87c3-6490e9231c9b,mediaspeech,../data/mediaspeech_ar/AR/85374977-e831-4c34-87c3-6490e9231c9b.flac,,الدولي دافعا باتجاه حل سياسي خاصه وان الاخبار بعد مؤتمر المانحين وبالتزامن مع مؤتمر المانحين تتحدث عن ضغط من قبل بعض العواصم الاوروبيه علي وجه التحديد,,-0.004814,low
d43b77ef-9942-4114-a86a-3198673b43fb,mediaspeech,../data/mediaspeech_ar/AR/d43b77ef-9942-4114-a86a-3198673b43fb.flac,,نقول للمنتخب السعودي هارد لكم نقول للمنتخب البحريني الف مبروك بطوله مستحقه للجهد اللي سوي طول البطوله اا بصراحه لا اليوم اا كان في بعض الاخطاء من من السيد رينار,,0.538326,mid
7836f2ad-273a-4a48-8df0-9943d433f256,mediaspeech,../data/mediaspeech_ar/AR/7836f2ad-273a-4a48-8df0-9943d433f256.flac,,وكاله انباء الشرق الاوسط هناك السيد امير نبيل ارحب بكم ايضا ضيفي الكريمين وابدا معك سيد نبيل بسؤال عن الجديد فيما تحمله هذه التشريعات يعني كل مره نسال ان العقوبات التاليه هي,,0.039691,low
37413007-41ea-4eb8-bd83-11760c4b7d95,mediaspeech,../data/mediaspeech_ar/AR/37413007-41ea-4eb8-bd83-11760c4b7d95.flac,,ال الوضع اكثر من احتوائه خاصه ان وزير الدفاع نفسه يقول انه لا يؤيد فكره فرض قانون مكافحه التمرد او تدخل الجيش في هذا التوقيت طبعا ما في انسان,,0.078072,low
90073f34-5162-4b79-920d-059e302b5ed2,mediaspeech,../data/mediaspeech_ar/AR/90073f34-5162-4b79-920d-059e302b5ed2.flac,,حضور او نقابه او غيره من المقرات فتعرف مكانه سواء حتي ان كان الغرض غرض اخر ومن يضمن ان المعلومات ستستخدم فقط من قبل السلطات الطبيه وليس علي سبيل المثال من قبل المخابرات لقمع,,-0.001969,low
4c6b24fb-886d-426a-a750-a24712bfec3f,mediaspeech,../data/mediaspeech_ar/AR/4c6b24fb-886d-426a-a750-a24712bfec3f.flac,,ين ببساطه ودمجهم في جهود لمكافحه الكورونا وبدء دراسه النظام الجديد الذي قد يكون له مزايا يعني الحقيقه مش عايز اعلئ عليه لانها هو الحقيقه مش وقت لنقاش فال فال في الكلام ده اصلا هو بس لاننا تحدثنا عن نقاط الاتفاق فكان ي,,0.571841,mid
2972b17f-bb5d-4240-b808-9e86fca2e748,mediaspeech,../data/mediaspeech_ar/AR/2972b17f-bb5d-4240-b808-9e86fca2e748.flac,,جنبلاط والسيد طلال ارسلان هل يمكن ان نعمل بالامر وضده هل يمكن ان نختلف بحال لم تتم الامور كما يجب ام ان نسعي الي وحده الكلمه وان ندعو الي الحوار الرئيس بري معروفه,,0.018726,low
082ee27c-001a-4fe4-afa1-28fa5cb58a4c,mediaspeech,../data/mediaspeech_ar/AR/082ee27c-001a-4fe4-afa1-28fa5cb58a4c.flac,,استمعنا وحتي في بدايه البرنامج حاولت انا بشكل بسيط ان اعرض بعض طرق عمل هذه التطبيقات لكن اريد منك توضيح مبسط ارجوك كي كي نفهم كيف تعمل هذه التطبيقات ولماذا,,-0.003257,low
aa2c9c00-fa82-4aba-8c00-603a59be5e4a,mediaspeech,../data/mediaspeech_ar/AR/aa2c9c00-fa82-4aba-8c00-603a59be5e4a.flac,,اليوم كان هناك اجتماع للقيادات النقديه والمصارف النقديه لوضع خطه للتعامل انا اقترح مباشره الحقيقه كان لي دوري بالاقتراح بالتعامل مع عملات الدول الصديقه امريكا واوروبا لم تعد,,-0.004595,low
0f9cb451-b953-4b44-b7f2-fa55ae822625,mediaspeech,../data/mediaspeech_ar/AR/0f9cb451-b953-4b44-b7f2-fa55ae822625.flac,,فقط للترويج لذاته كل ذلك تبعات فقط لايام وليالي متتاليه من الغضب والتظاهر وحظر التجوال والعنف الذي انفجر بعد مقتل جورج فلويد الامريكي الاسود,,0.004061,low
bffad449-fc35-444c-bf2e-00d17b95ebeb,mediaspeech,../data/mediaspeech_ar/AR/bffad449-fc35-444c-bf2e-00d17b95ebeb.flac,,اختفي المليار و بعد كذا ثم يودع بعض المليارات و تختفي هنالك ايضا في مشكله ضمن الحكومه الشرعيه الحكومه الشرعيه زي ما ذكر استاذ الباقي شمسان لديها ايضا مشكله و لكني انا اقول لك,,0.447365,mid
84aa0f4a-ea61-4a58-a016-5ca1c12f6f5c,mediaspeech,../data/mediaspeech_ar/AR/84aa0f4a-ea61-4a58-a016-5ca1c12f6f5c.flac,,مع من مع من نقاتل اذا اذا كان هو قد انسحب من هذه المحاور هذه ربما تمهيد او تحضير ل ل ل ساعود مع حضرتك الي نقطه المقاتلين الي جانب قوات الحكومه,,0.021284,low
6c193b14-3624-4033-bd7b-a42b632ff951,mediaspeech,../data/mediaspeech_ar/AR/6c193b14-3624-4033-bd7b-a42b632ff951.flac,,و لم تطبق منذ اليوم الاول لكن طبقت عندما وصل الامر لارقام كبيره جدا في دول الخليج و هناك ضروره حقيقيه حتي اذا اعترفنا تقييد بعض التحركات و الحريات و بعض,,-0.003198,low
140c64ed-8f67-4a2c-8bb0-3ffa7ffa7030,mediaspeech,../data/mediaspeech_ar/AR/140c64ed-8f67-4a2c-8bb0-3ffa7ffa7030.flac,,الكاتب والمحلل السياسي ماك شارق ارحب بكم ضيفي وابدا مع ضيفي من بغداد سيد عباس بالسؤال عن يعني وضوح الاجنده من قبل الجانب العراقي في تحديد الملفات المطروحه علي هذا الحوار يعني,,-0.004645,low
8fe4afd8-3c32-404a-a700-9597beede06f,mediaspeech,../data/mediaspeech_ar/AR/8fe4afd8-3c32-404a-a700-9597beede06f.flac,,دول وليسوا ليضعوا سياسات لانه هدا غير ممكن توضع سياسي واحد من اللاعبين بيئول لا وئفه اللعبه خبراء فنيين وهنالك منهم بالولايات,,-0.003187,low
5b0902f4-cc52-4be8-a5fc-ad1debddbd32,mediaspeech,../data/mediaspeech_ar/AR/5b0902f4-cc52-4be8-a5fc-ad1debddbd32.flac,,اا حجم الصادرات من مائتين و سبعه و ثمانين الف برميل في شهر مارس الي نحو سبعين الف برميل في شهر ابريل يعني طيب لماذا قد تغامر واشنطن الي الدخول في مواجهه عسكريه و التصدي لهذه الناقلات بي,,0.067694,low
20c88f8f-c556-4e3a-a6e7-9a6f5606fb87,mediaspeech,../data/mediaspeech_ar/AR/20c88f8f-c556-4e3a-a6e7-9a6f5606fb87.flac,,دوله ليبيه والان لا يوجد اصلا دوله ليبيه هناك ثلاث اطراف وكلنا نعرف ذلك وحكومات مختلفه وكلها بسبب الولايات الولايات المتحده الامريكيه التي تدخلت منذ,,0.003976,low
548770a2-d048-4b57-acb0-eea71347e8a3,mediaspeech,../data/mediaspeech_ar/AR/548770a2-d048-4b57-acb0-eea71347e8a3.flac,,القوي السياسيه التي تقف في جبهه المعارضه لحكومه ال الرئيس حسان دياب وللقوي السياسيه التي شكلتها في الباطن طبعا هو يصوب بشكل اساسي ومباشر علي,,0.007201,low
05037d76-6d1b-4042-9b48-1953cbfbfd24,mediaspeech,../data/mediaspeech_ar/AR/05037d76-6d1b-4042-9b48-1953cbfbfd24.flac,,مع حضراتكم الي اا الطرح الذي ترصده لنا زميلتي ساره فياض عن اتجاهات الحوار عبر مواقع التواصل الاجتماعي اا والتي هي اا يعني دائره منذ فتره كما في مشاركتكم,,0.026115,low
b39a1eff-81b1-4596-b49b-83fb8aa6a58e,mediaspeech,../data/mediaspeech_ar/AR/b39a1eff-81b1-4596-b49b-83fb8aa6a58e.flac,,مايزالون يشاركون في المظاهرات وليس فقط في منيسون و مينيسوتا وفي مختلف اماكن البلاد وايضا في مختلف دول العالم فهم يناقشون هذه المشكله ليس فقط هنا بل في حوالي جميع نقاط,,0.010088,low
8d119119-4b99-4bfd-b909-15eab25872b3,mediaspeech,../data/mediaspeech_ar/AR/8d119119-4b99-4bfd-b909-15eab25872b3.flac,,الاوراق علي المستوي الاقليمي لذلك الحل اليمني يوجد في طهران اكثر منه في عدن او في صنعاء او في اي عاصمه اخري اشكرك من الرياض عفوا من باريس المحلل السياسي مصطفي الطوسه وطبعا من الرياض اشكر ضيفي,,0.000352,low
c77e5626-fd62-44d4-9165-7af74e90eb71,mediaspeech,../data/mediaspeech_ar/AR/c77e5626-fd62-44d4-9165-7af74e90eb71.flac,,سلوك النظام ولا يريد تغيير النظام ولعلك استمعت قبل ذلك محمد الي نفس الخطاب تقريبا فيما يتعلق بنظام صدام حسين او فيما يتعلق بنظام القذافي للقول ان لا,,-0.000396,low
e0d9c006-6774-401f-8e0b-f5f3aadcafda,mediaspeech,../data/mediaspeech_ar/AR/e0d9c006-6774-401f-8e0b-f5f3aadcafda.flac,,المملكه العربيه السعوديه تدعم حتي في المناطق المسيطر عليها الحوثي وسمحت بان يسيطر الحوثي علي ميناء الحديده يعني نرجع عسكريا حتي تتم ايصال المساعدات فمعناته انو,,0.225545,low
25a0d6ac-4faf-488d-965b-62b5a609bd3b,mediaspeech,../data/mediaspeech_ar/AR/25a0d6ac-4faf-488d-965b-62b5a609bd3b.flac,,لابد ان تبقي في اليمن حتي يتم يكون هش و ضعيف لذلك تسويه سياسيه علي هذه الشاكله التي تريدها ا طبعا هناك مصالح استراتيجيه للسعوديه و الامارات في اليمن تم الان هم يحاولون ا يعني,,0.470508,mid
038a547d-2a5d-44c4-99f9-0a2223bb31a2,mediaspeech,../data/mediaspeech_ar/AR/038a547d-2a5d-44c4-99f9-0a2223bb31a2.flac,,القياده العامه للقوات المسلحه اللل المتمثله في المشير خليفه حفتر علي علي علي ذكر هذا التفويض يا سيدي الفاضل استاذ مجدي نعم نعم علي ذكر هذا التفويض ما انطباعاتك عن التفويض باعلان حفتر نفسه حاكما وحيدا وما اثيرع,,0.058076,low
e3258a6e-f6b2-4f91-af45-8c474438a129,mediaspeech,../data/mediaspeech_ar/AR/e3258a6e-f6b2-4f91-af45-8c474438a129.flac,,انا تعليقي الاول قلت فيه ان المشكله الاساسيه هو ان هناك تعددا للاطراف الاجنبيه الذين يتدخلون في الداخل الليبي والشؤون الداخليه لليبيا كما قال,,0.001575,low
55a1c90d-567c-4df5-8d4a-0e50a5f1d078,mediaspeech,../data/mediaspeech_ar/AR/55a1c90d-567c-4df5-8d4a-0e50a5f1d078.flac,,الداخل الليبي و حتي العوامل الدوليه و استمرار الدعم و تحييد القرارات الدوليه بعدم تصدير السلاح هناك طيف من الدول تدعم حفتر هناك دول اا اقل عددا تدعم,,-0.003267,low
c6a1c5de-bcc0-408e-aa64-0732bff3d296,mediaspeech,../data/mediaspeech_ar/AR/c6a1c5de-bcc0-408e-aa64-0732bff3d296.flac,,هناك خطط وضعت خلال الايام الماضيه لمواجهه هذا الاجراء الامريكي هذا الارهاب الاقتصادي الجيش الامريكي لا يزال موجود في منطقه الامن الغذائي السوري و النفطي,,-0.004581,low
d1276c2d-e5fe-4df6-ba3a-137b12c9b457,mediaspeech,../data/mediaspeech_ar/AR/d1276c2d-e5fe-4df6-ba3a-137b12c9b457.flac,,عموميات فيما يتعلق باداء وفاعليه منظومه بانسر للدفاع الجوي في ليبيا ماذا يعني ان تصاب عده قطاعات من هذه المنظومه في ليبيا من قبل,,-0.003477,low
cfe30cdd-c39a-4707-b987-cf868092a56b,mediaspeech,../data/mediaspeech_ar/AR/cfe30cdd-c39a-4707-b987-cf868092a56b.flac,,الجمهوريه العربيه السوريه فخلال عامين هذه القاعده الجويه الروسيه لا طائره مسيره واحده ولا طائره حربيه واحده لم تخترق الاجواء وهذا يعني,,0.01648,low
fd075019-7145-449e-865c-0b832a99c4e7,mediaspeech,../data/mediaspeech_ar/AR/fd075019-7145-449e-865c-0b832a99c4e7.flac,,لجحافل من الاشخاص المسلحين وان كانوا في الظاهر غير مسلحين ولكنهم اا يعني يتبعون الي الي احزاب معينه ودعني اقولها بشكل واضح وصريح ينتمون الي حزب الله وحركه امل رايناهم,,0.101262,low
1a0f6ad5-05a2-46fd-b631-769aaf6f1c9f,mediaspeech,../data/mediaspeech_ar/AR/1a0f6ad5-05a2-46fd-b631-769aaf6f1c9f.flac,,و المناخ بشكل عام بيساعد لذلك انه بيقوم باي باي منطقه بس و لكن لن تكون يعني مساحات كبري في تحديد حيكون لكل مزارع ايض ايضا هناك هيئه ناظمه ستن,,0.378071,mid
3dcfd593-a651-437b-930c-1ebb2e40c312,mediaspeech,../data/mediaspeech_ar/AR/3dcfd593-a651-437b-930c-1ebb2e40c312.flac,,العنصريه الناعمه اللي اللي موجوده في كل مجتمعاتنا العربيه اللي يقول لك الكلمه هاذي ما نقصدش بها نعت عنصري اللي انا معناها قاعد معناها انعتك بصيفات جميله,,0.705564,high
ed05c4bf-db66-4b48-ae60-320dee392807,mediaspeech,../data/mediaspeech_ar/AR/ed05c4bf-db66-4b48-ae60-320dee392807.flac,,عندما بدانا بتحضير هذا الامر وجدنا انه اليوم في عندنا مائه وعشره الاف هكتار هنه بحاجه لاستصلاح اليوم عندنا نحن بلبنان مائتين وثمانين الف هكتار هنه صالحين للزراعه هنه جاهزين لم,,0.397306,mid
895ed2e1-7dff-4d5c-b482-03e015de6035,mediaspeech,../data/mediaspeech_ar/AR/895ed2e1-7dff-4d5c-b482-03e015de6035.flac,,فايروس متل لحنستورد هيدي الشتول من خارج لبنان نحن صار عندنا حقول امهات هدي و اشت اا هدي انعمل بالتعاون مع القطاع الخاص والقطاع العام كوزاره زراعه نحنا,,0.731538,high
de9639f1-aaec-45a2-994d-b52800be8192,mediaspeech,../data/mediaspeech_ar/AR/de9639f1-aaec-45a2-994d-b52800be8192.flac,,لم نسمع سيد شماير موقفا واضحا من اداره الرئيس ترامب فيما يتعلق بهذه المبادره لماذا برايك هل من الممكن ان نسمع اي شيء في هذا الموضوع في الفتره القادمه,,-0.005121,low
6e4aefff-04d1-4ab0-abc6-86d78959ca53,mediaspeech,../data/mediaspeech_ar/AR/6e4aefff-04d1-4ab0-abc6-86d78959ca53.flac,,اا كان ممكن انت تستغني عن عبد اللالاه المالكي وتخلي عبد الله لان الادوار الهجوميه كنت تحتاجها والادوار الهجوميه موجوده عند عبدالله اكثر من ما هي موجوده عند عبد اللالاه جيد اعتقد كابتن انه كما اضطر,,0.189241,low
9519097c-afb7-406d-8318-9175dea2e1d6,mediaspeech,../data/mediaspeech_ar/AR/9519097c-afb7-406d-8318-9175dea2e1d6.flac,,نعم تويتر هذه الجمل اذا المساله هي مساله قانونيه وبالتالي علي اولئك الذين يغردون علي تويتر التفكير انهم لا يغردون في بيوتهم وانما,,0.012118,low
1c8bf00d-940a-4986-8180-ba981ac57b1d,mediaspeech,../data/mediaspeech_ar/AR/1c8bf00d-940a-4986-8180-ba981ac57b1d.flac,,واقع مهمه جدا داخل السعوديه ولها مكون حضاري مهم جدا داخل السعوديه عندنا حضارات مندثره مهمه جدا عمرها الاف في السنين اعمق من اي حضاره اخري هذي جزء من خليط الحضارات اللي موجود,,0.135304,low
793216a3-d7cb-463b-aa86-a8813b6d0a36,mediaspeech,../data/mediaspeech_ar/AR/793216a3-d7cb-463b-aa86-a8813b6d0a36.flac,,تريد ان لا تري حكومات محتكره من قبل طرف دون اخر وانما حكومات منتخبه وهي دعمت حكومه الوفاق الوطني لانها معترف بها دوليا,,-0.003582,low
03a7e5d0-a30c-4df2-aee0-5d2b341b3e05,mediaspeech,../data/mediaspeech_ar/AR/03a7e5d0-a30c-4df2-aee0-5d2b341b3e05.flac,,المعدات للوقايه للصف الاول اللي هم الاطباء وال نعم نعم نعم تمام تمام ممكن حضرتك تبقي معي دكتور كريم اعود اليك دكتور كريم مصباح عضو بمجلس النقابه العامه لاطباء مصر دكتور كريم ما تعقيب حضرتك,,0.41547,mid
393c0c76-def1-423b-9d8a-185da3f9f990,mediaspeech,../data/mediaspeech_ar/AR/393c0c76-def1-423b-9d8a-185da3f9f990.flac,,مرحبا انا هنا في سوق بريكستون في جنوب لندن هذا السوق تقريبا يبلغ عمرها مئه عام فهي سوق تاريخيه اتي الي هناك كل اسبوع تقريبا لشراء احتياجاتي المنزليه جئت,,0.183498,low
d18aa7fc-da94-4199-a793-3448abc89bc2,mediaspeech,../data/mediaspeech_ar/AR/d18aa7fc-da94-4199-a793-3448abc89bc2.flac,,اثناء تواجد قوات الفاغنر الروسيه والجانجاويد السودانيه هذا سمعته حضرتك ولا شهدت عليه يا استاذ مهدي حضرتك في طرابلس سمعته ولا شهدت عليه عبر شهود عيان وعبر,,0.191776,low
9a732234-c5b8-4666-8823-d4ebb8d6c518,mediaspeech,../data/mediaspeech_ar/AR/9a732234-c5b8-4666-8823-d4ebb8d6c518.flac,,اليوم وهذه صور التي كنا نتابعها هي مجموعه من الصور التقطت في ولايات كثيره للتظاهرات هي عمت ليس فقط الولايات الرئيسيه او حتي العاصمه او مكان الحدث لكن انتشرت في,,0.003515,low
e090cb11-45a4-43f4-9b7e-06ff7c4a8ac1,mediaspeech,../data/mediaspeech_ar/AR/e090cb11-45a4-43f4-9b7e-06ff7c4a8ac1.flac,,قد قدم لها مطلع شهر مايو ايار بفتح الخيارات جميعها دون مساس بالخدمات الاساسيه للمواطنين وقتها بلومبرج اعتربرت ذلك حرفا عن منهاج ابريل نيسان الذي بدا يتعامل مع تبعات اقتصاد,,-0.003612,low
8b526720-13bc-4dc2-87d9-b9a34e8a0a48,mediaspeech,../data/mediaspeech_ar/AR/8b526720-13bc-4dc2-87d9-b9a34e8a0a48.flac,,فالا يمكن ان يصنف ذلك فعلا ان تويتر حدت من حريه تعبير احد روادها بغض النظر عن كونه رئيسا لامريكا السؤال للدكتور مكرم اعتذر منك,,-0.004587,low
b9062018-546c-4755-8b6e-428054c70de0,mediaspeech,../data/mediaspeech_ar/AR/b9062018-546c-4755-8b6e-428054c70de0.flac,,بيه سوريه كانت معلومات دقيقه و استطاع من عنده الجانب السوري ان يستهدف العديد من المقرات و المواقع المهمه لعصابات داعش الارهابي داخل الاراضي السوريه في هذا اليوم,,0.19922,low
31b75cec-5b30-4795-9b1b-861daa2c6c64,mediaspeech,../data/mediaspeech_ar/AR/31b75cec-5b30-4795-9b1b-861daa2c6c64.flac,,الازمه الليبيه و لا تكون دوله مثل تركيا تبعد عن ليبيا تربطها بها اي بقعه جغرافيه و لا تربطها بها اي جغرافيا و لا تربطها بها اي تاريخ و لا تكون قطر كذلك و لا تكون,,0.000308,low
12a611b5-df33-4531-8430-900d28541d40,mediaspeech,../data/mediaspeech_ar/AR/12a611b5-df33-4531-8430-900d28541d40.flac,,مياه النيل الازرق بشكل احادي سيناريو اثيوبي يرحل الملف بتقييم مصري الي خانه متشائمه مع انعدام اي افق للحل مع اصرار اديس ابابا علي نسف,,0.368726,mid
bb11fcdf-0faa-464d-b964-f24519f869df,mediaspeech,../data/mediaspeech_ar/AR/bb11fcdf-0faa-464d-b964-f24519f869df.flac,,انه س سينتصر طرف وانه هناك حسم عسكري اا نهائي وانه عقب هذا الانتصار او الحسم العسكري س اا نبني حل سياسي هذا في الحقيقه يفتح الباب امام انواع من,,0.076829,low
d08a4400-6e95-4c14-a5e8-f471cbf6416e,mediaspeech,../data/mediaspeech_ar/AR/d08a4400-6e95-4c14-a5e8-f471cbf6416e.flac,,مصدر واحد لاسباب عده قد تكون تقنيه قد تكون الاسباب اا طبيعيه قد تكون لاسباب كثيره ولذلك من الطبيعي انو اذا كان تركيا او,,0.187156,low
38d263f9-a738-4d01-99da-1c87c88cd0af,mediaspeech,../data/mediaspeech_ar/AR/38d263f9-a738-4d01-99da-1c87c88cd0af.flac,,هناك تغريدات اثارت جدل في السابق طيله ولايته طيله ولايه حكمه كان هناك اتهامات له بالعنصريه في تغريدات ايضا علي موقع تويتر لماذا الان و نحن,,0.142325,low
2f63062b-b551-4ccb-baa1-e77f5ec051a9,mediaspeech,../data/mediaspeech_ar/AR/2f63062b-b551-4ccb-baa1-e77f5ec051a9.flac,,مثال احنا عملنا طريق ممكلف ممليارات ضخمه و بالتالي احنا عايزين نجيب حق الطريق علي فكره مش دي فلسفه انشاء الطرق فلسفه انشاء الطرق هو التنميه,,0.648975,mid
fbf90a3c-3288-49e6-96ec-a072d4e5c6b1,mediaspeech,../data/mediaspeech_ar/AR/fbf90a3c-3288-49e6-96ec-a072d4e5c6b1.flac,,اغلاقها او هذا القرار التنفيذي الذي تحدثت عنه نيويورك تايمز بخصوص الحد من الحمايه القانونيه لهذه المواقع اولا مرجبا لك ولضيفك وللمشاهدين,,-0.002425,low
735c4628-4cae-45dd-bef1-74af9c4b4ba1,mediaspeech,../data/mediaspeech_ar/AR/735c4628-4cae-45dd-bef1-74af9c4b4ba1.flac,,استفخل وتقضي عليه نكتفي بهذا القدر واقول لكم انا احبكم ولذلك احب الحقيقه واحب ان اقولها لكم,,0.076825,low
2a59a872-c31f-41cd-9a2a-5eb176415725,mediaspeech,../data/mediaspeech_ar/AR/2a59a872-c31f-41cd-9a2a-5eb176415725.flac,,اختي رشا اتفضل اختي رشا لا يمكن ان نغطي عين الشمس بالغربال القوات التي اتت بها الحكومه التركيه القوات السوريه من جبهه النصره ومن دواعش اتت بها في طائرات مدنيه,,0.085536,low
6ac44147-5b33-4e3d-81a3-b5189facf06d,mediaspeech,../data/mediaspeech_ar/AR/6ac44147-5b33-4e3d-81a3-b5189facf06d.flac,,مفيش اودام نقابه الاطباء غير الدفاع المبهم العنتري اللي هم محمودين لي به طبعا علشان يحدثوا التوازن يمكن طيب ممكن تبقي معي دكتور احمد لو سمحت لانني اريد ان استطلع من حضرتك نقطه لها علاقه باحتكار المعلوم,,0.687711,high
61db6ab4-443f-4f15-9558-45885c2fb3f5,mediaspeech,../data/mediaspeech_ar/AR/61db6ab4-443f-4f15-9558-45885c2fb3f5.flac,,شكل كلف او علي شكل تصبغات في بعض الاماكن الموجوده في الجسم غالبا هذه تصبغات بعد فتره الولاده بعد شهور بعد ما تنتظم الهرمونات الامور ترجع لطبيعتها مو الشرط حتي لو من غير علاج,,0.31409,low
00f56b1d-978c-4de0-8084-064856ab1773,mediaspeech,../data/mediaspeech_ar/AR/00f56b1d-978c-4de0-8084-064856ab1773.flac,,وايضا التكنولوجيا اليوم احنا في معارك الجيل الرابع يعني هذا الجيل معارك الجيل الرابع بعد ماكو جيش يقاتل جيش يعني هذا ما موجود تعرف عندك الصواريخ الذكيه عندك,,0.426091,mid
7b589609-01b6-4e68-abad-4e43369b6b66,mediaspeech,../data/mediaspeech_ar/AR/7b589609-01b6-4e68-abad-4e43369b6b66.flac,,دول نحن نعاني ما بين اوروبا وما بين بلادنا طيب يعاني ان هنا محمد بن سلمان مثلا ياتي وينفق يعني يبدا حرب عبثيه ثم يبدا يقول لك او انفق مئتين مليار,,0.153239,low
b8d1fca2-34ff-43a5-a9e6-5ee81d51b893,mediaspeech,../data/mediaspeech_ar/AR/b8d1fca2-34ff-43a5-a9e6-5ee81d51b893.flac,,المواطن الامريكي الاسود فاعتقد انه هو يتضرر واذا استمر بهذه الطريقه اا فانه بالتاكيد سيخسر هذه الانتخابات المساعدين وكثير من الجمهوريه بالخفاء يتكلمون معه ان يغير خطابه,,0.044964,low
392f80f6-fa52-44b4-b9e8-b5b8fb594fc3,mediaspeech,../data/mediaspeech_ar/AR/392f80f6-fa52-44b4-b9e8-b5b8fb594fc3.flac,,والاخوه في اثيوبيا الم يذهب الرئيس السيسي الي البرلمان الاثيوبي ويخاطب الشعوب الاثيوبيه ويعلن دعم مصر لعمليه التنميه ووقوفها مع اثيوبيا,,-0.003489,low
d61f840f-9627-4e40-8b7a-d4565bd96cd3,mediaspeech,../data/mediaspeech_ar/AR/d61f840f-9627-4e40-8b7a-d4565bd96cd3.flac,,هي ليس مجرد طلب اا طبيعي عادي ولكن هناك ايضا دافع في الحقيقه بالنسبه لصانع القرار في تسريع هذا الجانب ونراه ايضا في طلب اا تقنياته,,0.008119,low
7fa36236-c095-4ddc-89e7-d2d8a4e8d19d,mediaspeech,../data/mediaspeech_ar/AR/7fa36236-c095-4ddc-89e7-d2d8a4e8d19d.flac,,الوصله دي مم الوصله دي اتشال الطريق واتعمل طريق تاني انا مش ضد انه يتعمل طريق تاني لكن كان يجب ان يكون الطريق القديم قاعد لما نعمل طريق بمميزات افضل والخدمات اكتر وعايز تحط,,0.705787,high
55d958bc-f4d5-44c0-825b-4e7ab78b9ad5,mediaspeech,../data/mediaspeech_ar/AR/55d958bc-f4d5-44c0-825b-4e7ab78b9ad5.flac,,العالميه في وزاره التربيه و التعليم عن توجه الوزاره لاداره مدارسها و مرافقها و اصولها كافه في دبي و المناطق الشماليه الكترونيا النهايه عام الفين و خمسه عشر و ذلك وفق نظام الكتروني,,0.002029,low
5fc67790-48cb-4b76-ad76-025355deeb41,mediaspeech,../data/mediaspeech_ar/AR/5fc67790-48cb-4b76-ad76-025355deeb41.flac,,يتحمل المسؤوليه وعن دوافع موقفه المعادي للامارات علي الرغم من انها احد ركائز التحالف الذي تقوده السعوديه المؤيد لحكومته,,-0.000273,low
71e18dcd-a7b1-4f46-bbd7-b7a5095f0348,mediaspeech,../data/mediaspeech_ar/AR/71e18dcd-a7b1-4f46-bbd7-b7a5095f0348.flac,,اا تحدث علي التوابت التي اا نؤيدها ويدعمها الشعب الليبي قبل ان يدعمها مجلس النواب وقبل ان يدعمها حتي القوات المسلحه وقبل ان تدعمها الحكومه الليبيه الشعب الليبي يده يدعم هذه الخيارات,,-0.004274,low
b05d6e73-38ea-4d09-a3f8-0b52f8073496,mediaspeech,../data/mediaspeech_ar/AR/b05d6e73-38ea-4d09-a3f8-0b52f8073496.flac,,ان كان علي المزارع اللبناني وان كان علي خزينه الدوله اللبنانيه طيب معالي الوزير اه يعني نتحدث نحن هنا عن عمليا يعني اكثر انواع المخدرات انتشارا في العالم ما هي الضوابط و الاليات اكان من,,0.14894,low
10eb16d4-37ed-478b-b89c-522ddb61e9e0,mediaspeech,../data/mediaspeech_ar/AR/10eb16d4-37ed-478b-b89c-522ddb61e9e0.flac,,يحمل عليه هذا التطبيق وممكن نحن الان يا سيدي الفاضل دعني اقول لك حقيقه مره ايضا في دول الخليج نحن الان ندفع ثمن سياسات التي تبعتها دول الخليج في است,,0.006284,low
95bf85e0-8d6f-4906-a6a0-0353ff8a50cb,mediaspeech,../data/mediaspeech_ar/AR/95bf85e0-8d6f-4906-a6a0-0353ff8a50cb.flac,,اا طبعا للاسف طبعا شريك مع تركيا في هذه العمليه هي الع التي اعطت الضوء الاخضر اولا وثانيا لولا لولا بالمناسبه السماح من قبل الولايات المتحده,,0.15655,low
3e37933f-a122-4a59-96a8-64c5f6df95f1,mediaspeech,../data/mediaspeech_ar/AR/3e37933f-a122-4a59-96a8-64c5f6df95f1.flac,,تقلصت وتيرته مع نهايه ابريل ليشهد بعدها علامات تحسن نسبي في مايو نبدا بالقطاعات التي شهدت قفزات قويه في التوظيف فقطاع البرمجيات وخدمات تقنيه المعلومات شهدت,,-0.003018,low
95647eb8-d7d3-46c9-9040-be25d3534981,mediaspeech,../data/mediaspeech_ar/AR/95647eb8-d7d3-46c9-9040-be25d3534981.flac,,الوطيه منذ ان تم السيطره علي سبراطه والصرمان الزاويه منذ تلك اللحظه بدات التحول وهذا التحول كان في المستوي العملياتي وهناك احد المعلقين تحدث عن التكتك,,0.005978,low
6d4d4399-e389-49c8-9297-a515be49e67a,mediaspeech,../data/mediaspeech_ar/AR/6d4d4399-e389-49c8-9297-a515be49e67a.flac,,العسكريه الايرانيه في ال مياه مياه الخليج للقطع البحريه الامريكيه والتحذيرات التي صدرت من قبل الرئيس دونالد ترامب نفسه منذ ما يقرب من ثلاثه اسابيع عندما قال انه اعطي اوامره,,-0.002727,low
be6200d7-75e0-4374-abd5-72982653d48d,mediaspeech,../data/mediaspeech_ar/AR/be6200d7-75e0-4374-abd5-72982653d48d.flac,,نسبه الوظائف التي ستفقد في الوطن العربي تبلغ واحدا وتسعه اعشار في المئه وبالتالي فان الوطن العربي سيكون اقل الاقاليم تاثرا بفقد الوظائف في العالم تقرير منظمه العمل,,0.023137,low
d8d1c16a-c9e4-4cab-9180-14b3c9ec914b,mediaspeech,../data/mediaspeech_ar/AR/d8d1c16a-c9e4-4cab-9180-14b3c9ec914b.flac,,واكدت الجمعيه ان هذا التوجه امر لا يختلف عليه احد وخطوه وخطوه ايجابيه تستحق الااشاده خصوصا وان زياده الرواتب في ظل موجه ارتفاع الاسعار والايجارات امر بات,,-0.004841,low
86008725-1b45-434b-97d4-4446d6fa9ca0,mediaspeech,../data/mediaspeech_ar/AR/86008725-1b45-434b-97d4-4446d6fa9ca0.flac,,سوريا ولا اي ولا فلسطين المحتله ولا اليمن ولا العراق هذه الدول لابد ان تكسر الحصار والعقوبات الظالمه الامريكيه ضد شعوبها فلذا انا اعتقد هناك قوه صاعده الان والوضع,,0.016681,low
070a31be-b4fc-4fde-9cee-fc444738d8c4,mediaspeech,../data/mediaspeech_ar/AR/070a31be-b4fc-4fde-9cee-fc444738d8c4.flac,,الغادر التركي نحن مع الحل نمد ايدينا للحل مع الحوار ولكن وفق الثوابت نعم الثابت الاساسي هو تفكيك الميليشيات طيب دعني انتقل ونزع السلاح الي الحل وموقف المجتمع الدولي من الحل استاذ عبدالهادي,,0.084411,low
6e71837b-314c-4e3c-a5fb-335ec045e815,mediaspeech,../data/mediaspeech_ar/AR/6e71837b-314c-4e3c-a5fb-335ec045e815.flac,,للطلب العالمي علي الطاقه برايك هل اقتصادات الدول اا الدول العالميه هكذا ستكون يعني سيكون قد تعافت تماما من الاثار المدمره لجائحه كورونا,,0.036003,low
0ea8dd77-27aa-4a94-a2fb-4efd56ba149c,mediaspeech,../data/mediaspeech_ar/AR/0ea8dd77-27aa-4a94-a2fb-4efd56ba149c.flac,,الخطر انه المباريات النهائيه دايما مباراه هدف واحد متي ما ما كنت مسجل الهدف بت بيختلف المعطيات لو المنتخب السعودي استطاع انه يسجل في الشوط الاول لو كان فيه مسيطر بشكل واضح كان ممكن يختلف الو,,0.2524,low
b5593a18-d383-42ed-af1d-dd1e8ec1b565,mediaspeech,../data/mediaspeech_ar/AR/b5593a18-d383-42ed-af1d-dd1e8ec1b565.flac,,هناك اي حظ لترامب لاغلاق هذه المنصه او غيرها اشكرك و ادعوكما ضيفينا للاطلاع علي نتائج التصويت الذي طرحناه علي صفحتنا عبر موقع تويتر هل,,0.014481,low
aa56f88f-e207-4828-b69b-4c9a40a5495e,mediaspeech,../data/mediaspeech_ar/AR/aa56f88f-e207-4828-b69b-4c9a40a5495e.flac,,فتدخ يعني دخل الجيش التركي في شمال سوريا ويعني عنوه وكان يعني اا بدون اي تنسيق مع الجانب الفرنسي وبتراجع وغموض في الموقف الامريكي في ذلك الوقت الان يحصل نفس الشيء اذا,,0.143476,low
39efcbe8-dee2-4fd9-add8-5883e7d08502,mediaspeech,../data/mediaspeech_ar/AR/39efcbe8-dee2-4fd9-add8-5883e7d08502.flac,,وفاه زميلنا دكتور وليد في طبيب مستشفي المنيره في اليوم اللي فيه احدي الفنانات تعبت فاتعمل لها مسحه واتنقلت لاحدي مستشفيات العزل في غرفه فاخره هو ما فجر,,0.461264,mid
a2a90962-2ed4-48c7-9c9b-db8cdad271f7,mediaspeech,../data/mediaspeech_ar/AR/a2a90962-2ed4-48c7-9c9b-db8cdad271f7.flac,,مكبوت لدي شريحه كبيره من الافارقه الامريكيه وخاصه في نفس الولايه هذه في نفس المدينه هذه تقريبا قبل سنه في شرطي اسود من اصول صوماليه قتل امراه بيضاء,,0.232393,low
be7a6245-5c61-4bab-ac38-f870fe53c7dd,mediaspeech,../data/mediaspeech_ar/AR/be7a6245-5c61-4bab-ac38-f870fe53c7dd.flac,,وقد تصل الي الصفر لذلك الغايه الحقيقيه من القنب الهندي هي غايه طبيه اليوم الغايه المرجوه من هذا من هيدي الزراعه واضحه وصريحه واليوم نحنا اذا توصلنا الي رفع نسبه,,0.245162,low
2af7287f-d3d4-4fcc-8c26-20eb18cbcbe9,mediaspeech,../data/mediaspeech_ar/AR/2af7287f-d3d4-4fcc-8c26-20eb18cbcbe9.flac,,اربع مئه سنه من بريطانيا وايرلندا ثم من اوروبا والغربيه من المانيا بالتحديد ثم اوروبا الشرقيه ثم من الاسيويين ثم العرب ثم امريكا هي بلد اول بلد في العالم من,,0.049125,low
f2f146ca-7a2b-4867-8a0a-8233021ba643,mediaspeech,../data/mediaspeech_ar/AR/f2f146ca-7a2b-4867-8a0a-8233021ba643.flac,,جات لسموكم سؤالا كيف ستؤثر تطبيق هذه الاستراتيجيه علي الانفاق الحكومي هل سيزيد الانفاق الحكومي ام سيقلص من الانفاق الحكومي ا الميزه الايجابيه جدا,,0.083342,low
71d005b3-e203-4fae-9d13-8bf925dad422,mediaspeech,../data/mediaspeech_ar/AR/71d005b3-e203-4fae-9d13-8bf925dad422.flac,,اعتقد انه لا لا ليس كان بعلم مسبق بذلك لكن لانه ما كانش ده عباره عن قانون يعني كان صادر من مجلس النواب عشان يبقي في علم مسبق به لكن في قرار من مجلس الوزراء,,0.638689,mid
3ca5dc64-923b-4624-acd8-60db073a7443,mediaspeech,../data/mediaspeech_ar/AR/3ca5dc64-923b-4624-acd8-60db073a7443.flac,,هذا كذب محض ودليل علي ذلك انه البرلمان اجتمع بعد جمعه مطالبه ومطارده المحتل واليوم هاشتاكات ترتفع في شباب العراقي معناه اطرد اخر جندي امريكي الشارع العراقي,,0.001074,low
313699c1-abf8-445a-9ebe-ac4ef431fc11,mediaspeech,../data/mediaspeech_ar/AR/313699c1-abf8-445a-9ebe-ac4ef431fc11.flac,,اكثر تعقيدا من ذلك هل اعتقد ان العنصريه تلعب دورا ما بدون اي شك في الولايات المتحده الامريكيه هناك رواسب العبوديه النظام العبودي فكيف نتعامل مع بعض الاشياء كل ذلك,,-0.001897,low
04b80f23-0791-4249-84c3-5f8b17d06b8d,mediaspeech,../data/mediaspeech_ar/AR/04b80f23-0791-4249-84c3-5f8b17d06b8d.flac,,ارحب بضيفي عبر الانترنت من لندن خبير الاقتصادي الدكتور محمد حيدر دكتور محمد اهلا وسهلا بحضرتك انا افهم جيدا ان حضرتك خبير اقتصادي وبالتالي ساحصر حواري معك فل فل في هذا الجانب صندوق سيادي مفترض انو تقديرا,,0.154381,low
d776ebff-af35-4609-b9ef-3cfd037bf208,mediaspeech,../data/mediaspeech_ar/AR/d776ebff-af35-4609-b9ef-3cfd037bf208.flac,,يمر من خلالك فعندنا فرصه ضخمه لخلق خدمات لوجيستيه سواء في الطيران او في الموانئ او في المجمعات الصناعيه او جزء هذا ايضا جزء من الرؤيه نعم او في البيزنيس هبز اللي نبغي,,0.215866,low
8f41410f-1cd2-48a0-a9fc-c42b8601f9ba,mediaspeech,../data/mediaspeech_ar/AR/8f41410f-1cd2-48a0-a9fc-c42b8601f9ba.flac,,بذلك بعد اذن حضراتكم الي الدكتور الصبان دكتور قبل ان اتحدث عن خطه عشرين ثلاثين بعض من بعض ما طرح اليوم انه اذا كان التحميل ليس علي الصندوق السيادي و ليس علي الاستدانه الخارجيه فان التحميل ياتي علي الموا,,0.016435,low
7fdbf89c-d683-4986-8723-647888dd3556,mediaspeech,../data/mediaspeech_ar/AR/7fdbf89c-d683-4986-8723-647888dd3556.flac,,يا كما يقول حراس الجبل ويؤكد في هذه ا التعليق او هذه التغريده علي فيسبوك هذا جانب فقط من الكثير من التعليقات التي جاءتنا,,-0.000359,low
e08d0c70-7175-4cb6-850c-db62a0514188,mediaspeech,../data/mediaspeech_ar/AR/e08d0c70-7175-4cb6-850c-db62a0514188.flac,,المملكه اا من بدايه ا من بدايه فبراير وهي اا قامت بامور احترازيه كثيره منها ا تعليق دخول المملكه لاغراض العمره وزياره المسجد النبوي,,0.057127,low
d1da42ca-1021-4184-acc4-b60febf70b18,mediaspeech,../data/mediaspeech_ar/AR/d1da42ca-1021-4184-acc4-b60febf70b18.flac,,الان يعني ما ينتظره اليمنيون في الواقع هو ان يمل كل طرف او ان تكون الغلبه لطرف علي حساب طرف اخر اا مع صعوبه ايجاد تفاهم اقليمي كما,,0.018478,low
6bed9d8f-9164-4de3-b2f5-44302ffced71,mediaspeech,../data/mediaspeech_ar/AR/6bed9d8f-9164-4de3-b2f5-44302ffced71.flac,,لكن هناك نقطه مهمه ايضا هناك دور للشرق عندما نقول دور للشرق يعني دور اساسي لروسيا والصين روسيا والصين اليوم اصبحوا في داخل المنطقه اصبحوا علي سواحل المتوسط روسيا اليوم موجوده في لبنان,,0.009022,low
7a857b39-13e2-45db-931d-7958b983d1da,mediaspeech,../data/mediaspeech_ar/AR/7a857b39-13e2-45db-931d-7958b983d1da.flac,,انها مسؤوليه اخلاقيه علينا وعلي الحوثيين وعلي كل من هم الان علي سلطه شرعيه او غير شرعيه ان يعلنوا للعالم واهلنا في صنعاء وفي كل المناطق من اجل ان يحترزوا وهذه هي المشكله الاساسيه التي,,0.005518,low
c75dcf03-2bec-476b-a5e6-ef46c18f5c5a,mediaspeech,../data/mediaspeech_ar/AR/c75dcf03-2bec-476b-a5e6-ef46c18f5c5a.flac,,البلد حتي نقول لا للعنصريه لماذا لا تكون هذه الامور يعني بالقانون و بقرار و بان ننتقل الي مرحله جديده في التعاطي بين البشر يعني لو تكلمنا فيما يخص المانيا فهو,,0.129327,low
14242af0-bc97-4d96-a25a-c725416662ba,mediaspeech,../data/mediaspeech_ar/AR/14242af0-bc97-4d96-a25a-c725416662ba.flac,,تها فلو كان مثلا حمدان او فراس واحد موجود برا ونزلته في الشوط الثاني كان بيشكل لك اضافه بينزل ويكون لاعب نشيط وبيشكل ازعاج كبير ل اا لدفاع البحريني,,0.742647,high
f94d14bd-cc4a-416f-9621-9b241b828dfb,mediaspeech,../data/mediaspeech_ar/AR/f94d14bd-cc4a-416f-9621-9b241b828dfb.flac,,ماليه بالمؤلمه يعني مؤلمه لمن لماذا اعتبر محمد جذعان حمايه الاقتصاد السعودي والاستقرار المالي للمملكه مرتبط بشكل فردي مع هذه الاجراءات الاسباب جذعان ملخصه في الضغط علي الماليه العامه للدوله التي,,0.035161,low
47133d7a-c6d0-4b6c-aa17-64bfdfacf610,mediaspeech,../data/mediaspeech_ar/AR/47133d7a-c6d0-4b6c-aa17-64bfdfacf610.flac,,بتفرض سيطرتها علي العراق بالتاكيد لا في اتفاقيه و في يعني م اا موافقه من البرلمان العراقي علي هذه الاتفاقيه و ايضا في تحالف دولي بيضم تسعه و ستين دوله مش فقط الولايات المتحده الامريكيه,,0.518654,mid
8465d9d2-d174-41e6-938e-81273095fa15,mediaspeech,../data/mediaspeech_ar/AR/8465d9d2-d174-41e6-938e-81273095fa15.flac,,راسل الجبليه والعمليات مستمره باتجاهها وحقيقه استطعنا يعني خلال المده التي يعني انتهت المعركه التحرير ولحد هذه الفتره اا تم قتل العديد من هؤلاء,,0.010057,low
38f1ab1b-8513-439a-84e1-ee7ac80852ec,mediaspeech,../data/mediaspeech_ar/AR/38f1ab1b-8513-439a-84e1-ee7ac80852ec.flac,,من الان نعم لكان التاثير اقل بكثير طيب ماذا عن برنامج التحول الوطني يا دكتور محمد سرور الصبان الذي مفترض انه هذا العام الفين وعشرين كان يؤتي ثماره والبند الثاني فيه امامي مباشره في النص,,0.00773,low
abdc8aee-35ca-4d10-a95b-fdafa8c6f63e,mediaspeech,../data/mediaspeech_ar/AR/abdc8aee-35ca-4d10-a95b-fdafa8c6f63e.flac,,الامريكي والخطوات التي يتخذها لمحاربه الموقف الموجوده الان علي ارض بلدي من هؤلاء حسن لطفي يقول ازمه العنصريه متاصله من,,0.015006,low
09d9c20b-ed2c-4781-a6f3-65fdcccd98af,mediaspeech,../data/mediaspeech_ar/AR/09d9c20b-ed2c-4781-a6f3-65fdcccd98af.flac,,الوطيه بشكل رهيب جدا جدا جدا اربع خمس دشمات مليانه اصلا يعني طيب ممكن حضرتك تبقي معي لاني ساعود اليك لااستدراك ارحب الان بضيفي عبر الاقمار الاصطناعيه عبر,,0.413405,mid
39da92ca-be69-4abd-86c7-d4a8469c13cd,mediaspeech,../data/mediaspeech_ar/AR/39da92ca-be69-4abd-86c7-d4a8469c13cd.flac,,هزيمه حفتر في المتتاليات في المنطقه الغربيه وخصوصا قاعده المطيه التي قامت ببنائها القوات الامريكيه في اثناء الحرب العالميه الثانيه لم,,-0.00089,low
29c77c44-1f97-4bd3-80e9-a1757aa8238f,mediaspeech,../data/mediaspeech_ar/AR/29c77c44-1f97-4bd3-80e9-a1757aa8238f.flac,,بشكل عام هناك عجز اوروبي ليس فقط فرنسي الموقف الالماني مختلف قليلا عن الموقف الفرنسي والايطالي هناك دعم يعني بشكل او باخر للوفاق,,-0.00508,low
2d1e2b7a-951b-45b7-8dff-f95e40a56891,mediaspeech,../data/mediaspeech_ar/AR/2d1e2b7a-951b-45b7-8dff-f95e40a56891.flac,,الواحد لماذا هاي تتعلق بجمع معلومات عن كورونا وهذا لا يرفع مجال الثقه بهاي التطبيقات لكن اذا بما انه حضرتك اشرت لهذا المثل علي وجه التحديد وهو صار اجباري الان,,0.483901,mid
317419d3-9af7-4dd1-bccc-823c36675221,mediaspeech,../data/mediaspeech_ar/AR/317419d3-9af7-4dd1-bccc-823c36675221.flac,,و ان اي قرارات تتخذونها في هذا المجال لا قيمه لها اذا لم يوافق عليها العاصمه فانا بكل التواضع قلت ما المقصود بالعاصمه,,-0.004286,low
876cdf97-9631-4dac-959f-8cf2f9e5d129,mediaspeech,../data/mediaspeech_ar/AR/876cdf97-9631-4dac-959f-8cf2f9e5d129.flac,,لا يمكن ان نقف فيها في الدفاع كنا دائما في الهجوم معركتين دخلناها مع الجمهوريه العربيه اليمنيه وكانت قواتنا لولا التدخل من قبل,,9e-05,low
c917d73e-5f28-4149-a1dc-2f276f6cc6f1,mediaspeech,../data/mediaspeech_ar/AR/c917d73e-5f28-4149-a1dc-2f276f6cc6f1.flac,,ونشات الولايات المتحده ويصعب علي اي رئيس ان يحلها الازمه في بلاده لم ياتي بها ترامب واصبح رئيسا في وجودها عبدالكريم له راي ايضا,,0.006096,low
2b09f6ab-0dfc-4dd5-88ba-c39b7ce3c4f4,mediaspeech,../data/mediaspeech_ar/AR/2b09f6ab-0dfc-4dd5-88ba-c39b7ce3c4f4.flac,,بينهم ايضا وبين الفاعلين الدوليين لمساعده الليبيين علي احياء عمليه التسويه السياسيه كلنا يتذكر اللقاء اللي اتي بعد مؤتمر برلين ما الذي تحقق حتي اليوم وهل بالفعل,,0.091926,low
a57e71ed-5a2e-4aff-94b7-e8de4fd87d5d,mediaspeech,../data/mediaspeech_ar/AR/a57e71ed-5a2e-4aff-94b7-e8de4fd87d5d.flac,,بيشعر انه هو ده مصدر رزقه مصدر عايشه وفيه عايش كريم من ورا هايدي الزراعه اكيدي سيكون هيدا الامر واليوم خلال انت بتعرف ب بمنط بهيدي المنطقه كتير الناس,,0.844626,high
fc738297-5272-4547-9da2-d2aabc1b68d9,mediaspeech,../data/mediaspeech_ar/AR/fc738297-5272-4547-9da2-d2aabc1b68d9.flac,,اعتقد انه فقط مساله اجراءات وتنظيم والعمل علي انجازها علي قارئ الاجراءات سمو الامير محمد تحدثتم في الرؤيه عن البيروقراطيه كثير من الحوارات الصحفيه اللي اجريت معك تقول انك,,0.054783,low
4e17acc1-f7a3-46aa-91ea-a166ffd72858,mediaspeech,../data/mediaspeech_ar/AR/4e17acc1-f7a3-46aa-91ea-a166ffd72858.flac,,هي لانخفاض اسعار النفط نتيجه لما يجري في كل العالم العالم اجمعه دخل في ركود الان ماذا تتصورين عن دوله ان تكون دوله ناشئه مثل السعوديه تطبق خطه عشرين,,0.023209,low
03bdd0fa-313c-4e03-9871-a489e06b92be,mediaspeech,../data/mediaspeech_ar/AR/03bdd0fa-313c-4e03-9871-a489e06b92be.flac,,قالت يا جماعه ظروف العمل وبيئه العمل من اهم الحاجات الطارده للاطباء في مصر احنا عندنا اكثر من ثمانه الاف طبيب في المانيا وانجلترا احنا عندنا ستين في المائه من الاطباء بيكافحوا الكوورنا حاليا علي,,0.551613,mid
90b6d6f2-7f88-4b50-99b4-e651f8db7c56,mediaspeech,../data/mediaspeech_ar/AR/90b6d6f2-7f88-4b50-99b4-e651f8db7c56.flac,,والمشاركين الكرام معنا في هذه الحلقه ارحب الان بضيفي عبر خدمه سكايب من بنغازي السيد خالد الترجمان رئيس مجموعه العمل الوطني سيد خالد اهلا وسهلا بحضرتك اتصور ان السؤال الاول الذي ينبغي ان اساله صرمان,,0.095733,low
20dce958-1ecd-46cc-9795-d234dd2ec24f,mediaspeech,../data/mediaspeech_ar/AR/20dce958-1ecd-46cc-9795-d234dd2ec24f.flac,,ااا الخط شديد السوء انا اكاد لا اسمع ما تقوله لكن علي الاقل استمعنا لقسط منه اتمني ان يكون المشاهدين اوفر حظا مني لكن اشكر حضرتك شكرا جزيلا علي التواجد معنا,,0.022195,low
d4209243-b996-44b7-be29-397b52d35c45,mediaspeech,../data/mediaspeech_ar/AR/d4209243-b996-44b7-be29-397b52d35c45.flac,,جدا ان يتم هناك ملاحقه قضائيه عادله لهؤلاء الرجال الشرطه فهذا بالطبع ليس بالمقارنه مع الجرائم التي ارتكابها من قبل المواطنين وفي الشوارع نحن نري المزيد من,,-0.002432,low
d691f1fe-2ea3-4128-b26e-dfe530582d68,mediaspeech,../data/mediaspeech_ar/AR/d691f1fe-2ea3-4128-b26e-dfe530582d68.flac,,يتعامل مع حزب الله من يتعامل مع الحكومه اللبنانيه اللبنانيين يعانون منذ سنوات طويله المشكله هم في يستخدموا العبارات فقط يضيفوا في الليسته هذا وذاك مثلا يضيف,,0.127714,low
7174ee55-5eaa-4925-a841-ec8b09cda81e,mediaspeech,../data/mediaspeech_ar/AR/7174ee55-5eaa-4925-a841-ec8b09cda81e.flac,,الافريقيه عبدالشاكور عبدالصمد مرحبا بضيفي استاذ هاني ما الذي طيب قبل ان نبدا الحوار نتابع هذا التقرير ثم نعود لمحاوله ضيفينا,,0.030462,low
1f4f3d79-3b0b-486a-983f-ad9c34cfb0c7,mediaspeech,../data/mediaspeech_ar/AR/1f4f3d79-3b0b-486a-983f-ad9c34cfb0c7.flac,,القريبين يكفي ايران الدول المجاوره التي تحتاج الي امكانيات ايران ولا يمكن ان تستغني عنها الامارات مع كل مشاكلها مع ايران ما زالت اا تستمد اقتصادها من ايران وكذلك الدول الاخري باكستان افغا,,0.06629,low
6073cffb-4981-450e-8f6e-5e79bc842383,mediaspeech,../data/mediaspeech_ar/AR/6073cffb-4981-450e-8f6e-5e79bc842383.flac,,لانتاج هواء غني بالاكسجين بالنسبه ما بين ثلاثين وحتي تسعين في المئه تمر هذه الايام الذكري الخمسه وسبعين لانتهاء الحرب العالميه الثانيه,,0.012886,low
f89cc56a-5bd3-4c6d-bce1-8774fd3e2c39,mediaspeech,../data/mediaspeech_ar/AR/f89cc56a-5bd3-4c6d-bce1-8774fd3e2c39.flac,,ومحاوله دائما الارتكاز علي البعد العسكري اثبات حاله تفوق بالتالي فهذا كما ذكر الاستاذ عمر الشوبكي انه غير محقق في الحاله الليبيه علي الليبيين الليبيين هم انفسهم من,,0.044516,low
5ac21b98-35df-44ea-a9da-54f0b6969d23,mediaspeech,../data/mediaspeech_ar/AR/5ac21b98-35df-44ea-a9da-54f0b6969d23.flac,,تفيد منها جزء من من الحكومه واعني بشكل اساسي التيار الوطني الحر لم تقدم الحكومه علي اي معالجه طيب لها بالعكس هي تثبت اليوم انها حكومه اقنعه او حكومه موظفين عند,,0.087987,low
3e745b61-e744-4fd7-9b7f-e819fd1bec73,mediaspeech,../data/mediaspeech_ar/AR/3e745b61-e744-4fd7-9b7f-e819fd1bec73.flac,,ديمقراطيين هناك دائما بروباجندا اثناء حملات الانتخابات وفي الماضي كانت الصحف او الراديو او المناشير والان لدينا منصات اخري مختل,,0.050149,low
0fd9fb63-7098-476e-a87e-5bdcff00540b,mediaspeech,../data/mediaspeech_ar/AR/0fd9fb63-7098-476e-a87e-5bdcff00540b.flac,,الاجابه قولا واحدا طبعا المنظومه اا الصحيه في مصر او المنظومه الطبيه الحكوميه في مصر ينخر بها السوس منذ عقود ووزاره الصحه ليس لديها عشره في الميه,,0.060459,low
f95689ec-66e6-4fff-ba1a-4e519cb0ea98,mediaspeech,../data/mediaspeech_ar/AR/f95689ec-66e6-4fff-ba1a-4e519cb0ea98.flac,,الفصل الدراسي هذا وقد اكملت اداره التعليم في المملكه استعدادتها لعوده الدراسه وحذرت من التغيب وعدم الحضور وان ذلك سوف يترتب عليه الحسم للمتغيبين مؤكده تعاون او,,-0.002271,low
3e76c253-d630-48ef-85a9-dd927b32dff0,mediaspeech,../data/mediaspeech_ar/AR/3e76c253-d630-48ef-85a9-dd927b32dff0.flac,,شريطه اا عدم المساس بحق مصر في الحياه الم تقترح مصر اااااا يعني تبادلات استثماريه وتجاريه واقتصاديه وصندوق للبنيه التحتيه,,-0.001194,low
61f2231a-0b31-4fe8-b97f-0e85c48fcce9,mediaspeech,../data/mediaspeech_ar/AR/61f2231a-0b31-4fe8-b97f-0e85c48fcce9.flac,,ستكون حوالي ميه وتلاتين مليون امريكي من حوالي تلتميه وخمسين مليون يعني نسبه عاليه اعتقد ان ترامب لديه فرصه انه يقترب من الاغلبيه حتي لو جو بايدن كسب الاغلبيه الشعبيه,,0.131737,low
91daae1c-ff28-4f41-a86b-b16e18825475,mediaspeech,../data/mediaspeech_ar/AR/91daae1c-ff28-4f41-a86b-b16e18825475.flac,,اخري مثل السيارات النظيفه وسيارات الكهربائيه وغيرها فهناك الحقيقه يعني منحا واضح في طلب الطاقه النظيفه الان صحيحالحديث عن تراجع البعض قد يكون النفط عليه,,0.012671,low
1e711e8f-2e08-42fd-82de-aa1476de204e,mediaspeech,../data/mediaspeech_ar/AR/1e711e8f-2e08-42fd-82de-aa1476de204e.flac,,الان خففت من الضغط الدولي عليها مما ي ت ت تحدثه من تداعيات و من انعكاسات في اليمن من خلال المؤتمر و انها حريصه علي مكافحه كورونا ورفع مستوي اا اا المعيشي لش,,0.045725,low
56646d60-ce5d-427f-8737-dec8a706369a,mediaspeech,../data/mediaspeech_ar/AR/56646d60-ce5d-427f-8737-dec8a706369a.flac,,وحلفائها فشل العقوبات ام نجاحها نبد الحوار اليوم نرحب بضيفي الكريمين من طهران رئيس مركز الدراسات الاستراتيجيه والدوليه السيد امير موسوي ارحب ايضا بضيفنا من واشنطن مدير,,-0.00087,low
bb3aaa29-668f-4b02-9e99-560ade82c6ab,mediaspeech,../data/mediaspeech_ar/AR/bb3aaa29-668f-4b02-9e99-560ade82c6ab.flac,,هي اللي حصلت اللي منعت اللاجئين السوريين يدخلوا امريكا هو نفس النظام اللي منا العمل قائمه الدول المسلمه منعوهم من الدخول لامريكا هو نفس النظام اللي بيدعم ال العنف بتع,,0.696275,high
3d2748a6-fdca-4364-9ecb-cdd6fbcdee02,mediaspeech,../data/mediaspeech_ar/AR/3d2748a6-fdca-4364-9ecb-cdd6fbcdee02.flac,,حدث مع هيلاري كلينتون في عام الفين و سته عشر لديه فرصه قويه لكسب المجمع الانتخابي ا هناك ا المناطق الريفيه تؤيده المدن الصغيره تؤيده قطاع ليس قليل من,,0.011067,low
3067b17e-d6ae-487b-9309-388663fcf624,mediaspeech,../data/mediaspeech_ar/AR/3067b17e-d6ae-487b-9309-388663fcf624.flac,,من الدستور صارت حرب اهليه علي ايام الرئيس لينكلن الف وثمان ميه وستين خمسه وستين اا وخرج الامريكان بعدا بالتعديل الثالث عشر الذي اعطي للسود,,0.140496,low
a1745958-9099-497b-b829-4edd38fea8ac,mediaspeech,../data/mediaspeech_ar/AR/a1745958-9099-497b-b829-4edd38fea8ac.flac,,ما هو العمل السعودي فالسعوديه هو يقول دوله جاذبه للعماله لعده اسباب النظاميون سيبقون وكلفه الحياه سترتفع والمخالفون سيبقون في الشوارع الخلفيه علي حد تعبيره هذه هي نهايه بعض الا,,0.006975,low
0581e159-7e5b-490d-bbdd-c46d82e7d237,mediaspeech,../data/mediaspeech_ar/AR/0581e159-7e5b-490d-bbdd-c46d82e7d237.flac,,يع للامانه الصحفيه ان احدد ما اذا كان ذلك استقالات جماعيه رغبه من عدد كبير ولا قليل من الاطباء هذا س ستفرزه النقابه والوزاره ما الذي يجعل الاطباء المصريين يعني يتركون العمل في وزاره الصحه,,0.229101,low
644da496-f3f1-432f-86d2-cbe39b917ad0,mediaspeech,../data/mediaspeech_ar/AR/644da496-f3f1-432f-86d2-cbe39b917ad0.flac,,عبر عبر هدا اليعني انتوا حتورجو المعاناه تبع الشعب والمشاكل السياسيه اللي عم بتادي طبعا ميزه هذا المعرض انه لاول مره الفنانين هما من,,0.676197,high
729043ca-75de-4829-a8cd-c08a0395c8ec,mediaspeech,../data/mediaspeech_ar/AR/729043ca-75de-4829-a8cd-c08a0395c8ec.flac,,في مايو ايار الجاري نصا الي ان غالبيه القصف و الغارات التي اوقعت مدنيين قتلي نفذتها قوات مرتبطه بحفتر و ما يسمي بالجيش الوطني الليبي هذا الشهر تقرير صدر عن مجلس الامن,,-0.001336,low
5ddb68c5-9935-44f7-8f98-25ffefebafb4,mediaspeech,../data/mediaspeech_ar/AR/5ddb68c5-9935-44f7-8f98-25ffefebafb4.flac,,بس هذه العقوبات هي ضد انسانيه ضد الانسانيه ككل يعني هي ضد الشعب الفنزويلي ضد الشعب الايراني ليست ضد الزعماء الايرانيين او الزعماء الفنزويليين يعني الرجال السياسين ليس,,0.195908,low
96a745de-3971-4c15-b9b8-390b9798e31c,mediaspeech,../data/mediaspeech_ar/AR/96a745de-3971-4c15-b9b8-390b9798e31c.flac,,بعضها يبقي اسميهم موجوده بحيث لو وزاره حاله يبقي معروف مين اللي كان معاه في السكن او في المسارات او في الموقع ممكن سهل عزلوه وووفكره فرض الكمامات اللي هتبتدي من اول يونيو الم,,0.659055,mid
a4561050-ec00-4eca-aa21-84132770723b,mediaspeech,../data/mediaspeech_ar/AR/a4561050-ec00-4eca-aa21-84132770723b.flac,,عشيه استئناف محادثات سد النهضه الذي سيتم خلالها تقييم مسار المفاوضات تتمسك اثيوبيا باعلان المبادئ الذي تم توقيعه في مارس الفين وخمسه عشر,,0.000565,low
b637e5e5-fb2e-48f8-8ac2-50830d4fd5a1,mediaspeech,../data/mediaspeech_ar/AR/b637e5e5-fb2e-48f8-8ac2-50830d4fd5a1.flac,,اكبر المحافظات من الثمان اصلا بعد ساعات رفضته وهو يعلم انه لا قبول له في الجنوب كامل هو في عدن واجزاء من لحج وف وفي الضالع ومع ذلك هم اخواننا ويجب ان نتوحد لمواجهه الحوثي وهنا,,0.06891,low
aaf0c1d4-a3ea-4605-8bac-9b592d9acac0,mediaspeech,../data/mediaspeech_ar/AR/aaf0c1d4-a3ea-4605-8bac-9b592d9acac0.flac,,خارج عن السيطره الان هذا جانب هل يعكس هذا مخاوف اجتماعيه من ان الامور منفلته وهل هذا بسبب اا عدم قدره الرئيس ترامب علي تطويق هذه,,-0.000847,low
6ffd5612-007c-47f4-9a57-b341ba25de6a,mediaspeech,../data/mediaspeech_ar/AR/6ffd5612-007c-47f4-9a57-b341ba25de6a.flac,,الي وجود سلاح خارج اطار الدوله مم هل تم تحديد هذه الجهات ا هل صدرت ا يعني اوامر للاجهزه الامنيه بالتعامل بشان هذا الملف يعني هذا الموضوع مهم جدا تعرف انت السلاح المنفلت يسبب لنا,,0.080116,low
566eacc6-34f7-4cb6-b57e-1f8bdb8c7ec9,mediaspeech,../data/mediaspeech_ar/AR/566eacc6-34f7-4cb6-b57e-1f8bdb8c7ec9.flac,,حديث العديد من الاعضاء منظمه حقوق الانسان او حتي الامم المتحده لم يتطرقوا الي الحديث علي انه فعلا من اسباب المشكله الرئيسيه هو ما يقوم به الحوثي من,,-0.003079,low
e2e45c18-33a3-4615-9d14-67203132dc60,mediaspeech,../data/mediaspeech_ar/AR/e2e45c18-33a3-4615-9d14-67203132dc60.flac,,عالم متحدثا باسمها علي ر رئاسه وزاره الخارجيه تعطي هذه القضيه اولويه كبري كيف نقرا ذلك وهناك تلاسنات سياسيه اذا لم يكن مع الحوثيين فمع المجلس الانتقالي هل هذا وقته,,0.056343,low
b9036cf5-c326-4d5f-af8e-7f36b44491d0,mediaspeech,../data/mediaspeech_ar/AR/b9036cf5-c326-4d5f-af8e-7f36b44491d0.flac,,نحن رحبنا بها وكنا ايضا سباقين في الترحيب باليوم التالي باعلان المبعوث الخاص لاجتماع عاجل لمناقشه الازمه وكان اساسا الذي ابلغناه الامين العام وابلغناه المبعوث انه يجب في الوقت الحالي,,-0.002799,low
a8195e72-11f9-41fa-82bf-b1c8af8a7db5,mediaspeech,../data/mediaspeech_ar/AR/a8195e72-11f9-41fa-82bf-b1c8af8a7db5.flac,,القوانين الوضعيه ولا يحكمه الضمير والسلوك الانساني الفعلي الاخلاقي بتجارب ميدانيه ابدا معك ثريا مقيت في برلين هل لك شرح او تفسير لهذه الصحوه ضد العنصريه,,0.011642,low
e0ad534a-cbe3-48a2-acb7-8a0ecd4d47d6,mediaspeech,../data/mediaspeech_ar/AR/e0ad534a-cbe3-48a2-acb7-8a0ecd4d47d6.flac,,الزلازل والكوارث البيئيه مثلا عواصف او مثل هذه الامور او اذا حصلت اضطرابات مثل ما حصل في لوس انجلوس استعمل الحرس الوطني هم لكن يستخدم الحر يعني الشرطه العسكريه,,0.002761,low
b54457ca-1548-4d35-9c26-37cbdadce3ad,mediaspeech,../data/mediaspeech_ar/AR/b54457ca-1548-4d35-9c26-37cbdadce3ad.flac,,لا من هنا ولا من هنا هذه عباره قويه انا اشكر حضرتك شكرا جزيلا دكتور احمد مره اخري في الواقع انه اليوم وجدنا صعوبه شديده في الوصول سواء للضيوف او للمشاركين الكرام دكتور كريم مصباح هل من تعقيب علي هذه النقطه موضوعيه الطرح والاولويات,,0.00573,low
5821da13-6cfe-42ab-b9e9-40c0f67479db,mediaspeech,../data/mediaspeech_ar/AR/5821da13-6cfe-42ab-b9e9-40c0f67479db.flac,,والتعامل مع الكرات الثابته ما زال ضعيف في المنتخب السعودي التسديد من خارج من خارج المنطقه اا غير موجود اا بعض بعض الاخطاء الدفاعيه شفنا الهدف اليوم تقريبا كان عده اخطاء,,0.219285,low
efe298af-e0b1-4b3a-957b-1ba3147fb3a8,mediaspeech,../data/mediaspeech_ar/AR/efe298af-e0b1-4b3a-957b-1ba3147fb3a8.flac,,الحوار سؤالي لحضرتك هو عن الفجوه العسكريه التي حضرتك تفضلت بوصفها ما الذي ستفضي اليه خصوصا بعد الانسحاب او اعلان الغاء اتفاق صخيرات من طرف واحد الحديث عن قواعد,,0.012956,low
93bca005-b230-490d-a8a1-79c04900df06,mediaspeech,../data/mediaspeech_ar/AR/93bca005-b230-490d-a8a1-79c04900df06.flac,,هذا الامر وبدانا نحنا كوزاره زراعه بوضع خطه لمساعده للهيئه الناظمه حينما تعين يكون عندنا ملف جاهز ودراسه جاهزه من خلال خبراء وباحثين من خلال مراكزنا الزراعيه,,0.021072,low
b64a2fbe-fb7a-4ba7-b36d-eb5f586c79ce,mediaspeech,../data/mediaspeech_ar/AR/b64a2fbe-fb7a-4ba7-b36d-eb5f586c79ce.flac,,اللي احنا للاسف لا نترجم الا نادرا للعربيه من اعمالها وتقاريرها نحنا في المعهد الاسكندافي لحقوق الانسان ترجمنا عده تقارير لي لجنه,,0.237234,low
c6aa3acd-ab30-4f91-afa0-9950895b5fd6,mediaspeech,../data/mediaspeech_ar/AR/c6aa3acd-ab30-4f91-afa0-9950895b5fd6.flac,,يعني الرئيس عند عقده نرجسيه كبيره بانه لا يخطئ ولا يمكن ان تصحح له اخطائه لانك انت ستكون متامر ضده فلهذا السبب بعدين النقطه الثانيه عند مشاجب كثيره,,0.23221,low
f3adde0e-996d-4e34-a4d7-a37194845f0a,mediaspeech,../data/mediaspeech_ar/AR/f3adde0e-996d-4e34-a4d7-a37194845f0a.flac,,وال ااا لل يعني في عدن حتي وبالتالي التصريحات تتوالي فلماذا الحوثيون فقط بعدين حضرتك تتحدث عن ان الحكومه لا تريد التسييس الواقع انو الطرفان كاي شيء اخر يسيسان هذه المساله العزي,,0.329421,low
573f4fd2-e4ff-49c7-8fcc-4aa5b90e4a9c,mediaspeech,../data/mediaspeech_ar/AR/573f4fd2-e4ff-49c7-8fcc-4aa5b90e4a9c.flac,,وفي توصيلك الها من خلال الاداء والتمثيل انو تتميز ولا تكون المساله استنساخ يعني نفس الافكار نفس التقديم نفس الطريقه ااا شوف انا ما,,0.607463,mid
662fea1d-e2fd-42a5-81e7-72d430072817,mediaspeech,../data/mediaspeech_ar/AR/662fea1d-e2fd-42a5-81e7-72d430072817.flac,,طريقه اا انه اا قريبي وعمليه طلعنا من الروتين استراتيجيات بلبنان اا كنا عم نعتمد عشي حديث ومتطور متقدم وسيكون اول اطلاق او اول حوار,,0.539866,mid
f0d65cf1-858d-4238-b43e-39b9eb2dec01,mediaspeech,../data/mediaspeech_ar/AR/f0d65cf1-858d-4238-b43e-39b9eb2dec01.flac,,لكن هو يرفض هو قام بعمليه اطلاق ال الرصاص المطاطي و الغازات المسيله للدموع المتظاهرين قبل يومين لان الصحف قالت انه هرب الي القبو البيت الابيض مم و دائما يحب الشعور او اشعار,,0.015075,low
9af1f79f-3385-4dc9-b1e7-f9d42fc2fa73,mediaspeech,../data/mediaspeech_ar/AR/9af1f79f-3385-4dc9-b1e7-f9d42fc2fa73.flac,,والحمد لله كانت الاستجابه عاليه جدا فيهوم تمام كيف كان حجم الامكانيات المتاحه لحضرتك في طاقم طبي للاشراف علي وحدات العنايه المركزه في مستشفي عزل اسنا مستشفي اسنا,,0.267512,low
efced3e9-9040-46ab-a98f-1a335e9c8480,mediaspeech,../data/mediaspeech_ar/AR/efced3e9-9040-46ab-a98f-1a335e9c8480.flac,,وطاه المجاعه وسوء التغذيه وانعدام الخدمات الاساسيه وتواجهه كورونا اليوم رغم ذلك لم تهدا اله الحرب فهل تنفعه اموال المانحين ومن بيده حل عقده عقده اليمن بل عقده,,0.014627,low
6b299dda-d71d-4b07-a077-373d8631f710,mediaspeech,../data/mediaspeech_ar/AR/6b299dda-d71d-4b07-a077-373d8631f710.flac,,يغضب قاعدته الانتخابيه الكبيره اللي هي من البيض المتشددين المحافظين بالذين يعيشون في القري والارياف والذين لا يحمل معظمهم شهادات جامعيه فلا يريد ان,,0.109584,low
13ddbec7-df7c-4087-90e6-988026dfbe3e,mediaspeech,../data/mediaspeech_ar/AR/13ddbec7-df7c-4087-90e6-988026dfbe3e.flac,,مع التحالف الدولي وفي موضوع التسليح والتدريب والتجهيز لكن احنا ما احتاجين الجندي الاجنبي سواء الامريكي او الفرنسي او الايطالي او كل ضمن التحالف ان يحمل السلاح ويقاتل,,0.353646,mid
70411bf4-1403-4074-a3f1-b9a4f5bd8fa4,mediaspeech,../data/mediaspeech_ar/AR/70411bf4-1403-4074-a3f1-b9a4f5bd8fa4.flac,,اصبح رئيس سابق وخارج البيت الابيض ولكن حظه انه يعني جماعه الجمهوريين كقطيع الغنم اصطفوا وراءه ولم يتجرا الا بالترامن,,0.002225,low
61101661-f787-4853-af0e-2d73b11f2c06,mediaspeech,../data/mediaspeech_ar/AR/61101661-f787-4853-af0e-2d73b11f2c06.flac,,الي مشاريع تحول الي شركه وتطرح بالكامل للسوق لا تعتبرون انكم ستديرون بوصفكم مسؤولا عن صندوق الاستثمارات العامه ورئيسا للمجلس الاقتصادي والتنميه انكم تن,,0.006354,low
6c9dcc96-514b-4778-9b12-b02bc30ac870,mediaspeech,../data/mediaspeech_ar/AR/6c9dcc96-514b-4778-9b12-b02bc30ac870.flac,,من الخيار العسكري والدخول في الخيار السياسي وكان اخرها في فبراير الماضي حينما دعت الجزائر الي مؤتمر وطني ليبي هنا بالجزائر لكن هناك اطراف اخري تعمل علي في تلك المرحله,,-0.004231,low
adaa13a3-86cc-4af4-a85b-1ab150f718a6,mediaspeech,../data/mediaspeech_ar/AR/adaa13a3-86cc-4af4-a85b-1ab150f718a6.flac,,اولا بالنسبه للواقع اللبناني اصبحت الواقع الشركات اللبنانيه وحتي المصارف اللبنانيه اصبحت لا حول ولا قوه فهي في حال يرثي له من الواضح ان لبنان يعاني من ازمه اقتصاد,,0.009004,low
b8ba256c-eefc-4017-ad3c-0359260aadbf,mediaspeech,../data/mediaspeech_ar/AR/b8ba256c-eefc-4017-ad3c-0359260aadbf.flac,,في ما مضي من اتفاقات والتي كان من شانها ان تحترم امن دول المصب الاقتصادي وسلامه حصصهما المائيه نعود لمناقشه هذا الملف مع ضيفينا واتوجه الي القاهره مع الاستاذ,,-0.003487,low
edba94a0-0dd4-40d2-852d-9966af28e6ba,mediaspeech,../data/mediaspeech_ar/AR/edba94a0-0dd4-40d2-852d-9966af28e6ba.flac,,عندها صناعات متقدمه متطوره يعني اليوم صار شي بديهي زراعه القنب الهندي و خاصه انه احنا بلبنان لدينا ا تربه و لدينا مناخ و لدينا ا و لدينا خبره يعني خب,,0.408343,mid
95e1d29c-c126-42eb-83f4-b8f74b3747b7,mediaspeech,../data/mediaspeech_ar/AR/95e1d29c-c126-42eb-83f4-b8f74b3747b7.flac,,ايا ومصابي كورونا من القطاع الطبي ووصمهم بالصله مع جماعه الاخوان بدانا محاوله للتهدئه بين الفريقين افضت الي اجتماع يوم امس الخميس بين النقيب ورئاسه الوزراء بحضور مستشارين لرئاسه الجمهوريه ناقش,,0.173213,low
d45f2bf2-dfeb-45cb-846a-2b5289477eda,mediaspeech,../data/mediaspeech_ar/AR/d45f2bf2-dfeb-45cb-846a-2b5289477eda.flac,,المواطن اذا كان التحميل علي المواطن خطه عشرين ثلاثين جنودها تتحدث عن رفاهه المواطن فبالتالي هل تعثرت هذه الخطه لا لم تتعثر لا تنسي ان خطه عشرين ثلاثين امدها بدا منذ,,0.005367,low
5fa9cef3-e156-4883-9356-742815222014,mediaspeech,../data/mediaspeech_ar/AR/5fa9cef3-e156-4883-9356-742815222014.flac,,لا تختلف وفقا لعبدالكريم عن اي دوله من دول العالم الثالث اما جميله غالب تساءلت في تغريده لها الا ترون ان رده فعل الامريكيين مبالغ فيها,,0.067491,low
63295ceb-837d-4bdd-9122-3e192b54fd0f,mediaspeech,../data/mediaspeech_ar/AR/63295ceb-837d-4bdd-9122-3e192b54fd0f.flac,,اللي يكتب العشم في بعضهم لا لك هو بيصح التصرف ده لان المفروض كان هل هذ من نتائج التحقيقات الرسميه التي طلعت عليها اللجنه الصحيه في مجلس النواب لا في قيد التحقيقات لا دي لسه قيد التحقيقات بس انا ده الكلام اللي انا سامعاه من,,0.821222,high
5ee9b8fb-154e-4519-ac3d-1e8b0b82f820,mediaspeech,../data/mediaspeech_ar/AR/5ee9b8fb-154e-4519-ac3d-1e8b0b82f820.flac,,عنها من فوضي و دمار هذا الطبيب المتخصص في جراحه القلب و الشرايين من مدينه ادلب هدوءه يبعث الطمانينه في قلوب زملائه و مرضاه,,0.006174,low
e1012490-2de6-449f-ad3b-d6da9284b96d,mediaspeech,../data/mediaspeech_ar/AR/e1012490-2de6-449f-ad3b-d6da9284b96d.flac,,ضيوفنا من القاهره مستشار مركز الاهرام للدراسات عمرو الشوبكي ومن تونس معنا رئيس تحرير صحيفه اخبار الحدث محمود المصراتي ومن الجزائر استاذ العلوم السياسيه توفيق,,0.017169,low
175ce34b-f3aa-4476-85b9-644ceb4c1342,mediaspeech,../data/mediaspeech_ar/AR/175ce34b-f3aa-4476-85b9-644ceb4c1342.flac,,قاعده الوطيه اللي نسميها انسحاب هي خساره عسكريه كبيره ما ادري كيف انسحاب من اكبر قاعده في شمال افريقيا يترك و يتركها بذخائرها بمنظوماتها و يقول هذا انسحاب تكتيكي لا ادري ماذا ما هذا ممكن نسال اي عسكري ممكن يجاوبك عليه الكلام,,0.509213,mid
eac80444-22c6-45bd-ae9a-2c9a5591a040,mediaspeech,../data/mediaspeech_ar/AR/eac80444-22c6-45bd-ae9a-2c9a5591a040.flac,,تحارب يعني النفوذ الايراني لا ننسي بان اليمن تحول في السنوات القليله الماضيه الي حلبه صراع خليجي ايراني الي مسرح منافسه,,0.125532,low
f3be5517-b4cb-4666-9317-7ca38442aaec,mediaspeech,../data/mediaspeech_ar/AR/f3be5517-b4cb-4666-9317-7ca38442aaec.flac,,ولم تسكت اكرر للمره الثالثه هي ابقت تغريدته ولكن قامت بواجبها القانوني ولديها اكرر وانا اعرف ذلك مباشره لديها قسم قانوني كبير جدا يعمل فيه,,0.003066,low
52a7cb48-5aef-472e-bde6-e13414ec6397,mediaspeech,../data/mediaspeech_ar/AR/52a7cb48-5aef-472e-bde6-e13414ec6397.flac,,من البطاريات الموجوده في السوق ومزجها بماده مجففه وهذا ينتج ماده زيولايت وهي ماده نشطه تستخدم لعزل الاوكسجين نستخدم هذا مع جهات الضغط,,0.002987,low
e69ba73a-0e5d-41f8-a4d5-8089c3c36c71,mediaspeech,../data/mediaspeech_ar/AR/e69ba73a-0e5d-41f8-a4d5-8089c3c36c71.flac,,علاقه بارامكو لها علاقه ان اصبح اليوم كانه دستورنا الكتاب و السنه ثم البترول هذه خطيره جدا احنا صار عندنا حاله ادمان نفطيه في المملكه العربيه,,0.31483,low
767f5dd3-1d04-4013-9be3-788b2f4b723a,mediaspeech,../data/mediaspeech_ar/AR/767f5dd3-1d04-4013-9be3-788b2f4b723a.flac,,علي العكس منه استفاض اشرف عمر في تعليقه وقال في تغريده الاقتصادات العالميه تاثرت كثيرا بعضها قارب علي الانهيار الاقتصاد السعودي قوي متزن متماسك والاجراءات الاخيره هي لحفظ,,-0.003328,low
29c56583-0c90-4137-894b-d7fceeaf3caa,mediaspeech,../data/mediaspeech_ar/AR/29c56583-0c90-4137-894b-d7fceeaf3caa.flac,,تتجاوز في الناتو وكانها دوله اكبر تركيا لها في الناتو اكثر من ما يوجد لفرنسا في الحلف وتركيا دوله اصيله في الحلف وتركيا وفرنسا اليوم اذا يعني اردنا التحدث من منطلق البيان الفرنسي بان,,-0.00152,low
4c6fa1cc-2830-47cb-b4d6-8c8ee8fb6c44,mediaspeech,../data/mediaspeech_ar/AR/4c6fa1cc-2830-47cb-b4d6-8c8ee8fb6c44.flac,,الاداره العسكريه بالاضافه الي محطه الرادارات التي علي سبيل المثال تورد المعلومات المهمه في مصلحه جميع النظم الدفاع الجوي و,,0.002192,low
9a9344c7-8dcb-4419-af49-09dfac7df10e,mediaspeech,../data/mediaspeech_ar/AR/9a9344c7-8dcb-4419-af49-09dfac7df10e.flac,,تداعيات لاي عقوبات امريكيه تفرضها سواء كانت في الماضي او هذه العقوبات المقترحه الجديده و اظن ان الاداره الامريكيه تنظر بعين الاعتبار لهذه التداعيات لكنها في نفس الوقت تعتبر ان,,-0.005085,low
b8d71953-4a63-40c7-9c1b-a4cb67ed9d6e,mediaspeech,../data/mediaspeech_ar/AR/b8d71953-4a63-40c7-9c1b-a4cb67ed9d6e.flac,,تطوير ب  بشكل اكبر عشان تقدر تقارع علي مستوي تصفيات كاس العالم او علي مستوي البطوله الاسويه لانو التطور ال الحاصل الان لا هو تطور ايجابي شكل المنتخب اكيد الكل,,0.4307,mid
1f7ff9c5-742c-488a-9cc2-30a528765abb,mediaspeech,../data/mediaspeech_ar/AR/1f7ff9c5-742c-488a-9cc2-30a528765abb.flac,,بقي بقيلو غيرها من من اليمنيين طيب السؤال الان لدينا كذلك مشروع اليوم اللي هو خمس مئه مليار دولار اين هذه المشاريع قتل الناس واخرجهم من ديارهم والي اخره اذا هناك تخبط اقتصادي,,0.398593,mid
90f4a2b7-10e2-4537-9972-6af62d126f7d,mediaspeech,../data/mediaspeech_ar/AR/90f4a2b7-10e2-4537-9972-6af62d126f7d.flac,,واعطي نعم السود المزيد من الحريات للدخول الي الجامعات وان ينخرطوا في العمل السياسي ولكن خلال خمسين عام الماضي ظل السود هم ومع اللاتينيين الان الذين فاقت نسبتهم نسبه السود,,0.044745,low
dc3fa947-5adc-4a82-99eb-a0a245a067e2,mediaspeech,../data/mediaspeech_ar/AR/dc3fa947-5adc-4a82-99eb-a0a245a067e2.flac,,اقتصاديه كبيره و باتجاه اوضاع خانقه من الناحيه الاقتصاديه لا شك بانها سوريا تعيش حاله حرب علي امتداد العشر سنوات او تسع سنوات الماضيه هذا من جهه من جهه اخري الحقيقه بالرغم من حاله الحرب هذه,,-0.002631,low
9c632492-b88d-4a0b-93aa-24d1e35f078b,mediaspeech,../data/mediaspeech_ar/AR/9c632492-b88d-4a0b-93aa-24d1e35f078b.flac,,التمييز العنصري هي كثيره ومتعدده جدا منها الفروق الماديه منها الجهل منها عدم الوعي و وهذا يقع ااا يقع علينا عبء يعني يقع عبء ااا كبير علينا جم,,0.053898,low
ff005c6e-3b9e-4f57-8d6f-0777a20bf6cc,mediaspeech,../data/mediaspeech_ar/AR/ff005c6e-3b9e-4f57-8d6f-0777a20bf6cc.flac,,او لا تقاتل ليكون المسمي بعد ذلك لا هناك نقاط ارتكاز لا تزال يجب ان تعالج بني وليد جنوب شرق ترهونه وعندك هناك سرت شمال شرق ترهونه هذه,,0.00141,low
a687b302-ca97-4772-b532-bf21c3200628,mediaspeech,../data/mediaspeech_ar/AR/a687b302-ca97-4772-b532-bf21c3200628.flac,,عن العمل بشكل كامل فاصبحت عاجزه عن سداد رواتب العاملين واصبح الاستغناء عن جزء من هذه العماله خيارا لا مفر منها ان لم تتدخل الدوله بشكل مباشر,,-0.004017,low
46725a75-8f4c-4efc-92a0-89518fbacc91,mediaspeech,../data/mediaspeech_ar/AR/46725a75-8f4c-4efc-92a0-89518fbacc91.flac,,اسيء استخدام هذه المنظومات الصاروخيه لماذا لانه عاده ما يتم استخدام هذه المنظومات الصاروخيه المدفعيه عند حمايه والدفاع عن اهم,,-0.003234,low
6611399c-2772-4138-b544-ed00f8a457c2,mediaspeech,../data/mediaspeech_ar/AR/6611399c-2772-4138-b544-ed00f8a457c2.flac,,الناس تفهم نقطه النظام الفدرالي الامريكي الشرطه ليست مسؤوليه الرئيس ترامب ولا الحكومه المركزيه الفيدراليه في واشنطن الشرطه مسئوليه المدينه حتي الولايه مو مسؤوله عنها يعني ال,,0.368927,mid
2a67b566-5d18-4e94-8161-354f9c30a174,mediaspeech,../data/mediaspeech_ar/AR/2a67b566-5d18-4e94-8161-354f9c30a174.flac,,وتعرقل وتجعل من اي اتفاق جديد غير ممكن ما لم نذهب الي المشكل الحقيقي وما لم نشخص المشكل الحقيقي وما لم نعالج المشكل الحقيقي السؤال لماذا لم ينجح اتفاق,,-0.00073,low
a1ea0336-c20d-49d7-9c8a-30d67e5e71ea,mediaspeech,../data/mediaspeech_ar/AR/a1ea0336-c20d-49d7-9c8a-30d67e5e71ea.flac,,ضد السياسه الامريكيه العنصريه لكن نحن نحافظ علي امن واستقرار الكيان الصهيوني ونحن نحافظ علي الكيانات التابعه للامريكيين في المنطقه,,-0.00327,low
0d197698-9a50-41db-a9c1-29c75743f90d,mediaspeech,../data/mediaspeech_ar/AR/0d197698-9a50-41db-a9c1-29c75743f90d.flac,,ويقول كذا وكذا وكذا وتكفيريين انا اساله فقط لماذا لاي يوجد الجنجاويد السبيعه امام معهد الطيران لماذا يوجد الفاجنر في في وادي الربيع وللعلم,,0.267416,low
3b4c9453-106a-40db-81e2-3fd12ba9b549,mediaspeech,../data/mediaspeech_ar/AR/3b4c9453-106a-40db-81e2-3fd12ba9b549.flac,,رباعي مباريات امام البحرين عمان في دوري المجموعات وقطر في المربع الذهبي وامام البحرين في النهائي افضل حارس في البطوله حصل علي جائزته حارس,,-0.003326,low
af102f15-865b-4d8b-9235-b70f1fa2edb2,mediaspeech,../data/mediaspeech_ar/AR/af102f15-865b-4d8b-9235-b70f1fa2edb2.flac,,هذا المكان هل عرضت هل عرضت اللجنه الصحيه سيدتي هل عرضت اللجنه الصحيه مقترح علي وزاره الصحه او علي الجهات المعنيه كما حضرتك تفضلتي وذكرتي وقد استجابت لكم بشان طب اسال السؤال بس استجابت لحضرتك بشكل ايجا,,0.12681,low
d76ca2e3-db61-4379-8bd6-019c00643b88,mediaspeech,../data/mediaspeech_ar/AR/d76ca2e3-db61-4379-8bd6-019c00643b88.flac,,المواطنين سجناء تحت الرقابه علي حد تعبيره كتب لنا و قال في هذا التعليق المراقبه عن طريق الرصد الالكتروني هي انتهاك كامل للحريه الفرديه و طمس,,-0.00198,low
37d9e8e1-c4a3-4c9a-b22b-05fa5ec2a7f0,mediaspeech,../data/mediaspeech_ar/AR/37d9e8e1-c4a3-4c9a-b22b-05fa5ec2a7f0.flac,,رغم ان الرئيس الامريكي يعتبر القائد العام للقوات المسلحه نعم و لكن بالطبع الجيش الامريكي و الجنود الامريكيين ا يعني الضباط الامريكيون,,0.040873,low
5d069046-93c2-410b-90a1-feac4edbe3a3,mediaspeech,../data/mediaspeech_ar/AR/5d069046-93c2-410b-90a1-feac4edbe3a3.flac,,الجانب الامريكي من النظام السوري لا يستطيع حتي النظام السوري حتي لو اراد لا يستطيع ان ينفذه ماذا يطلب يطلب فك ارتباط مع الجانب الايراني يطلب تفكيك و تردد الميليشيات الايرانيه التي تعمل في سوريا,,-0.004833,low
cb9d297e-4185-4724-b7ca-ab183d47d5f6,mediaspeech,../data/mediaspeech_ar/AR/cb9d297e-4185-4724-b7ca-ab183d47d5f6.flac,,والمؤسسات تابعه للموازنه العامه للدوله طيب يعني الموازنه العامه هنقول ان الاموال دي صرفت من الموازنه العامه للدوله مؤكد طيب الفلوس اللي هتعود هل هتدخل الموازنه العامه للدوله يعني ما يحصله من كل,,0.685645,high
abaf0efb-aebb-4503-8dad-46df60adddf2,mediaspeech,../data/mediaspeech_ar/AR/abaf0efb-aebb-4503-8dad-46df60adddf2.flac,,رد علي ما حضرتك تقول استاذ صلاح الدين اولا اريد من حضرتك رد كي نشكرك شكرا جزيلا اتفضل هل من رد علي ما طرح الان انا اؤكد الذي يقول بان ميليشيات طرابلس,,0.102091,low
a883866a-4f6d-4677-a592-7dc45526deff,mediaspeech,../data/mediaspeech_ar/AR/a883866a-4f6d-4677-a592-7dc45526deff.flac,,كبيره نعم من الناحيه الامنيه وعلي الرغم من التطورات الاخيره التي حدثت والتي اشار فيها ترامب الي امكانيه اا اعاده الاتفاق مع ايران وهكذا لكن ما زالت,,-0.001704,low
b02b3a7c-e07b-4060-88b1-6a7fb8187cb3,mediaspeech,../data/mediaspeech_ar/AR/b02b3a7c-e07b-4060-88b1-6a7fb8187cb3.flac,,الا جاحد و رحم الله الشيخ زايد الذي اتي الي اليمن في اربعه و ثمانين و عندما عندما تكفل باعاده سد مارب و قال مقولته المشهوره انني اعلم فيما قال ان هذا السد هو اغلي ما لدي اليمنيين,,0.06108,low
eab20774-a8a4-410d-bf9a-62ac2a27641f,mediaspeech,../data/mediaspeech_ar/AR/eab20774-a8a4-410d-bf9a-62ac2a27641f.flac,,سلاح يقتلون علي ايدي رجال الشرطه او في الاحتجازات في ادارات الشرطه فانا يمكن ان اعمق بعد اتعمق لبعض التفاصيل ففي مختلف الولايات هناك الكثير من الحالات في الجنوب,,0.001968,low
ea8e544d-b4eb-44c5-9745-6abf246ae7e4,mediaspeech,../data/mediaspeech_ar/AR/ea8e544d-b4eb-44c5-9745-6abf246ae7e4.flac,,نري ان الولايات المتحده دائما تنتقد الحالات مع حقوق الانسان ولكن هي الطرف الاساسي الذي لا يحترم حقوق الانسان فنحن نري هذه السياسه المنافقه ولو نظرتم الي عدد من,,-0.000889,low
12b84349-e9d9-4856-bac3-393e7383d7c6,mediaspeech,../data/mediaspeech_ar/AR/12b84349-e9d9-4856-bac3-393e7383d7c6.flac,,التي اشارت اليها حنين والان هناك حديث مباشر يقول به الرئيس او يدفع به الرئيس ان اولا منافسه سياسيه اتهام مباشر لليسار واليسار الراديكالي اكثر ربما,,-0.00284,low
91325f59-fff7-4cc1-ad75-3f514ac715f9,mediaspeech,../data/mediaspeech_ar/AR/91325f59-fff7-4cc1-ad75-3f514ac715f9.flac,,الاقتصاديه و الماليه التي تعصف بالبلاد و ما هي الاليات و المعايير التي ستعتمدها الدوله لضبط هذه الزراعه و عدم تسربها الي سوق المخدرات و هل ستكون الحشيشه بديلا,,-0.001124,low
a597e973-3d3e-499f-8256-f41babb44e1d,mediaspeech,../data/mediaspeech_ar/AR/a597e973-3d3e-499f-8256-f41babb44e1d.flac,,الوزاره اصرت علي تطبيقه فورا وحالا ودفعه امتنعت عن التسجيل ا هو الحقيقه ما فيش جديد في الموضوع ده حتي بعد تراجع الوزاره الاسبوع اللي فات واعلانها عن نظام وسيط ما بين,,0.391492,mid
a0070569-7b99-49c6-b639-d9cc9ae19e2c,mediaspeech,../data/mediaspeech_ar/AR/a0070569-7b99-49c6-b639-d9cc9ae19e2c.flac,,ابتدوا يدوا نص مرتب و بعد كده يبتدوا ما فيش مرتبات و يمشوا نص قوه العمل او ربع قوه العمل كل اللي قعدوا عايزين شغل جديد في محلات مش هتفتح ثاني اصلا,,0.972939,high
a11b2150-f949-4268-aac8-66a1be088c9b,mediaspeech,../data/mediaspeech_ar/AR/a11b2150-f949-4268-aac8-66a1be088c9b.flac,,يعني مسؤول عنه معظم السياسين الموجودين معه علي طاوله مجلس الوزراء هو لا يصوب علي دورهم في هذا الفساد بشكل اساسي والمساله الثانيه هو,,0.026707,low
d497036c-a270-491e-a45c-31da9b56aefa,mediaspeech,../data/mediaspeech_ar/AR/d497036c-a270-491e-a45c-31da9b56aefa.flac,,الاستاذ هاني عندما تقول انهم يعني تريد شيء قائم حول اعلان المبادئ هذا جيد من حيث العموميات ولكن هناك تفاصيل لابد من ضبطها في اتفاقيه جديده لماذا ترفض اديس ابابا,,0.006569,low
aa8580e5-1757-4332-9244-dc2e89c7ac33,mediaspeech,../data/mediaspeech_ar/AR/aa8580e5-1757-4332-9244-dc2e89c7ac33.flac,,رئيس مليارات ان تنحصر البطاله الرعايه الصحيه و الاسكان و تخفيف الضرائب هذا راي عمر ناجي العلي او من يسمي نفسه كذلك اا يقول ما يقوم به,,0.012783,low
4fb4b95b-dfd7-41fd-a316-6f329e520c31,mediaspeech,../data/mediaspeech_ar/AR/4fb4b95b-dfd7-41fd-a316-6f329e520c31.flac,,يبحثون ملفين ولكن هذا لا يعني انه ممكن ان تتم المقايضه ما بين الملفين ابدا وهم ممكن ان يتم تطبيق نفس السيناريو في ليبيا مثل ما هو في سوريا انا استبعد ذلك,,-0.003127,low
b7c1d3d8-ceff-4b0e-b080-0a3cac08cc88,mediaspeech,../data/mediaspeech_ar/AR/b7c1d3d8-ceff-4b0e-b080-0a3cac08cc88.flac,,الجانب الامريكي بات لديه طرق اخري ما يتم الحديث عنها الان من حرب سيبيرانيه حادث ا الفرقاطه كونارك وايضا تعطل ميناء رجائي اليست هذه ضربات امريكيه ربما تدفع,,-0.003804,low
5909da26-f616-43dc-b44a-c5e3ee235c15,mediaspeech,../data/mediaspeech_ar/AR/5909da26-f616-43dc-b44a-c5e3ee235c15.flac,,خلال المطالبه الكبيره وتجهيز الملفات اللي هي صارت ملفات لا باس فيها متناولنا ستكون قريبه قريبا بمتناول المزارعين نحن عم نعمل جهد كبير نحنا بدانا,,0.250428,low
943a1c7f-59ac-476d-afcf-bffc700ca7b3,mediaspeech,../data/mediaspeech_ar/AR/943a1c7f-59ac-476d-afcf-bffc700ca7b3.flac,,ال ال الاصل الامريكيه من اصل لاتينو او هيسبانيك هناك ايضا انا اشكرك يا دكتور نبيل شكرا جزيلا للاسف وقتنا انتهي لكن شرفتنا دكتور نبيل ميخائيل المحاضر في العلوم السياسيه والعلاقات,,0.071305,low
5f2d5057-9593-4126-a179-0c0e2b523cc5,mediaspeech,../data/mediaspeech_ar/AR/5f2d5057-9593-4126-a179-0c0e2b523cc5.flac,,جمهوريه تركيا في وضح النهار هو ترجم لعده لغات وانتشر ونشر في العلن وفوق الطاوله الموضوع مساله ان نقول ان نشتري طائرات مسيره مثلا علي سبيل المثال من,,0.025974,low
a725c80c-55cc-4caf-a850-4f5903a3fa6e,mediaspeech,../data/mediaspeech_ar/AR/a725c80c-55cc-4caf-a850-4f5903a3fa6e.flac,,محقه للناس الي مواجهات سياسيه وقد تجلي هذا الامر في نهايه الامر بالحراكات التي تحولت من تظاهرات سلميه مقبوله ومطلوبه وهي تشكل نوعا من,,0.007718,low
221ff0f5-aa1b-4268-a9a1-380c2d27b3bb,mediaspeech,../data/mediaspeech_ar/AR/221ff0f5-aa1b-4268-a9a1-380c2d27b3bb.flac,,يبرمجون حياته وموته فارس ناجي قال لنا في تغريده هم لا يحتاجون الي كورونا او لغيرها هم ظلمه طوال الوقت الكرسي جعل منهم اناسا اقل,,0.065778,low
8691e8d6-637e-4c76-9933-211e3473be60,mediaspeech,../data/mediaspeech_ar/AR/8691e8d6-637e-4c76-9933-211e3473be60.flac,,الجيش النقابه اتهمت الوزاره قبل سابق صراحه بالتقاعس في واجباتها ولوحت باجراءات قانونيه منتواه وملاحقه المتورطين في التقصير الذي يصل لحد جريمه القتل بالترك علي حد,,0.044011,low
9c223de1-a70d-408d-b12e-ca05718058c3,mediaspeech,../data/mediaspeech_ar/AR/9c223de1-a70d-408d-b12e-ca05718058c3.flac,,كما تلحق في نهايه المطاف في المواطن البسيط وهذا ما بدا يدفعه المواطن في سوريا وهذه هي نقطه اساسيه وجوهريه وربما هي لب النقاش اذا شئت اما الزاويه الثانيه وباعتقادي انها علي غايه من الاهميه ان ما,,0.023849,low
a301e272-94f1-4584-a1ca-af65148f794b,mediaspeech,../data/mediaspeech_ar/AR/a301e272-94f1-4584-a1ca-af65148f794b.flac,,الان سيتغير غدا ما اقوله الان لا يتعارض مع ما كان قبل اسبوع انا اتحدث عن الان سياده اللواء انا اتحدث عن الان بعد تركيبه الجماعات المقاتله في هذه المدن والمحافظات يا سيدتي الان الغرب الليبي,,-0.003995,low
426db5e5-7386-4956-9a2d-3fa9704fb070,mediaspeech,../data/mediaspeech_ar/AR/426db5e5-7386-4956-9a2d-3fa9704fb070.flac,,المؤتمرات و في الامم المتحده و بقول نحن في فلسطين من الفين سنه,,0.353349,mid
e27c009b-7960-4bf8-8ef0-55255dc8eeef,mediaspeech,../data/mediaspeech_ar/AR/e27c009b-7960-4bf8-8ef0-55255dc8eeef.flac,,علي ضروره وجود المساواه بين جميع افراد المجتمع واكد ذلك سيدنا محمد صلي الله عليه وسلم عندما قال لا فرق بين عربي واعجمي الا,,-0.005383,low
1b738da8-1e2b-4a6c-91a9-fb6b04c7a846,mediaspeech,../data/mediaspeech_ar/AR/1b738da8-1e2b-4a6c-91a9-fb6b04c7a846.flac,,لماذا هناك اختلاف في الارقام يعني اذا كنا نتحدث في حاله طبيب واحد فتحت فيها فتح فيها تحقيق اعتقد اعتقد الارقام اعتقد الارقام الصحيحه هي اللي من قبل وزاره الصحه لانها هي اللي بتعمل التحاليل بس ما مصلحه النقابه ان تتحدث عن ارقام اعلي يا دكتوره شاديه,,0.40128,mid
de672b30-666f-4f6e-93b3-a3607834f91c,mediaspeech,../data/mediaspeech_ar/AR/de672b30-666f-4f6e-93b3-a3607834f91c.flac,,شمال كوريا ومصر حتي واسرائيل وغيرها اذا المساله مساله كبيره جدا تتعلق بالسياق القانوني للدوله ذاتها التي تعمل تويتر فيها وايضا,,0.066604,low
2bcfd29a-f676-4201-81fb-bd0134b4ac60,mediaspeech,../data/mediaspeech_ar/AR/2bcfd29a-f676-4201-81fb-bd0134b4ac60.flac,,في حال استمر هذا الوضع الامني المنفلت وفي حال استمرت القوات الامنيه فانها غير قادره علي السيطره علي الوضع وفي عديد من السكان ال ال ال حطو علي مواقع التواصل الاجتماعي,,0.130458,low
84099f60-2517-46f7-ba16-168afe02a38f,mediaspeech,../data/mediaspeech_ar/AR/84099f60-2517-46f7-ba16-168afe02a38f.flac,,كمرجعيه لابرام اي اتفاق متهمه مصر بمحاوله سلب اديس ابابا ما تعتبره حقوقها المائيه فهل تعود خلافات السد الي مربعها الاول وما تبعات,,0.063039,low
9ca5d27d-9925-4819-b6a0-e52743a4c990,mediaspeech,../data/mediaspeech_ar/AR/9ca5d27d-9925-4819-b6a0-e52743a4c990.flac,,دول ال الموثقين اا فقط عندما تقولي ان الحادث كبر اكثر من حجمه الا تعتقد ان حجمه كبير اصلا و علي الرئيس ان يواجه هذا الامر و يعترف به الرئيس اعترف به,,-0.001684,low
da792525-ac1b-44ca-a80a-275f7b7d04f9,mediaspeech,../data/mediaspeech_ar/AR/da792525-ac1b-44ca-a80a-275f7b7d04f9.flac,,وكاله اعتمدوا علي وقائع وتقديرات وارقام والتوقعات وما الي ذلك وقائلين انه في عام بعد خمس سنوات الولايات المتحده ستكون من اكبر من اكبر مصدري الغاز,,0.032113,low
4c8ed587-89ad-44cd-b961-c82ea98d68bf,mediaspeech,../data/mediaspeech_ar/AR/4c8ed587-89ad-44cd-b961-c82ea98d68bf.flac,,امام حضراتكم خصوصا الساده المقيمين خارج ليبيا سياده اللواء فايز دويري اذا ما صح ما يجري الاشاره اليه ا من بعض التحليلات الاستراتيجيه عن انه بقي لخليفه حفتر خدود امتاء امداد,,0.138433,low
fcad2c1f-6620-49a4-b638-47d487309726,mediaspeech,../data/mediaspeech_ar/AR/fcad2c1f-6620-49a4-b638-47d487309726.flac,,الباحث السياسي يوسف دياب والباحث السياسي والاستاذ الجامعي دكتور طلال حاطوم مرحبا بكما ضيفي الكريمين دكتور طلال ما الرسائل التي اراد اا حسان دياب تمريرها,,-0.003449,low
e33ed4f4-5f88-4b2b-9f4c-64158c42cc1c,mediaspeech,../data/mediaspeech_ar/AR/e33ed4f4-5f88-4b2b-9f4c-64158c42cc1c.flac,,اعزاؤنا المشاهدين اهلا بكم لبنان اول بلد عربي يشرع زراعه القنب الهندي او ما يعرف بالحشيش لاغراض طبيه فهل ستشكل هذه الزراعه فرصه لمعالجه الازمات,,0.16855,low
788e43ea-a58a-460d-ac91-7a8e9cff991c,mediaspeech,../data/mediaspeech_ar/AR/788e43ea-a58a-460d-ac91-7a8e9cff991c.flac,,باجندات قوي اقليميه كايران مثلا يتهم الحوثيون بالارتهان لها هل ذلك سيكون هو المحدد لشكل اي حل مقبل وربما ينقل حتي وان انكرت مثلا طهران علاقتها بالحوثي,,0.023427,low
35cdb52a-38e5-48e4-9265-8ca47763e844,mediaspeech,../data/mediaspeech_ar/AR/35cdb52a-38e5-48e4-9265-8ca47763e844.flac,,باعتقادي هنالك جانبان يمكن الاشاره اليهم الجانب الاول الحقيقه ان سياسه العقوبات التي تغير من المعطيات السياسيه علي الارض باعتقادي انها علي الاقل تاريخيا لم تثبت جدواها و بالتالي العقوبات لا تلحق بالنظام السياسي,,-0.00523,low
62fc0bc1-6ac5-4d1a-b844-043e5ae33a3c,mediaspeech,../data/mediaspeech_ar/AR/62fc0bc1-6ac5-4d1a-b844-043e5ae33a3c.flac,,نعترف بذلك واذا كان هناك اي ضروره لمرافقه القوافل العسكريه التي تعرضت لقصف الطائرات المسيره فهذا يعني ان الجيش الوطني الليبي يجب ان يحصل علي منظومات تور ام اثنين,,-0.001588,low
ba44ec55-f890-4723-8f80-ebf25a63aafc,mediaspeech,../data/mediaspeech_ar/AR/ba44ec55-f890-4723-8f80-ebf25a63aafc.flac,,ااا طبعا هنشكر الدوله الفتره الاخرانيه بقي فيها ديناميكيه في التعامل ما تستناش المشكله ما تكبر وتتفاقم لا بيتدخلوا بدري دلوقت بدري قوي كمان هل هناك هل هناك بروتوكول معلن الان وصل حضرتك يا دكتور شريف حيث انت ل العلاج من,,0.582484,mid
a7448139-ad80-42bb-b503-d0cd4febd2e0,mediaspeech,../data/mediaspeech_ar/AR/a7448139-ad80-42bb-b503-d0cd4febd2e0.flac,,العاملين بالصحافه هو كان بيواجه تنبيهات هامه بضروره وقف اعمال العنف والتخريب واعتقد ان الشرطه الي حد كبير كان كانت ملتزمه بهذا ربما كان هناك بعض التعسف لكن ايضا هناك,,0.253699,low
24c26bce-f253-468c-9af8-dcc42acc504c,mediaspeech,../data/mediaspeech_ar/AR/24c26bce-f253-468c-9af8-dcc42acc504c.flac,,و بالرغم من ان العازف البارع دينيس ماتسويف يؤدي مجموعه الفصول الاربعه لتشايكوفسكي الا ان فصلا واحدا من السنه حتي الان هو الموجود و هو الجائحه لذا استمتعوا م,,0.005809,low
d31f1d0d-fe95-44f7-8d4d-47904e9e4aaa,mediaspeech,../data/mediaspeech_ar/AR/d31f1d0d-fe95-44f7-8d4d-47904e9e4aaa.flac,,لاعبين قاعد تكتشف لاعبين توقف توقف علي افضل مستوي للاعبين لكن انت وصلت للمباراه النهائيه اصبح الهدف انك انت تحقق الكاس المنتخب البحريني لعب مباراه تكتيكيه علي علي,,0.438334,mid
af04a99e-f05c-4a63-869b-4a1daa17c9d3,mediaspeech,../data/mediaspeech_ar/AR/af04a99e-f05c-4a63-869b-4a1daa17c9d3.flac,,من خلال تصويت عبر صفحتين علي تويتر وايضا الموقع علي الانترنت والاجابه علي السؤال كما يظهر علي الشاشه برايك هل خسرت واشنطن رهان منع وصول ناقلات النفط الايرانيه الي فنزويلا اذا لحوار اليوم,,-0.000477,low
4d8fea15-37e1-4255-802c-d26d259a44c3,mediaspeech,../data/mediaspeech_ar/AR/4d8fea15-37e1-4255-802c-d26d259a44c3.flac,,خاصه ان الاردن واحده من الدول لديها فعلا تطبيقات مشابهه ما يقلقني بانه حينما يكون هناك الوصول لبياناتي الخاصه والشخصيه متاحا لاكثر من جهه,,-0.000997,low
31726f44-c06e-4ab1-81c0-82467cdc4718,mediaspeech,../data/mediaspeech_ar/AR/31726f44-c06e-4ab1-81c0-82467cdc4718.flac,,ذلك والولايات المتحده الامريكيه اغمضت عينيها واغلقت اذنيها وكذلك فرنسا وكذلك بريطانيا والان يقولون نحن لا نريد طبعا ان تسيطر الحركات الرديكاليه علي اا تونس او ال,,0.023566,low
432f9f3f-4a14-4cdb-8070-058505c44283,mediaspeech,../data/mediaspeech_ar/AR/432f9f3f-4a14-4cdb-8070-058505c44283.flac,,القوه المفرطه فما هي ما هو حجم القوه التي يمكن ان يستخدمها هو الرجل الشرطه ليسيطر علي الاشياء و الامور في الشوارع هذه هي المشكله للمناقشه,,0.001512,low
12c160e8-c353-4c86-b2a9-c401868ec7b6,mediaspeech,../data/mediaspeech_ar/AR/12c160e8-c353-4c86-b2a9-c401868ec7b6.flac,,او الموتي من من فايروس كورونا يزداد يوميا بعد يوم يعني كل يوم هنالك اعداد والاصابات ولا يوجد يعني فعلا اا حل رئيسي لكن لنعود لنقطه الحوثي انا ذكرت,,0.082065,low
dc25d4ca-985d-4eff-92bc-45f6e76e0fdd,mediaspeech,../data/mediaspeech_ar/AR/dc25d4ca-985d-4eff-92bc-45f6e76e0fdd.flac,,الدفاع الجوي ولكن في حال كنا نتحدث عن تدمير اا منظومه بانتسر وهو في حاله السير فانا اشير لان هذا استخدام غير مناسب لهذه المنظمات فان القوافل يجب ان تتم مرافق,,0.001601,low
3661ff3f-c1fe-4d92-ac4a-1702f9da27b6,mediaspeech,../data/mediaspeech_ar/AR/3661ff3f-c1fe-4d92-ac4a-1702f9da27b6.flac,,نفط والمال العراقي بالاضافه الي التقنيات والامكانيات جنرال الكترونيك هي التي تسير الكهرباء في العراق لكنها فشلت في ايجاد البديل عن الكهرباء الايراني ونحن نعلم وثان خاصه الصيف,,-0.003775,low
e7c24f6c-4045-42f6-aa49-e6980f800f1b,mediaspeech,../data/mediaspeech_ar/AR/e7c24f6c-4045-42f6-aa49-e6980f800f1b.flac,,يقومون بتسليم السلاح ام نقوم بتعيين المحافظ و مدير الامن فقمنا في يناير من هذا العام بتوقيع مصفوفه معنيه بالمقتضيات الثلاثه الاولي في الخمسه عشر يوم اللي هي تسليم السلاح من قبل,,0.05683,low
8986fc6a-c8dd-4155-a286-1364cf38942f,mediaspeech,../data/mediaspeech_ar/AR/8986fc6a-c8dd-4155-a286-1364cf38942f.flac,,يحافظ علي عدم مشاركه العسكريين الامريكيين في هذه الاحداث فهم لا يجب ان يتم استغلالهم داخل الاراضي الامريكيه ولكن الرئيس ترامب عندما,,-0.003789,low
f235a72e-cd60-4104-97df-4f7598420136,mediaspeech,../data/mediaspeech_ar/AR/f235a72e-cd60-4104-97df-4f7598420136.flac,,اهلا وسهلا بحضرتك ما رايك في هذه النقطه تحديدا الانفاق العسكري للمملكه ما يحدث في السعوديه الان مؤلم جدا ومؤسف يدفع ثمنه,,0.085654,low
1f252176-5dc6-4ea3-87b2-140005b56666,mediaspeech,../data/mediaspeech_ar/AR/1f252176-5dc6-4ea3-87b2-140005b56666.flac,,ظهر ياسر كان ممكن احد قلوب الدفاع لو كان المحاور متمركزين بشكل جيد كان ممكن احد من قلوب الدفاع يتجه لتغطيه اللاعب قبل الكره العكسيه شفنا حتي في الكره العكسيه اللاعبين اللي سجل القول كان موجود,,0.185185,low
1da442f1-904d-4dad-89e6-0a91a8127218,mediaspeech,../data/mediaspeech_ar/AR/1da442f1-904d-4dad-89e6-0a91a8127218.flac,,المؤسسات العاديه الامريكيه والدوله العميقه وادار سياسته بواسطه تويتر اذا لو كانت تويتر تريد ن تطلب منه اا يعني,,0.26786,low
1948a8de-b57c-4ba3-8bac-ea35cd51a2db,mediaspeech,../data/mediaspeech_ar/AR/1948a8de-b57c-4ba3-8bac-ea35cd51a2db.flac,,الروسيه لشؤون المنظومه الموحده للدفاع الجوي التابع لدول الاعضاء في مجموعه رابطه الدول المستقله الجمهوريات السوفيتي السابقه والسيد العقيد فيكتور مورا خوسكي عضو,,-0.003137,low
6acd809f-05b1-4449-8880-86b3760d191f,mediaspeech,../data/mediaspeech_ar/AR/6acd809f-05b1-4449-8880-86b3760d191f.flac,,اي ان الهدف هو ان نفرض علي الشركات والمهيئات ان تخفف من الانبعاث لكي تخف المسؤوليه عليها الي هنا انتهت القصه,,0.150776,low
74108e85-3989-4c09-b54d-f304e509c394,mediaspeech,../data/mediaspeech_ar/AR/74108e85-3989-4c09-b54d-f304e509c394.flac,,قامت و مرورها علي ثلاث مناطق حساسه و مضائق حساسه و هي رساله اخري كذلك حتي تعطي رساله للاداره الامريكيه ان حلفائها كذلك في المنطقه لا يستطيعون ان يتصرفوا او ينفذوا,,-0.000997,low
fbb100bf-2976-467f-bb4e-53533f1e4bb6,mediaspeech,../data/mediaspeech_ar/AR/fbb100bf-2976-467f-bb4e-53533f1e4bb6.flac,,تخصيص حلقه ثانيه بعد عده اسابيع لمناقشه جوانب جديده تتعلق بهذه الجائحه لذلك نحن ندعوكم لارسال تجاربكم في التكيف معاها و ايضا بعض الافكار التي ستكون نافعه لما بعد,,-9.3e-05,low
6a6e13f4-94e3-4788-bdec-93178b15ea8e,mediaspeech,../data/mediaspeech_ar/AR/6a6e13f4-94e3-4788-bdec-93178b15ea8e.flac,,اراء التي رصدتها زميلتي ساره فياض في قراءه لتوجهات الحوار لهذا اليوم الان مباشره اتحول الي ضيفي من جده الدكتور محمد سرور الصبان المستشار الخبير الاقتصادي والنفطي الدولي دكتورصبان,,-0.00333,low
fe5bffeb-1a19-4f2e-9f93-24e1e946ff42,mediaspeech,../data/mediaspeech_ar/AR/fe5bffeb-1a19-4f2e-9f93-24e1e946ff42.flac,,المبالغ لذلك نحن البارحه طرحنا هيدا الامر بالحكومه اللبناني نحنا وزملائنا الوزراء للاسراع بمسح هيدي الاراضي حتي كل الناس تحصل علي مستندات,,0.43407,mid
69f90212-2072-481b-bacc-7f0b0fc14c18,mediaspeech,../data/mediaspeech_ar/AR/69f90212-2072-481b-bacc-7f0b0fc14c18.flac,,ممثل انا وزير الخارجيه و اتكلم عن السياسه الخارجيه الجمهوريه اليمنيه في مساله الامارات انا كان تحديدي واضح مساله قصف جيشنا في اغسطس هذه شكلت انحرافا,,0.018871,low
0ea07ab4-045d-4f30-8817-f15164ddf18b,mediaspeech,../data/mediaspeech_ar/AR/0ea07ab4-045d-4f30-8817-f15164ddf18b.flac,,سعوديه تدعمنا وكل الدول العربيه اللي لها تعرفها في التحالف هي تدعمنا كل بحسب امكانياته وقدراته هل هناك ضوء اخضر من قبل دول ما مؤثره علي,,0.314939,low
6276cc03-25e1-4a71-a8cd-1b3801296d1a,mediaspeech,../data/mediaspeech_ar/AR/6276cc03-25e1-4a71-a8cd-1b3801296d1a.flac,,صحيح خلال المرحله القادمه ولذا هذا ايضا راح يكون له اثر علي مستوي الطلب ايضا الصيف قادم وهو مؤشر مهم بالنسبه للطلب علي الغاز فراح نشوف ايضا الي اي مدي,,0.252888,low
c16582cc-a99e-40e9-b9b3-46c93996f87c,mediaspeech,../data/mediaspeech_ar/AR/c16582cc-a99e-40e9-b9b3-46c93996f87c.flac,,محله ودرو معاهم بعض التحقيقات واليوم قناه العربيه ااا مسلطا الضو علي هالموضوع ممكن تتابعو عالتويت تمام ممكن تبقي معي لو سمحت استاذ مصطفي الماجعي من فضلك ان ترد علي هذه النقطه بالاشاره,,0.567216,mid
a6aed68a-d38c-4b87-b052-25afc0d62a1f,mediaspeech,../data/mediaspeech_ar/AR/a6aed68a-d38c-4b87-b052-25afc0d62a1f.flac,,في مكان ذلك الشخص لاغراض اخري لانك ال ال اديت ال المعلومه الاصليه هي اين يوجد هذا الشخص اوكي بما في ذلك لاغراض سياسيه ان كان هذا الشخص في مثلا مقر حزب سياسي او مقر,,0.316466,low
c391d51f-d740-4a43-8d92-d3a7dbe14487,mediaspeech,../data/mediaspeech_ar/AR/c391d51f-d740-4a43-8d92-d3a7dbe14487.flac,,لا عفوا او ليبيا الي اخره ولكن كل ذلك علي مراي من عيونهم هذا يعني انهم لا يريدون الاستقرار ليب لليبيا هذه حقيقه وانا اخص الولايات المتحده الامريكيه التي تلعب الدور الاكبر,,0.119776,low
c7e989b4-fd1a-47e4-a2cd-cb3da4313d34,mediaspeech,../data/mediaspeech_ar/AR/c7e989b4-fd1a-47e4-a2cd-cb3da4313d34.flac,,اتراك الان وهم الانتصار النهائي وهو انتصار جزئي او تقدم جزئي مرحلي حقيقه ليس الا هذا ما يمنعهم يعني من رؤيه الحقيقه وبان,,-0.006124,low
5d64c70c-2ef6-4e30-a137-fffb29c1a955,mediaspeech,../data/mediaspeech_ar/AR/5d64c70c-2ef6-4e30-a137-fffb29c1a955.flac,,يه لن تقدر لو ما كانت لتركيا القدره علي الدخول الي شمال تركيا والجيش الامريكي موجود في شمالها هي عفوا شمال سوريا والجيش الامريكي موجود بها عندما تراجع الجيش الامريكي دخلت الاتراك وهذا ما يحصل في ليبيا شكرا,,0.196466,low
4dd0abed-7aa5-43ea-a784-5dba16429551,mediaspeech,../data/mediaspeech_ar/AR/4dd0abed-7aa5-43ea-a784-5dba16429551.flac,,حياه از اا الجنود بالنسبه لهم اهم من القرارات العشوائيه التي تطلق للسياسات الداخليه طب اا هذا ما يخص الجانب الامريكي سيد عماد طب ماذا بشان نعم تصريحات السيد دهقان,,0.280868,low
6cc1b83e-6740-493e-a1fc-9e856f0e8ae0,mediaspeech,../data/mediaspeech_ar/AR/6cc1b83e-6740-493e-a1fc-9e856f0e8ae0.flac,,اشخاص او اولئك الاشخاص بالامس قيل ان هناك من ذهب الي الطريق الجديده علي الموتوسيكلات و كان يقبض من جهه معينه لا تريد الخير للبلد فهذا الكلام الذي يردد و الذي يحاول,,0.043041,low
7cbabd42-a556-4db4-884e-30071237f6b8,mediaspeech,../data/mediaspeech_ar/AR/7cbabd42-a556-4db4-884e-30071237f6b8.flac,,المعركه في الجو التي هي في الحقيقه معقده مع وجود الطائرات المسيره الطائره المسيره هي ليست هدفا معقدا جدا بالنسبه لمنظومه بانتسير كما اشار اليه الفريق,,0.00078,low
c2e13e67-ef50-4acf-862a-d8df95bd6641,mediaspeech,../data/mediaspeech_ar/AR/c2e13e67-ef50-4acf-862a-d8df95bd6641.flac,,الخمسين في المائه من موظفيها تدفع رواتبهم و هم في المنزل اتمني ان يستمر رواتب البي بي سي و من فيها الي هذا المستوي ايضا هناك المملكه العربيه السعوديه تدفع خمسه و ستين في المائه دعم لرواتب,,0.300392,low
fb6203e2-2796-46eb-a36b-0f191fa02d10,mediaspeech,../data/mediaspeech_ar/AR/fb6203e2-2796-46eb-a36b-0f191fa02d10.flac,,العديد من الشركات اللي التسويق والماركتنج واحنا اليوم منسجل في شركه اتصالات معينه بعد كم من يوم بيصير يوصلك اعلانات ودعايات فبالتالي بياناتك للاسف عالاقل رقم تليفونك واسمك معروف وحتي في,,0.707271,high
9c975aa5-f29b-4e78-8100-149a418c1e60,mediaspeech,../data/mediaspeech_ar/AR/9c975aa5-f29b-4e78-8100-149a418c1e60.flac,,مجرد القوه اللي عندي في الي عشرين ثلاثين و بعدين انتقل الي مرحله اخري اخري و جديده انا بستغل كل الوقت معكم بس عندي فاصل بعد اذنكم فاصل قصير ايها الاخوه و الاخوات ثم نعود لمواصله حوارنا مع الامي,,0.441574,mid
9665f477-a823-4e87-9353-6c53e30f8b68,mediaspeech,../data/mediaspeech_ar/AR/9665f477-a823-4e87-9353-6c53e30f8b68.flac,,بالاضافه الي الوزير مارك اسبر ومختلف الضباط كبار الضباط و المسؤولين العسكريين الذين يقولون ان هذا امر غير مقبول لا يجب ان تفعل ذلك فهذا سوف يؤدي الي المزيد من العواقب والوخ,,-0.002725,low
c3f74ffa-aeab-4381-add2-c3523857206d,mediaspeech,../data/mediaspeech_ar/AR/c3f74ffa-aeab-4381-add2-c3523857206d.flac,,محركه للاقتصاد تشكل موارد اضافيه للبلد وثالثا ان استثمار الموقع الاستراتيجي للسعوديه بوصفها بوابه للعالم تربط ثلاث قارات مع بعضها البعض علي,,-0.004788,low
32de1499-aabc-4659-8639-90b10383efae,mediaspeech,../data/mediaspeech_ar/AR/32de1499-aabc-4659-8639-90b10383efae.flac,,حينها ماذا افعل هل اشتري هاتف جديد ام هناك طريقه تقنيه تحميني من انتهاك خصوصيتي هنالك الحل المبسط الذي اقترحته وشراء هاتف جديد يمكنك شراء هاتف ب,,-0.002319,low
88675436-5655-43a3-b432-fe17944eade3,mediaspeech,../data/mediaspeech_ar/AR/88675436-5655-43a3-b432-fe17944eade3.flac,,هذا الارهابي لكن كان حذر جدا طبعا يمتلك العديد من جوازات السفر المزوره وايضا هويات مزوره وبالمناسبه هو ابدا ما يستخدم الهاتف,,0.071731,low
ef4a21f2-5764-4f35-91d4-31c676f40b60,mediaspeech,../data/mediaspeech_ar/AR/ef4a21f2-5764-4f35-91d4-31c676f40b60.flac,,الفريق سيد فيكتور اشار الي عده نقاط ايضا هو بدوره ومنها الاستخدامات غير الاساسيه لهذه المنظومه وهذا ما شاهدناها في ليبيا بالتحديد اي نشر,,-0.003857,low
0667815c-0722-4d02-b99b-135f0be8ea60,mediaspeech,../data/mediaspeech_ar/AR/0667815c-0722-4d02-b99b-135f0be8ea60.flac,,المتحده الامريكيه وايران استمرت لسنوات طويله اخرها استمر لمده عام كامل في عام في عمان عندما تم توقيع الاتفاق النووي لذلك باعتقادي ان هذا الامر مستبعد للغايه ونحن نتجه الي مزيد من الاوضاع السيئه للاسف الشديد خلال الفتره,,0.003762,low
38852b63-e205-428f-ba13-ff9257b1a12b,mediaspeech,../data/mediaspeech_ar/AR/38852b63-e205-428f-ba13-ff9257b1a12b.flac,,هذه حقيقه اين الشعب الليباك الليبي عندما يتحدث ويقول ان يعني حفتر وجيشه الوطني وهو وهم ليبيون حقيقه وليسوا مرتزقه كما لدي طبعا,,0.043806,low
5da76ecc-edd2-465a-b1b0-e9fc668c0911,mediaspeech,../data/mediaspeech_ar/AR/5da76ecc-edd2-465a-b1b0-e9fc668c0911.flac,,اا كيف يجب التنسيق ما بين القوات الامنيه العراقيه بكل صنوفها وقوات الحشد الشعبي ومن يقود قوات الحشد الشعبي في هذه الفتره اولا تعرف اكو قياده اسمها قياده العمليات,,-0.001683,low
e63ec637-d833-4a40-a0d0-5c28feb5baa6,mediaspeech,../data/mediaspeech_ar/AR/e63ec637-d833-4a40-a0d0-5c28feb5baa6.flac,,اا علي ان يكون هنالك تعاون اقتصادي وتعاون اا مستقبلي لحفظ امن وسلامه العراق حينما دخلت عصابات داعش في الفين واربعتاش وجدنا بالدعوات التي وجهت الي الجانب الامريكي يرفض المساعده,,0.015138,low
6f818da2-22ee-4d5f-a4d7-0d5942527bfd,mediaspeech,../data/mediaspeech_ar/AR/6f818da2-22ee-4d5f-a4d7-0d5942527bfd.flac,,مما يخرق عقوبات الامم المتحده بالمناسبه هو اشار الي الطرفين في هذا الشان تقارير الامم المتحده منذ اليوم الاول يشير الي العدوان و يشير الي ان هذا العدوان هو عدوان,,-0.005061,low
6f7040c4-0201-4822-ab38-3a7c7843f957,mediaspeech,../data/mediaspeech_ar/AR/6f7040c4-0201-4822-ab38-3a7c7843f957.flac,,ان تن ان يعني ان تضفي الصبغه القانونيه علي الاتفاق تريد ان يكون هناك اتفاق ولكن ليس له صبغه قانونيه هذه الغاز والاعيب لغويه,,0.006498,low
a5f67af5-70ec-4025-895a-ca6f9d98386f,mediaspeech,../data/mediaspeech_ar/AR/a5f67af5-70ec-4025-895a-ca6f9d98386f.flac,,مطار جده الجديد سوف يخدم هذه الرؤيه بشكل كبير جدا مطار الطائف سوف يخدم هذه الرؤيه بشكل كبير جدا يستقبل عدد ضخم جدا يستوعب هذه الاعداد بنيه تحتيه لمكه قويه قطار,,0.011652,low
d125bbcd-ef6c-4ca0-8293-6642662dd9e8,mediaspeech,../data/mediaspeech_ar/AR/d125bbcd-ef6c-4ca0-8293-6642662dd9e8.flac,,صواريخ باتريوت الي اخره هذا ادي الي انعدام الاتزان في هذه الموازنه بالتالي سبب حاله من العجز في الميزانيه بسم الله الرحمن الرحيم تابعت النقاش في النصف الاول من هذه,,0.301652,low
cd0cd380-3041-4d20-8af1-9ccaaeab254c,mediaspeech,../data/mediaspeech_ar/AR/cd0cd380-3041-4d20-8af1-9ccaaeab254c.flac,,عم بيكون الحلقه الاضعف هو الناتج لالو كاي كاي منتج يعني كسعر اي منتج عم يئدر يستفيد منو هو منتج يعتبر عادي بالنسبه للمزيرع المزيرع ابن البيقاع وخاصه,,0.517738,mid
a5c0b6e2-9c75-4f89-8ec2-1cb52fb4ed1c,mediaspeech,../data/mediaspeech_ar/AR/a5c0b6e2-9c75-4f89-8ec2-1cb52fb4ed1c.flac,,من ال ال العماله وبالتالي هاي العماله اللي هي بتشتغل اما بشكل ا يومي او موسمي او بشكل عرضي فهي كانت اكتر الفئات المتضرره يعني علي مستوي العالم ا من,,0.530613,mid
5a9c6e60-3b88-4e00-81da-4d92bfcd2c7d,mediaspeech,../data/mediaspeech_ar/AR/5a9c6e60-3b88-4e00-81da-4d92bfcd2c7d.flac,,كانت الاجراءات التي اتخذناها لمساله التحكم بها القضيه ان الحوثيين يسيسون كل شيء نحن كنا نحرص علي اعلان اي حاله مؤكده وقد عملنا ذلك في,,-0.004862,low
36af46d1-deaf-406f-b845-e7102479a611,mediaspeech,../data/mediaspeech_ar/AR/36af46d1-deaf-406f-b845-e7102479a611.flac,,في موضوع تبادل السجناء كانوا يرغبون ببدء مفاوضات وايران رفضت بالمطلق قالت هذه قضيه انسانيه تطلقون سراح علمائنا نحن نطلق سراح المرضي المسجونين من الامريكيين هنا اذا,,-0.003123,low
4653efce-9ae0-402e-a08c-d0166e940b78,mediaspeech,../data/mediaspeech_ar/AR/4653efce-9ae0-402e-a08c-d0166e940b78.flac,,تري مدرب البحرين نفس الشي انتهج هذا النهج صحيح واخذ البطوله والان حيعتبر بطل بالنسبه للكره البحرينيه ولكن اعتقد في عالم التدريب ان التغييرات الكثير دايم بتكون تسبب مشكله للفريق لابد انه يستغل عالاقل,,0.40986,mid
972b254c-3267-4bad-ada4-ddca727a9c5f,mediaspeech,../data/mediaspeech_ar/AR/972b254c-3267-4bad-ada4-ddca727a9c5f.flac,,يقول ان حكام الولايات ضعاف ببساطه يتسمون بالضعف غير قادرين علي كبح كل اعمال التخريب التي تحدث لا عزيزي الجيش الامريكي استخدم بعد عاصفه كاترينا في سنه,,0.015567,low
5fc62073-05a4-4e44-a27c-7354e6c20789,mediaspeech,../data/mediaspeech_ar/AR/5fc62073-05a4-4e44-a27c-7354e6c20789.flac,,كان هناك موقف لافت للرئاسه الفرنسيه اشرنا اليه في بدايه هذا الجزء ا الرئاسه الفرنسيه تقول عن تركيا تقول انها سياسه اكثر عدوانيه وتصلبا من قبل تر,,0.001994,low
8e42582d-de13-4046-862c-a64e7b3cbdd6,mediaspeech,../data/mediaspeech_ar/AR/8e42582d-de13-4046-862c-a64e7b3cbdd6.flac,,جميع الاردنيين سواء وهذا ما اكد عليه الدستور الاردني في نص الماده السادسه عندما ذكر ان جميع الاردنيين هم سواء في الحريات وفي,,0.05767,low
84f1e8dd-6f81-447a-81cc-dc485ceb8ae8,mediaspeech,../data/mediaspeech_ar/AR/84f1e8dd-6f81-447a-81cc-dc485ceb8ae8.flac,,هذا القطاع و ما من شانه رفع مستويات الامان الوظيفي لدي الكثير من العاملين بقي لدينا ان ننتظر انقضاء هذا الوباء لاحتساب الاضرار الحقيقيه وسبل معالجتها و تخطيها,,-0.005532,low
fbb79c0e-ed48-4818-88fc-cf8ba203d853,mediaspeech,../data/mediaspeech_ar/AR/fbb79c0e-ed48-4818-88fc-cf8ba203d853.flac,,تحرك واضح ولم نري مقابله تحرك من الدول الاخري الاخ يقول فرنسا توقفت بجنب الدول اين هي الادانه الواضحه من قبل فرنسا لايران جونسون نفسه عندما كان وزير خارجيه كان,,-0.003163,low
630e66d6-aa9c-46df-bb84-f8942ae33473,mediaspeech,../data/mediaspeech_ar/AR/630e66d6-aa9c-46df-bb84-f8942ae33473.flac,,حتي الان تحت سيطره الطرف الاخر شوف نحن عندنا التزامات ادبيه وصادقين في تعاملنا مع التحالف صادقين في طرحنا وعندنا ما يثبت من وثائق,,0.090035,low
de956053-b8a1-4f1a-8e4a-ed78621e413a,mediaspeech,../data/mediaspeech_ar/AR/de956053-b8a1-4f1a-8e4a-ed78621e413a.flac,,الموقف الثاني تصريحات مستشار المرشد السيد حسين دهقان الذي اشار الي تلقي رساله من الجانب الامريكي لا ادري بشكل مباشر ام عن طريق وساطات مفادها ان القوات الامريكيه لن تضع اي عوائق امام دخول هذه السفن,,0.035491,low
8f960858-6ffd-41a6-8fe6-1fe9dd967426,mediaspeech,../data/mediaspeech_ar/AR/8f960858-6ffd-41a6-8fe6-1fe9dd967426.flac,,هي دليل انه كان اثر مباشر هناك اثر غير مباشر صحيح كان له اثر علي العالم نعم قلت انا عندما تراجع الطلب علي النفط بحدود ثلاثين بالمائه وكان تدريجيا بدات,,-0.002485,low
1fc71162-ab12-4f3a-94e0-9c025afbb6bf,mediaspeech,../data/mediaspeech_ar/AR/1fc71162-ab12-4f3a-94e0-9c025afbb6bf.flac,,هذا موضوع كبير يحتاج الي كثير من النقاش وكثير من التفاصيل هذا هذا صحيح هو اولا انا احترم طريقه حضرتك جدا جدا في النقاش واشكرك انك تقدر المنصه التي نتحدث منها وتناقشني بالمنطق اريد ان اسمع حضرتك صوتا من,,0.028299,low
ae21d72f-b29e-4407-9bc3-e0d6a8f88c52,mediaspeech,../data/mediaspeech_ar/AR/ae21d72f-b29e-4407-9bc3-e0d6a8f88c52.flac,,حتي من بينها دول راسخه اقتصاديا في اوروبا مثلا والولايات المتحده واجهت صعوبات شديده اقتصاديا بسبب كورونا وبالتالي هي ليست استثناء ااا طبعا بالنسبه للدول الراسخه الاقتصاديه او حتي الدول الغنيه النفطيه,,0.005384,low
720e5ab9-8054-4f7a-8c9c-cffa2e280016,mediaspeech,../data/mediaspeech_ar/AR/720e5ab9-8054-4f7a-8c9c-cffa2e280016.flac,,الي شهر ونص استطاعوا العلماء الصينيين انهم ينشروا التركيبه الجينيه وهذا اكيد ساعد كثير طبعا علي معرفه تركيبه الفيروس وتركيبه,,0.264975,low
ef1ec7b0-a773-484c-9619-b29ebff8d9d8,mediaspeech,../data/mediaspeech_ar/AR/ef1ec7b0-a773-484c-9619-b29ebff8d9d8.flac,,تدهور الامور ادويه مفقوده الاسعار نار وكل واحد تسعين بالمئه من المحلات فاتحه خجلا وما فيا ابضاعه لضاعه كلياتها بالمستودعات شي بيشتكوا لك انه,,0.779531,high
de68d67a-f752-446d-a501-69b236cd039b,mediaspeech,../data/mediaspeech_ar/AR/de68d67a-f752-446d-a501-69b236cd039b.flac,,الانتهاكات التي تحصل ليس فقط في داخل الولايات المتحده وانما الممارسات التي يمارسها الجنود الاميركان ورجال الشرطه حين تبعت بهم الولايات المت,,-0.004588,low
f7dbf501-7b81-4eed-9da3-bbea1c512a09,mediaspeech,../data/mediaspeech_ar/AR/f7dbf501-7b81-4eed-9da3-bbea1c512a09.flac,,وتحدي هذه العقوبات بهذه الطريقه رغم ما كان يمكن ان تسفر عنه من تصعيد خاصه في ظل التوتر القائم في مياه الخليج لان هذه العقوبات هي غير قانونيه حسب المواثيق والقوانين الدول,,-0.005347,low
70675362-5f9d-4231-bf64-ae613564cbf2,mediaspeech,../data/mediaspeech_ar/AR/70675362-5f9d-4231-bf64-ae613564cbf2.flac,,كلامك دقيق هناك ضوء برتقالي او اصفر اذا احببت وليس بالاخضر المطلق وليس بالاحمر الذي يمنع هو محاوله لكبح تقدم روسيا بشكل واضح امريكا ليست حمامه سا,,0.049258,low
5a63eab5-19a4-4a65-9c84-8c9aa173365c,mediaspeech,../data/mediaspeech_ar/AR/5a63eab5-19a4-4a65-9c84-8c9aa173365c.flac,,اصبحت منفصله عن المعاني مم يعني اثيوبيا تتحدث بلغه لا يستطيع المهتمين والمتابعين للملف ان يفهموها لان وثيقه واشنطن ايضا مبنيه علي اتفاق الفين وخمستاشر,,0.025134,low
94b5265b-9829-447e-ad23-de2b7f0fb1c9,mediaspeech,../data/mediaspeech_ar/AR/94b5265b-9829-447e-ad23-de2b7f0fb1c9.flac,,وناس طيبين وناس اه قريبين الي الدوله هم يطلبون الدوله الي ان تكون الي جانبهن وخاصه هلا من خلال هذا المشروع ستكون الدوله الي جانبهن من خلال رعايتها لهايدي الزراعه,,0.717578,high
91398bf4-684b-4783-b140-24fbab043e10,mediaspeech,../data/mediaspeech_ar/AR/91398bf4-684b-4783-b140-24fbab043e10.flac,,سياده اللواء اا انا اشكرك علي سعه صدرك و علي اجاباتك الصريحه معنا و استضافتك لنا في مكتبك شكرا جزيلا لك اهلا و سهلا وا شكرا جزيلا لقناتكم التي,,0.019797,low
29e3a1dd-f1e3-41c0-bce1-74f35b1a79bb,mediaspeech,../data/mediaspeech_ar/AR/29e3a1dd-f1e3-41c0-bce1-74f35b1a79bb.flac,,الخلل الموجود انه هنالك نقص في التجهيزات تتعمد القوات الامريكيه عدم تجهيزنا مثلا الطائرات الاف سطعش نعم مركونه لا يمكن لها ان تطير باعتبار هنالك الكثير من التقصير في ذلك دبابات,,0.083339,low
64462dea-4ace-4f22-b0c0-e1688a79cb81,mediaspeech,../data/mediaspeech_ar/AR/64462dea-4ace-4f22-b0c0-e1688a79cb81.flac,,افه تستعمل التكنولوجيا ولكن هو من الخطا ان يتم توجيه الاتهامات لهذه المنصات التي هي عباره عن قنوات تمرر رسائل معينه ولكن تعمل في اطا,,-0.004545,low
cc260629-b866-48d5-b2a5-6fd6332adcb2,mediaspeech,../data/mediaspeech_ar/AR/cc260629-b866-48d5-b2a5-6fd6332adcb2.flac,,هي خلاص عفي عليها الزمن في الحديث عنها في هذه المرحله المشكله الحقيقه مش مشكله ان احنا نعمل مساحات لدكتور في في هذه المرحله من الجائحه تقصد تحت تحت جاثوم كورونا يعني نعم اه طبعا احنا دلوئتي بنتكلم عن عدد اسره والزميل اللي بيتكلم عن وزاره الص,,0.603009,mid
2e0299ba-892e-4cc6-bd75-2ac563166c0e,mediaspeech,../data/mediaspeech_ar/AR/2e0299ba-892e-4cc6-bd75-2ac563166c0e.flac,,يعني عشر اضعاف الي نصف التسعطعش وهل اقل من سنه ارتفع عشرين ضعف صار المجموع ثلاثين ضعف يعني خربان بيوت يا جماعه يعني هاد انهيار الاقتصاد السوري ليش عم,,0.701505,high
a93a1ef0-0087-415d-b692-b57841933286,mediaspeech,../data/mediaspeech_ar/AR/a93a1ef0-0087-415d-b692-b57841933286.flac,,تستطع ان تضع اي ترتيب او اتفاق او شيء مشترك فيما بينها بما فيها اوروبا حتي بين اوروبا في الداخل ليس هنالك اتفاق علي كيفيه معالجه انا بس بدي اختصر بان اقول,,0.298043,low
30ec29fb-b346-4f4b-ad53-fd8814344094,mediaspeech,../data/mediaspeech_ar/AR/30ec29fb-b346-4f4b-ad53-fd8814344094.flac,,اه فرق في المعامله جدا اولا المستشفيات العسكريه فيها امكانيات هايله فيها قدرات استيعابيه كبيره جدا فيها كفاءات يعني متميزه يعني هم بيحاولوا يستقطبوا كل الكفاءات سواء كانت,,0.388642,mid
bec617ee-a6db-45cf-bfa5-3c4da2427be2,mediaspeech,../data/mediaspeech_ar/AR/bec617ee-a6db-45cf-bfa5-3c4da2427be2.flac,,هذي اراضي تملكها الدوله اراضي تملكها الدوله الان انتهينا من اجراءات وتحويل ملكيتها الي صندوق استثمارات العامه وبالتالي ستطرح او يتم الاستثمار من خلال مثلا بناء مولات,,0.087158,low
300d249c-cea3-4b94-a29d-040ca5e36caf,mediaspeech,../data/mediaspeech_ar/AR/300d249c-cea3-4b94-a29d-040ca5e36caf.flac,,الامريكي فعال وهو الاهم في حلف النادو عندما تقول الولايات المتحده لتركيا توقفي عن تدخل في لي ستتوقف وشئنا ام ابينا هذا امر لا مناص منه اذ التراجع الدور الامريكي وغض الطرف في الكثير من الاحيان هو,,-0.001049,low
c897d3c6-72b4-4aac-be30-12de7d169a49,mediaspeech,../data/mediaspeech_ar/AR/c897d3c6-72b4-4aac-be30-12de7d169a49.flac,,الحكومه المعترف بها دوليا تستند الي الاعتراف الدولي بها وفقا لاتفاق الصخيرات ما عززته اخيرا ستيفاني ويليامز الممثله الخاصه بالانابه للامين العام للامم المتحده الذي يعتبره,,0.069317,low
9be206fa-9122-4dd8-bac0-123e135740dd,mediaspeech,../data/mediaspeech_ar/AR/9be206fa-9122-4dd8-bac0-123e135740dd.flac,,حكومه وكل اللبنانيين ولكن الشعارات شيء والعمل علي الارض شيء اخر يعني في موضوع مكافحه الفساد الذي يتحدث عنه الرئيس حسان دياب بان المتضررين من,,0.009209,low
e2c6c112-0592-45fb-a108-2e0ab9048e7b,mediaspeech,../data/mediaspeech_ar/AR/e2c6c112-0592-45fb-a108-2e0ab9048e7b.flac,,بالبيانات والبيانات فقط في كل نائبه تنوب باليمن عندما نتحدث عن المجتمع الدولي نحن نتحدث عن الدول المهيمنه علي صناعه القرار الدولي وبالتالي الدول الكبري في صناعه القرار,,-0.003595,low
27071415-e5f3-4b68-9a5f-3095e07fd918,mediaspeech,../data/mediaspeech_ar/AR/27071415-e5f3-4b68-9a5f-3095e07fd918.flac,,مقال نقيب الاطباء الدكتور حسين خيري في بيانه هو قال لا يستطيع احد ان يزايد علي وطنيه واخلاص وتضحيات اطباء مصر المساندين لاهلهم ووطنهم الي اخره هذا بيان الدكتور حسين دكتور كريم ما راي حضرتك في من يري,,0.146737,low
38767ca6-2869-4ac8-86ac-1c30c079c82d,mediaspeech,../data/mediaspeech_ar/AR/38767ca6-2869-4ac8-86ac-1c30c079c82d.flac,,اصلا ليست منطقيه و لا دستوريه و لا يجب ان يلجا اليها الرئيس و اليوم وزير الدفاع نفسه يبدو و كانه غير منسجم علي الاطلاق مع هذا الحل هل هذا انقسام داخل الاداره نفسها,,0.004286,low
3f37cb8a-a686-4cf4-808b-1685a9011e30,mediaspeech,../data/mediaspeech_ar/AR/3f37cb8a-a686-4cf4-808b-1685a9011e30.flac,,الحكومه ارتهنت حكومه الوفاق وهي حكومه غير دستوريه وهي الحكومه غير معتمده وهي حكومه منتهيه الصلاحيه للاسف يتحمل المسؤوليه العالم ايضا جزء من هذه الازمه العالم للاسف ما زال يتشدق بما يسمي بالشرعيه الدوليه,,0.019221,low
d395decb-b355-4c63-b26e-9367896f8d57,mediaspeech,../data/mediaspeech_ar/AR/d395decb-b355-4c63-b26e-9367896f8d57.flac,,عديده لديها توافقات مع تركيا تستطيع من خلالها كبح جماح التقدم الروسي وتاسيس قاعده عسكريه هي تتخوف من ذلك بشكل واضح هناك تخوف اوروبي اذا اردنا ايضا من وجود تركيا,,-0.003636,low
7705a3f4-8ea0-4035-bd01-0d474fd10a38,mediaspeech,../data/mediaspeech_ar/AR/7705a3f4-8ea0-4035-bd01-0d474fd10a38.flac,,عربه واحده فلا تلعب دورا فعالا جدا لماذا لان القطب الصغير لنشاط هذا المنظوم وانا اتحدث عن عشرين كيلو متر وايضا ارتفاع,,0.000249,low
b2c68469-6a2f-41d7-ae86-dbba593c7801,mediaspeech,../data/mediaspeech_ar/AR/b2c68469-6a2f-41d7-ae86-dbba593c7801.flac,,توضح الامور ويجلس الجميع الي طاوله المفاوضات اذا ستستمر سيستمر التغول التركي في ليس فقط في هذا الملف في ملفات اخري حتي تستطيع امريكا ان تقرر وما لولا التراجع الامريكي في شمال سوريا,,-0.002193,low
f1c87fca-38e0-478f-adde-4ce5a5f499e3,mediaspeech,../data/mediaspeech_ar/AR/f1c87fca-38e0-478f-adde-4ce5a5f499e3.flac,,قاعده الوطيه الجويه الاستراتيجيه وبلدتين في الجبل الغربي وان الرجل كاذب ويحاول التعميه علي ما سموه هزائمه المتتاليه خصوصا بعد خسارته صرمان وصبراته وان تصدعا اصاب معسكر انصاره,,0.008935,low
8bca8c05-3388-4ca3-b4dc-ef0437f9053f,mediaspeech,../data/mediaspeech_ar/AR/8bca8c05-3388-4ca3-b4dc-ef0437f9053f.flac,,السعودي ايضا للشفافيه حيث يكون المواطن مطلع علي الصفقات العسكريه وعلي اداء الشركه وعلي مبيعات الشركه وصفقات والصناعات في الشركه بشكل واضح وعالي جدا قطعنا فيها شوط كبير,,0.085752,low
d3c1ffe9-5c0e-402d-9691-3cd5c076f2b8,mediaspeech,../data/mediaspeech_ar/AR/d3c1ffe9-5c0e-402d-9691-3cd5c076f2b8.flac,,عمله والتحريض علي الاضطرابات لغه تصعيديه استخدمها دياب مع ارتفاع وتيره الاحتجاجات اثر الانخفاض الحاد الجديد في قيمه العمله هذه تصريحات اتت في حين شهدت مدينه طرابلس شما,,-0.003537,low
369b7a0f-2f31-4aad-bc8d-363f0c06a2a5,mediaspeech,../data/mediaspeech_ar/AR/369b7a0f-2f31-4aad-bc8d-363f0c06a2a5.flac,,وااا وعطل واا اخر الحل الليبي وحلل وحل الازمه الليبيه اتفاق الصخيرات كما تعلم هو في ديسمبر الفين وخمستعش الذي اخر الحل خمس سنوات اليوم,,0.260498,low
a77f39de-20b5-4418-a3a3-8f4ea16c4790,mediaspeech,../data/mediaspeech_ar/AR/a77f39de-20b5-4418-a3a3-8f4ea16c4790.flac,,ما اقوله لحضرتك الان هو تقارير مجلس الامن الدولي اضافه الي تقارير منظمات مثل هيومن رايتس ووتش نشرت تحديدا انه الجانبين يستعينان بمقاتلين من خارج ليبيا في,,-0.001679,low
6d3ba391-c730-4eb5-81d9-2c2269443377,mediaspeech,../data/mediaspeech_ar/AR/6d3ba391-c730-4eb5-81d9-2c2269443377.flac,,هذا واحد مساله ما حدث في اغسطس و ودعيني اشرح قليل علي الامارات الشعب اليمني يحب الشعب الاماراتي فهناك اواصر اخاء و اواصر اصل بيننا و بين الشعب الاماراتي لا يم,,0.364826,mid
0beaa963-1c74-4090-9fe7-7791c85af946,mediaspeech,../data/mediaspeech_ar/AR/0beaa963-1c74-4090-9fe7-7791c85af946.flac,,التعامل مع تلك التظاهرات ويقول في تغريده ارسهلا لنا ترامب اتجه الي خيار القوه منذ البدايه لم يعترف بالعنف الذي قامت به الشرطه تجاه جورج فلويد وبالتالي هو ساهم الي حد كبير,,-1.3e-05,low
617bd1d1-2679-49a7-b3dd-441e316b721d,mediaspeech,../data/mediaspeech_ar/AR/617bd1d1-2679-49a7-b3dd-441e316b721d.flac,,هلئ اا الحكومه اا تبنت خطه ماكنزي اا بي بيانا الوزيري وبنعرف نحنا انو من خلال اا الجوله علي وعلي قطاع الزراعه ودراسه القطاع الزراعي بال,,0.79422,high
6307f19f-3375-49f6-ae76-a6063337dc14,mediaspeech,../data/mediaspeech_ar/AR/6307f19f-3375-49f6-ae76-a6063337dc14.flac,,يعني بعدما اه تقوم بتفريغ كامل ذخائرها الصواريخ و المدافع هي في حاجه الي اعاده تزويدها بالصواريخ و القذائف مره اخري و هذه العمليه,,0.137131,low
5e8c461d-18e8-4add-a694-c7e7f442d9d7,mediaspeech,../data/mediaspeech_ar/AR/5e8c461d-18e8-4add-a694-c7e7f442d9d7.flac,,الف وظيفه و بمقارنه العدد مع عدد الوظائف المتوقع فقدها بسبب الوباء حول العالم و الذي توقعته منظمه العمل الدوليه ان يبلغ قرابه خمسه وعشرين مليون وظيفه فان نسبه,,0.012564,low
2faa99ab-2867-4579-9c36-c99e8d57424a,mediaspeech,../data/mediaspeech_ar/AR/2faa99ab-2867-4579-9c36-c99e8d57424a.flac,,اللبنانيين الذين اعطوا العالم مثالا و نموذجا في حريه التعبير و في الديمقراطيه و في حريه الاعلام للاسف هناك من يستغل جوع الناس و مطالب الناس ليحول الحراك عن اهدافه الطبيعيه,,-0.001478,low
d3b28b4b-d3f2-45c0-bd58-4bbed2e58e31,mediaspeech,../data/mediaspeech_ar/AR/d3b28b4b-d3f2-45c0-bd58-4bbed2e58e31.flac,,ااس المؤتمر لن تنعكس ما جمعه من مال الاحتياج طيب فوق ما تم جمعه وبالتالي لن ينعكس هذا علي الشعب اليمني خاصه وان المعركه تدار منذ حوالي ما يقارب ست,,0.008394,low
1d614605-c911-45f8-85b6-5e47bcacd523,mediaspeech,../data/mediaspeech_ar/AR/1d614605-c911-45f8-85b6-5e47bcacd523.flac,,متحده الي الخارج وبالمناسبه هنالك العديد من الافلام التي ظهرت في هوليود نفسها تتحدث عن التصرفات القاسيه للقوات الامريكيه,,-0.003387,low
74721fe0-6c6d-4207-9177-5adad5a2b19b,mediaspeech,../data/mediaspeech_ar/AR/74721fe0-6c6d-4207-9177-5adad5a2b19b.flac,,البسيط بسبب جائحه كورونا والحظر الذي فرض علي اغلبيه اللبنانيين لكن اليوم مع تفاقم الازمه المعيشيه والاقتصاديه والماليه اذا اذا من من هي سعرف صرف الليره,,0.114832,low
3d3156c7-4d41-47ca-bcf5-c8804971414a,mediaspeech,../data/mediaspeech_ar/AR/3d3156c7-4d41-47ca-bcf5-c8804971414a.flac,,تنقل قياداتها بين الجزيره وبين وادي حوران وبين الكثير من الاماكن نعم طب سير عباس يعني طب كيف سوف تطرح الحكومه يعني ما قلته الان من مخاوف بشان كون تنظيم داعش متحكم به من قبل الجانب الامريكي كيف سوف,,0.10045,low
723f5590-b4cd-461c-9df1-95b9a5cdf283,mediaspeech,../data/mediaspeech_ar/AR/723f5590-b4cd-461c-9df1-95b9a5cdf283.flac,,اولا ا حسب المعلومات الاوليه والمعطيات الاوليه اللي نحن بعدنا ماعم ماعم نبوح فيها لانه في كتير من التواصل بهدا الامر كان من شركات من خارج لبنان والكان من,,0.659753,mid
cd49f8f1-209d-41d8-abe7-c3c18831c640,mediaspeech,../data/mediaspeech_ar/AR/cd49f8f1-209d-41d8-abe7-c3c18831c640.flac,,هو في الحقيقه قال انه قد يضطر الي استدعاء افراد من القوات المسلحه من الواضح ان المؤسسه العسكريه لا تريد ان ينزل افرادها الي الشارع في امريكا حتي لا يحدث,,0.000266,low
40cf59e2-71b0-4221-b115-36d21e9ef271,mediaspeech,../data/mediaspeech_ar/AR/40cf59e2-71b0-4221-b115-36d21e9ef271.flac,,عباس العكيلي كتب متسائلا هل كان دفع المليارات الي امريكا و ترامب ضروري ايضا سؤال ساطرحه علي ضيفي التالي ما هو الخطر الحقيقي الذي كان يهددهم كي يدفعوا هذه الاموال الضخمه بندر محمد دعا بدوره,,0.002402,low
a8c96e1c-8b44-45f5-85dc-a7cfbcac879c,mediaspeech,../data/mediaspeech_ar/AR/a8c96e1c-8b44-45f5-85dc-a7cfbcac879c.flac,,اخيرا سعيد القحطاني شاركنا تجربه شخصيه مع هذه التطبيقات تحديدا و قال انا اول الضحايا دفعت غرامه بلغت عشره الاف لا لشيء الا لان الامن ضبطني,,0.156923,low
6de1f5ac-89a1-4178-b48b-e0e3025845e6,mediaspeech,../data/mediaspeech_ar/AR/6de1f5ac-89a1-4178-b48b-e0e3025845e6.flac,,عدم استخدام هذه التطبيقات ربما ايضا يكون خطوه ليست جيده وكاننا نفضل جانب ما علي جانب الصحه او نفضل مخاوف فقط ليست مؤكده علي حساب صحه,,-0.000735,low
835e1c5a-41e1-4e22-8bec-1e09c2f1e184,mediaspeech,../data/mediaspeech_ar/AR/835e1c5a-41e1-4e22-8bec-1e09c2f1e184.flac,,داخل المستشفي لكن كان نقابه الاطباء اا الحقيقه يعني قالت ان انا لو اديتوني اماكن انا حعمل اماكن و حنشغل المكان للاطباء يعني و ده تعاون حلو جدا بين نقابه الاطباء و وزاره,,0.70203,high
796841e8-b437-45d0-8c80-b30ee09dddac,mediaspeech,../data/mediaspeech_ar/AR/796841e8-b437-45d0-8c80-b30ee09dddac.flac,,المنظومه الدفاعيه الروسيه هناك وبالتالي اليوم يعني لم لا يوجد اي ارضيه لبناء فكره ان هناك تحالف تركي روسي او ان هناك تفاهم ولكن الاصل بالعلاقات التركيه الروسيه انه يجري,,-0.002894,low
a92b9495-0aa7-4959-8101-1daee79a4773,mediaspeech,../data/mediaspeech_ar/AR/a92b9495-0aa7-4959-8101-1daee79a4773.flac,,افضل حضاره قيم ومبادئ هي الحضاره العربيه عمرها الاف السنين هذي لدينا واحد اثنين عندنا جزء من الحضارات ال ا الاوروبيه موجوده داخل السعوديه ولها,,0.178062,low
64c3217f-edd4-4afb-a2d0-5e6253e9c737,mediaspeech,../data/mediaspeech_ar/AR/64c3217f-edd4-4afb-a2d0-5e6253e9c737.flac,,من من الكلف الكلف مثل ما ذكرته يعني في المقدمه انه نوع من انواع التصبغات الجلديه غالبا يحدث مع خلال فتره الحمل بالاخص اذا كان في استعداد وراثي نشوف الكلف غالبا مع البشرات شوي اللي فيه مايله,,0.342695,mid
787495f8-b716-4bd0-b791-a9c4934f8332,mediaspeech,../data/mediaspeech_ar/AR/787495f8-b716-4bd0-b791-a9c4934f8332.flac,,الامهات اصوات الامهات المفجوعه وبعد القصف ما زاد اضطرينا بدنا نطلع يعني صار من ال من المشفي من المنطقه كلها والطيارات لسا عم تقصف ما كنت بعرف حالي راح اوصل ولا لا,,0.815374,high
92649b9c-c604-4066-bf37-dd9d0fb861df,mediaspeech,../data/mediaspeech_ar/AR/92649b9c-c604-4066-bf37-dd9d0fb861df.flac,,التوافق واختيارنا بالاشتراك مع فخامه الاخ الرئيس وحده والذي يمتلك شرعيه وليس لغيره لانه لغيره يروحوا يحرروا بلادهم اولا اي رئيس تقصد عبد ربه,,0.217005,low
c40c7cbd-fbd6-484d-adbb-d77404fb4b3a,mediaspeech,../data/mediaspeech_ar/AR/c40c7cbd-fbd6-484d-adbb-d77404fb4b3a.flac,,يعني اا في مجال اا استعراض اا اجراءات الحكومه اا الايجابيه اه هو حصل زياده لل اا بدل المهنه الطبيه حوالي خمسه وسبعين في الميه من اجمالي حوالي ربعميه جنيه بالنسبه للطبيب البشري,,0.35797,mid
7ffae284-215d-4f89-8fd5-5e13abc22742,mediaspeech,../data/mediaspeech_ar/AR/7ffae284-215d-4f89-8fd5-5e13abc22742.flac,,المجتمع الدولي جاد في حل هذه المشكله نحن مستعد تراجع الجيش وانسحب لاننا نريد حل ولا نريد مشكله لا نريد قتل لا نقاتل من اجل القتال وبالتالي نحن لا نواجه اليوم وبالتالي مسؤوليه,,-0.003764,low
6754b9d1-0ed4-4041-a498-38bdab11febe,mediaspeech,../data/mediaspeech_ar/AR/6754b9d1-0ed4-4041-a498-38bdab11febe.flac,,اعتقال و التحقيق وحيتم محاكمته هو بيدعو الي وحده وطنيه لكن الازمه حصلت في وقت الامريكان بيحاولوا فيه يتماسكوا و يبقي في نوع من الوحده الوطنيه نظرا للازمه الاقتصاديه الخانقه في حاله افلات,,0.708704,high
8f804aee-27cc-43e0-a970-eb30b795304c,mediaspeech,../data/mediaspeech_ar/AR/8f804aee-27cc-43e0-a970-eb30b795304c.flac,,سبعطاعشر مليار دولار هذي اكثر من ميزانيات بعض الدول العربيه وقدمت المملكه العربيه السعوديه مع اشقاءها في التحالف حاليا هذا المبلغ انا باعتقادي انه راح يلعب دور كبير في انه علي الاقل,,0.198487,low
18536a11-1e62-41a3-9123-1e908be879d8,mediaspeech,../data/mediaspeech_ar/AR/18536a11-1e62-41a3-9123-1e908be879d8.flac,,الامريكي هذه المشاركات التي جاءت اونلاين الي الان لكن طبعا ال ال المشاركه مفتوحه اون لاين خصوصا علي مدار الساعه وحتي بعد انتهاء البث المباشر لكن اريد ان استقبل بعض,,0.023381,low
46c6d409-baba-4a33-80bc-6f8e95012e02,mediaspeech,../data/mediaspeech_ar/AR/46c6d409-baba-4a33-80bc-6f8e95012e02.flac,,ما شرحت هذا الموضوع اا شرحا كافيه لو تتفضلون بشرح الفكره اللي عندكم في هالخصوص طبعا احنا نركز في الحكومه علي نوعين مصادر الدخل هم واحد اللي هو من الاستثمار اثنين اللي,,0.527447,mid
a3203fa2-9b60-485a-9924-24be832af5cf,mediaspeech,../data/mediaspeech_ar/AR/a3203fa2-9b60-485a-9924-24be832af5cf.flac,,رار انهيار غير مسبوق لليره السوريه لتقترب من حاجز اربعه الاف مقابل الدولار الامريكي الواحد تشهد الاسواق ارتفاعا كبيرا في الاسعار ونقصا حادا في الادويه وفي الوقت الذي يطا,,0.00222,low
541e93a3-3bf0-42b6-965b-f7f899c655ad,mediaspeech,../data/mediaspeech_ar/AR/541e93a3-3bf0-42b6-965b-f7f899c655ad.flac,,حقيقه بعد ان اعلن عن هذه المبادره في العاصمه المصريه القاهره مباشره يعني تحدثت موسكو عن دعمها لهذه المبادره تحدثت بريطانيا دول الخليج باكملها,,-0.005042,low
60d25bfb-3122-414c-9623-0d3fa46606b5,mediaspeech,../data/mediaspeech_ar/AR/60d25bfb-3122-414c-9623-0d3fa46606b5.flac,,و نسمي الاشياء بمسمياتها الحل السياسي معني ذلك ان يسار الي الديمقراطيه و يسار الي صندوق الاقتراع و يسار الي مؤسسات راسخه و تابته و يسار الي دستور و يسار الي,,0.035811,low
ac08e2a1-a79a-48f0-b44d-a30b86fdb42a,mediaspeech,../data/mediaspeech_ar/AR/ac08e2a1-a79a-48f0-b44d-a30b86fdb42a.flac,,فهم ايضا يتدربون كانهم معسكريون وهذا يؤدي الي كونهم يتصرفون كعسكريين ولكن ليس من المفترض ان يكون رجال شرطه عسكريين فهم يلعبون ادوارا اجتماعيه,,0.003581,low
0eddb4ed-0a7c-4d8b-8557-3b606af78398,mediaspeech,../data/mediaspeech_ar/AR/0eddb4ed-0a7c-4d8b-8557-3b606af78398.flac,,مساحات للمخالطين من الاطباء مش هعمل مش ما هتعزلش نفسك ما تعملش طب ما انت حضرتك يعني انا كده افهم ايه بضحي بي مثلا طيب النقابه النقابه والطبي السيده الطبيبه والده زوجه الطبيب,,0.847937,high
8f3dde7d-abd5-47ab-9f24-f87377cb2bec,mediaspeech,../data/mediaspeech_ar/AR/8f3dde7d-abd5-47ab-9f24-f87377cb2bec.flac,,استخدامه علي الاقل كما هي معلنه لكن كيف سيرصد التطبيق الهواتف الذكيه كيف سيرصد التحركات و كيف يحدد من هو المصاب الجواب عبر اعتماد ثلاث تقنيات,,-0.005963,low
fbdc3096-651f-41fd-9714-559889edd9d6,mediaspeech,../data/mediaspeech_ar/AR/fbdc3096-651f-41fd-9714-559889edd9d6.flac,,نعم اعتقد بان ذكر الذاكره السياسيه لبعض اا قليله جدا وبالتالي فهم يتناسون كانت تسعي اليه الجزائر منذ بدايه الازمه ودائما ما كانت تقول,,0.074671,low
de2f0ca2-d879-46c3-b119-78aa96903e6c,mediaspeech,../data/mediaspeech_ar/AR/de2f0ca2-d879-46c3-b119-78aa96903e6c.flac,,ابناء الجنوب والاخوان المسلمين في كل اليمن نحن نخوض هذه المعركه يعني ورموزها اللي موجودين في شبوه وسقطري اعتقد يع,,0.232794,low
61d47945-11c2-4e22-98ba-e2be9b100c2c,mediaspeech,../data/mediaspeech_ar/AR/61d47945-11c2-4e22-98ba-e2be9b100c2c.flac,,المقاوم منذ انتصار الثوره الاسلاميه و بعد العقوبات المتكرره الامريكيه و الدوليه نعم ما كانت عقوبات من مجلس الامن الدولي ايران دخلت الفصل السابع نعم اذا الان بعدما خرجت من تحت الفصل السابع,,-0.003772,low
c012de74-6bca-4f24-9b5d-62ad0a7d4cf3,mediaspeech,../data/mediaspeech_ar/AR/c012de74-6bca-4f24-9b5d-62ad0a7d4cf3.flac,,عراقيه والي القطاعات العسكريه العراقيه واحنا حقيقه ما نحتاج الي قطاعات مثل ما اشرت انه تحمل سلاح وتقاتل علي الارض اي قوات اجنبيه ما بنحتاج اي قوات اجنبيه,,0.632424,mid
83fab4e4-32eb-42d2-ba0f-968b9156f444,mediaspeech,../data/mediaspeech_ar/AR/83fab4e4-32eb-42d2-ba0f-968b9156f444.flac,,نعملها او في الربط بين دول الخليج و بين مصر و الاردن و غيرها من الدول في خلق هذه الحراك الضخم جدا استغلال الموقع الجغرافي هذه سوف تجعل العديد من البضائع تمر من خلال,,0.034885,low
a425c594-58b4-41e5-84a8-e108d3daf924,mediaspeech,../data/mediaspeech_ar/AR/a425c594-58b4-41e5-84a8-e108d3daf924.flac,,لجنه اا ايران وحلفاءها في المنطقه ولكن هذا الكلام غير دقيق لان الشرق بحد ذاته سوف يعاني من ازمه اقتصاديه كبيره للغايه هنالك ازمه كساد كبيره تنتظر العالم بسبب وضع الكورونا ولاسباب اخري وبالتالي لا اعتقد,,-0.002451,low
fdc36516-a5f9-4d76-8810-d72f1a3b4d1f,mediaspeech,../data/mediaspeech_ar/AR/fdc36516-a5f9-4d76-8810-d72f1a3b4d1f.flac,,غاشم نحن نواجه دوله عضو في مجلس في الناتو نحن نواجه في بوارج حربيه تقذف كل يوم حممها علي المدنيين وعلي الامنين نحن نواجه طائرات مسيره واساطيل ترسلها تركيا,,0.010133,low
921c8fb1-df4d-4c00-8f0f-52525902f480,mediaspeech,../data/mediaspeech_ar/AR/921c8fb1-df4d-4c00-8f0f-52525902f480.flac,,امره ااا العراب الايراني في المنطقه لذلك هناك يعني صعوبه ل لتوثيق بين هذي هذين الاجا اجا اجندتين اجنده ضروره اا يعني الخروج من هذا المستنقع,,0.165284,low
588cb25c-fd0a-4ab7-be4e-92d2dbdac25c,mediaspeech,../data/mediaspeech_ar/AR/588cb25c-fd0a-4ab7-be4e-92d2dbdac25c.flac,,التغذيه تنصح بعدم تناول المكسرات اصلا الاشخاص اللي حابين انه ينزلوا وزنون نظرا لاحتواء علي سعرات حراريه مرتفعه وايضا لان بيحتو علي كميه عاليه من الدهون ايوه بهالوقت,,0.507092,mid
03a2c5cb-826c-428c-97fc-dfd93b7b420d,mediaspeech,../data/mediaspeech_ar/AR/03a2c5cb-826c-428c-97fc-dfd93b7b420d.flac,,جماعات او الميليشيات او المقاتلين اي من موقعه يمكنه ان يمثل عاملا مهما في هذه المعارك يا سيدتي يعني الخارطه الخارطه العسكريه متقلبه متغيره سواء في سو,,0.015272,low
d01b629f-7aea-47db-b558-7bea0429d7f9,mediaspeech,../data/mediaspeech_ar/AR/d01b629f-7aea-47db-b558-7bea0429d7f9.flac,,نظام طبعا لمستشفيات الجامعه فالبيئه نفسها تحكم علي انه الطبيب في بعض الاحيان يفضل الاستقاله من وزاره الصحه للعمل الخاص حق,,0.068959,low
31cdc2ca-7be0-470f-be4f-b5649cbf72d4,mediaspeech,../data/mediaspeech_ar/AR/31cdc2ca-7be0-470f-be4f-b5649cbf72d4.flac,,بانشاء قاعده جديده ربما علي الضفه الشماليه المتوسط بعد ان نجحت بوضع قواعد لها علي ضفه المتوسط الشرقيه في سوريا اذا هناك صراع حقيقي دولي,,-0.002105,low
78528225-6035-4229-b9b4-37cccbf09382,mediaspeech,../data/mediaspeech_ar/AR/78528225-6035-4229-b9b4-37cccbf09382.flac,,تباينت رده الفعل بشان خساره المنتخب السعودي اداء المنتخب اليوم جدا باهت يعني لكن علي ما يقولون المنتخب البحريني الف مبروك ويستاهل حقيقه ال,,0.370289,mid
cfee7e60-026e-47fc-84cf-03b9ba11f001,mediaspeech,../data/mediaspeech_ar/AR/cfee7e60-026e-47fc-84cf-03b9ba11f001.flac,,اخر اه بالنسبه لما يحدث في ليبيا لو عدنا الي ليبيا مره اخري يعني احدي اه قطاعات منظومه بانسر تم تدميرها عندما كانت اه تجري عمليه نقلها,,0.184816,low
f696a68f-e9ff-4d9b-ae64-1d161ced41b7,mediaspeech,../data/mediaspeech_ar/AR/f696a68f-e9ff-4d9b-ae64-1d161ced41b7.flac,,علي تتويجه باللقب واثني رونار علي اداء لاعبيه والجهاز الفني والاداري لما قدمه خلال البطوله من اداء رغم الخساره وشدد علي اضاعه الكثير من الفرص ما تسبب بتلقي الاهداف واشاد بلاعبيه واكد ان,,0.005628,low
edd398e5-4d93-448a-aa60-7f30df4bfc90,mediaspeech,../data/mediaspeech_ar/AR/edd398e5-4d93-448a-aa60-7f30df4bfc90.flac,,اهلا بكم الي نقطه حوار جديده انا رشا قنديل في ليبيا لوحه شطرنج ملتبسه قوات خليفه حفتر تنسحب كيلو مترين الي ثلاثه من محيط طرابلس بعد سنه وشهر من وعود,,0.184099,low
6d14fc39-7a81-476d-a91c-9b77816f4413,mediaspeech,../data/mediaspeech_ar/AR/6d14fc39-7a81-476d-a91c-9b77816f4413.flac,,الامريكي و وسائل التواصل الاجتماعي التي نددت باي قرار قد يتخذه دونالد ترامب من شانه ان يمس بحريه التعبير في دوله يفترض انها لا تعترف بالقيود مصادر اعلام,,-0.005895,low
892cff0c-8946-44f6-81b6-4e291128fe76,mediaspeech,../data/mediaspeech_ar/AR/892cff0c-8946-44f6-81b6-4e291128fe76.flac,,و تعرف انت وضع سوريا ااا في امريكا نفذ عمليات في لندن حتي في روسيا هو نفذ عمليات هذا التنظيم الارهابي في كل العالم هذا متواجد ما مصر لحد الان في سيناء هناك عمليات,,0.093564,low
3e0cf631-58cb-476d-b9c0-9ceb0b8b96e3,mediaspeech,../data/mediaspeech_ar/AR/3e0cf631-58cb-476d-b9c0-9ceb0b8b96e3.flac,,وكل هذه الامور طيب كيف يترجم هذا ال ال ال ال هذه الالفاظ وهذه الاقوال يعني الي افعال ما الذي برايك يمكن لفرنسا ان تقوم به لوقف هذه الممارسات,,0.090258,low
b1983cd0-726f-42da-9b0e-e4c5e5b261da,mediaspeech,../data/mediaspeech_ar/AR/b1983cd0-726f-42da-9b0e-e4c5e5b261da.flac,,ننهج استراتيجيه اخري وفق النظام العالمي الجديد اللي هو نتعامل مع اشقائنا في التحالف كاخوه لنا وفي اطار الجغرافيا علي اساس,,0.180008,low
51670f61-1ecc-4f61-ae77-064c90559cff,mediaspeech,../data/mediaspeech_ar/AR/51670f61-1ecc-4f61-ae77-064c90559cff.flac,,و ارتفاع معدلات البطاله و لكن كيف قيمت منظمه العمل الدوليه التطورات و قدره الشركات علي الالتزام بالاطار القانوني في عمليات التسريح ودفع مستحقات الموظفين ام كان هناك تجاوزات,,-0.00275,low
1c25f4ca-594b-4824-8967-4ee9f433060f,mediaspeech,../data/mediaspeech_ar/AR/1c25f4ca-594b-4824-8967-4ee9f433060f.flac,,تكون هي جزء داخله في الرؤيه وفي البرامج المنطلقه من ال من الرؤيه ايضا هناك فصل خصصتوه في الرؤيه للثقافه والترفيه كثير من الناس ما يستوعب وش المقصد بالترفيه ماذا تريدون,,0.114623,low
18a0060d-2018-4043-b941-9ddc91e0c411,mediaspeech,../data/mediaspeech_ar/AR/18a0060d-2018-4043-b941-9ddc91e0c411.flac,,ضروره و تري انها نتاج طبيعي لفيروس كورونا مشاركه مصوره وصلتنا من الاستاذ عبد الاله العياشي من السعوديه دعونا نستمع الي رايه حول هذه القرارات الاخيره وبعدين نبدا النقاش,,0.135564,low
595a9ba1-2c16-4ddb-a6f0-55e82658515d,mediaspeech,../data/mediaspeech_ar/AR/595a9ba1-2c16-4ddb-a6f0-55e82658515d.flac,,فايروس كورونا وغيرها من مشاكل موجوده في اوروبا رغم انه نفس المشاكل ممكن كانت وما زالت في روسيا روسيا من ناحيه دبلوماسيه وسياسيه الان انشط بكثير,,0.00459,low
8ddaf0fa-23f1-4d49-8dba-c956df9b607a,mediaspeech,../data/mediaspeech_ar/AR/8ddaf0fa-23f1-4d49-8dba-c956df9b607a.flac,,يمكنكم الاجابه بنعم او لا كما يمكنكم التصويت في موقع علي الانترنت ارابيك دوت ارتي دوت كم عبر الاجابه علي السؤال ذاته ولمناقشه هذا الموضوع,,0.027216,low
747b7f70-0e9f-4ed9-be3e-4b28ce5be81f,mediaspeech,../data/mediaspeech_ar/AR/747b7f70-0e9f-4ed9-be3e-4b28ce5be81f.flac,,ساذهب الي داعيه حقوق الانسان المعروف الدكتور هيثم مناع دكتور هيثم اا بلا شك انكم تتابعون و تتابعون بحرص و دقه ما يجري في الولايات المتحده كما يجري من انتهاكات فيم,,0.055687,low
1358d1e0-9a0d-4c2c-a744-05fafd040e60,mediaspeech,../data/mediaspeech_ar/AR/1358d1e0-9a0d-4c2c-a744-05fafd040e60.flac,,اذا لم يبقي سوي هذا الميكروفون لاضعه داخل خزانه الملابس في منزلي واتمكن من تسجيل تعليق صوتي بما اننا نعمل من داخل البيت هذه الوسائد لمحاوله الحد من الصدي لكن ماذا عن ض,,0.026361,low
c435bcac-1ee8-451f-abf8-6ce478e8db49,mediaspeech,../data/mediaspeech_ar/AR/c435bcac-1ee8-451f-abf8-6ce478e8db49.flac,,الاساسيه وجدا مهمه طبعا بالنسبه للولايات المتحده كان هناك ايضا الزيت الصخري ولذلك كان طبعا الغاز في كثير من حقول مصاحب ولذلك قد تكون التكلفه في ذلك,,0.006264,low
baf72e6d-72fc-44e1-9e1a-51f98f06195d,mediaspeech,../data/mediaspeech_ar/AR/baf72e6d-72fc-44e1-9e1a-51f98f06195d.flac,,المواطن الليبي علي الارض بصرف النظر عن التجاذبات السياسيه اول مشاركه هاتفيه هي من شاهد عيان من داخل طرابلس استاذ صلاح الدين خير الله اهلا وسهلا بحضرتك اهلا وسهلا بك لكي نرسم خارط,,0.245184,low
21e42c55-c7e7-4324-afab-f636d2e741c9,mediaspeech,../data/mediaspeech_ar/AR/21e42c55-c7e7-4324-afab-f636d2e741c9.flac,,تقول عليها اني اظحك فيعني لازم اصدق امي فبكل بساطه يعني سويت اديشينز مره كثير يعني كنت مره يعني في اي مكان اديشينز حاجات الحلوه حاجات اللي ما هي حلوه بس برضو كنت باطلع باظهر,,0.961686,high
4457f27b-3ff3-4782-ab82-5f8f7622745a,mediaspeech,../data/mediaspeech_ar/AR/4457f27b-3ff3-4782-ab82-5f8f7622745a.flac,,سوريه الا وحديث الغلاء ثالثهما علي الارجح اسعار المواد الغذائيه سجلت ارقاما قياسيه جديده غير مسبوقه و ارتفعت بنسبه تتخطي العشرين في المائه,,0.005038,low
ccdfdd1d-6a98-45fe-8540-5f1633bbb488,mediaspeech,../data/mediaspeech_ar/AR/ccdfdd1d-6a98-45fe-8540-5f1633bbb488.flac,,من اجل القبول ببعض التنازلات التي تسمح بامكانيه الحوار او بامكانيه تخفيض حده العناد كما تصفه اداره ترامب تجاه الملفات الحوار مع واشنطن و المضي قدما في,,-0.0045,low
79ae2672-070b-4051-83d1-4974ea80f537,mediaspeech,../data/mediaspeech_ar/AR/79ae2672-070b-4051-83d1-4974ea80f537.flac,,الفائده مقابل الضرر هل تسوي اني اروح ا اعطي مثلا منتجات ممكن يكون فيها ضرر علي الكلي علي اساس اني اعالج حاله تعتبر حميده لا هو ما في شك انها حاله تجميليه و ممكن طبعا جماليا ما ما تكو,,0.46007,mid
8afaeff6-04da-4e35-b4b4-88dffb038afa,mediaspeech,../data/mediaspeech_ar/AR/8afaeff6-04da-4e35-b4b4-88dffb038afa.flac,,لبنانيين الي مصالح و مراكز وزاره الزراعه لاستلام هيدي الادويه وايضا انه يكون عندون المستندات المطلوبه لانه نحنا شوي عم نتشدد حتي ما يكون في فوضي,,0.758104,high
942928f3-2168-4812-a956-13f6f5b7dc50,mediaspeech,../data/mediaspeech_ar/AR/942928f3-2168-4812-a956-13f6f5b7dc50.flac,,يعني الاعترافات التي اعترفتها المانيا من فتره الثمانينات الي بدايه التسعينات يعني كانت فتره جد كارثيه في تاريخ المانيا لان هذه الفتره اللي حرقت فيها بيوت الاجانب,,0.224854,low
8076c0f1-e2dd-40cd-8aec-8ba2c02af3e6,mediaspeech,../data/mediaspeech_ar/AR/8076c0f1-e2dd-40cd-8aec-8ba2c02af3e6.flac,,ويسمي بشكل اساسي اا ما يعرف بالحريريه السياسيه تبعات كل هذه الازمات التي يتخبط بها لبنان ولنسلم جدلا استاذ محمد بان الحكومات المتعاقبه,,0.041408,low
da668c1d-42cd-422e-beec-fb23218dce60,mediaspeech,../data/mediaspeech_ar/AR/da668c1d-42cd-422e-beec-fb23218dce60.flac,,في حضرموت اول ما تبين انها متاكده ليس فقط لمساله ال الاجراءات وانما لاعلام ال ال المواطنين لاتخاذ الاجراءات الاحترازيه وكان موقفنا واضح مع الامم المتحده كان هناك تقارير,,0.009531,low
9f52216b-393a-48dc-b2b4-c3ae5cd7bb9c,mediaspeech,../data/mediaspeech_ar/AR/9f52216b-393a-48dc-b2b4-c3ae5cd7bb9c.flac,,لال لا يستطيع ان ينكر هذا الامر هذه مساله مساله ثانيه ما حصل يوم السبت انا لا اتهم فيه يا استا يا دكتور طلال لا انكر الامر ولكنهم ليسو,,0.125448,low
2b4204e7-e496-4d2d-8fa7-85b4ce5bdf0e,mediaspeech,../data/mediaspeech_ar/AR/2b4204e7-e496-4d2d-8fa7-85b4ce5bdf0e.flac,,فان الاستخدام غير الاساسي لهذه المنظومه فنحن نري انه تم نشر هذه المقصورات لقرب الجبهه الاساسي الي القاعده العسكريه التي كانت تحت النيران,,-0.004634,low
8dd6329a-b265-44d2-8b3b-04038d98aa2c,mediaspeech,../data/mediaspeech_ar/AR/8dd6329a-b265-44d2-8b3b-04038d98aa2c.flac,,ااا هيساعد الشركات علي عبور الفتره الحاليه هل الاجراءات دي كانت كافيه والله بصي هو اصل البنك المركزي خد خطوات والحكومه خدت خطوات ان طبعا الحكومه لم اقلش,,0.629507,mid
0d816e18-d7a4-428d-9ee7-148a1e9f1a47,mediaspeech,../data/mediaspeech_ar/AR/0d816e18-d7a4-428d-9ee7-148a1e9f1a47.flac,,تنفيذ العقوبات التي وعدت بتنفيذها ضد ا ايران وضد فنزويلا في نفس التوقيت ولكن الامر لا ينظر اليه بهذه الدرجه في هذا التوقيت اعتقد الولايات المتحده الامريكيه رب,,-0.005195,low
dbadcba8-018a-499d-bf28-2d60ebb46ff7,mediaspeech,../data/mediaspeech_ar/AR/dbadcba8-018a-499d-bf28-2d60ebb46ff7.flac,,انسحاب تكتيكي بعد اربعتعشر شهر قتال يعني كل المؤتمرات كل الدول الداعمه مؤتمر برلين الذي كان يدعو الي الي الحوار السياسي وعوده القوات ما قبل اربعه اربعه كان يرفضها المسماري وحفتر والان,,0.133753,low
7c05ba17-898b-459c-8f99-8bcb1c69c449,mediaspeech,../data/mediaspeech_ar/AR/7c05ba17-898b-459c-8f99-8bcb1c69c449.flac,,يشكل حزب سياسي فليشكل عندنا عندنا حوالي دقيقتين اولا هل مساله اعاده تصدير النفط قابله للتفاوض هناك من يطلب من الطرف الاخر برفع الحظر عن تصدير النفط الليبي ربما كنقطه,,0.002216,low
87498df5-0836-41a0-a06e-1c7364c63e57,mediaspeech,../data/mediaspeech_ar/AR/87498df5-0836-41a0-a06e-1c7364c63e57.flac,,نعم هو حوالي خمسه وستين دولار تراجع خلال الاشهر التاليه يعني بعد في كانون تاني في شباط في اذار تراجع الي ان بدات المملكه تبيع النفط بعشره دولار,,0.014159,low
674f8484-a83b-48b7-a376-8b5194f1af83,mediaspeech,../data/mediaspeech_ar/AR/674f8484-a83b-48b7-a376-8b5194f1af83.flac,,المعنيين مع كل الخبراء والدكاتره والطلاب اللي عندهم ابحاث لنتشارك ملاحظات ولنتشارك اللمسات الاخيره علي هيدي الخطه والاستراتيجيه لتقوم بخدمه اللبنانيين,,0.39153,mid
520dee84-0a77-4674-a3ff-a51cf335aff8,mediaspeech,../data/mediaspeech_ar/AR/520dee84-0a77-4674-a3ff-a51cf335aff8.flac,,لا لا لا صار في شي اسمه لازم يصير في تدخل اسعاف الي حتي ننقذ ما تبقي هلا انا علي مجرد موظفي قاعده بالاجار مثلا راتب يعني ما عم بياديني اش بدي ادفع اجار ولا مواصلات ولا بيت يعني من,,0.848462,high
49c40305-8b37-496c-b169-ac84ecd7215a,mediaspeech,../data/mediaspeech_ar/AR/49c40305-8b37-496c-b169-ac84ecd7215a.flac,,من المعركه و لكننا لم نجد و لن نشهد اي فيديو من طائره المسيره تم اسقاطها و باسباب واضحه و مفهومه جدا فلذلك نحن نشهد,,-0.005257,low
dda3b016-2c69-4999-936f-6110173502cb,mediaspeech,../data/mediaspeech_ar/AR/dda3b016-2c69-4999-936f-6110173502cb.flac,,ناحيه مختلفه بمشاركه عدد كبير من النجوم العرب يمكن لان ايضا في بعض اا او الدراما السوريه يعني فيها بعض المشاكل من ظهورها علي الشاشه وبالفعل الدرام الرمضانيه اا في الموسم الحالي بتشهد,,0.216668,low
5b74af46-9370-458f-9c92-155c4a60553a,mediaspeech,../data/mediaspeech_ar/AR/5b74af46-9370-458f-9c92-155c4a60553a.flac,,حينما المؤتمر المانحين في الكويت تم تهديد كل الشركات التي ارادت تدخل بسبب ال ال ال الحديث الذي خرج به في وقتها وزير الخارجيه الامريكي الذي تحدث عن وجود ارهاب وعن لا يمكن ان يدعم العراق,,-0.003203,low
991ab4ab-9ec5-467c-a324-96e72a15abff,mediaspeech,../data/mediaspeech_ar/AR/991ab4ab-9ec5-467c-a324-96e72a15abff.flac,,انه تحقيق الرؤيه هذي لا تتطلب انفاق حكومي عالي هي فقط تحتاج تنظيم واعاده هيكله كثير من القطاعات تحتاج انفاق حكومي لكن ليس عالي خفيف جدا ضبط,,0.058057,low
e1fb1dd1-78b0-4f19-97fa-a78cae891a2e,mediaspeech,../data/mediaspeech_ar/AR/e1fb1dd1-78b0-4f19-97fa-a78cae891a2e.flac,,افتراضيا منها متحف التاريخ الطبيعي في لندن يمكنكم مشاهده جولتي داخل المتحف في قسم فورتك الخاص علي موقع بي بي سي عربي علي الانترنت,,0.003248,low
2c4c77a8-7c7d-47a9-946d-25de50d48b17,mediaspeech,../data/mediaspeech_ar/AR/2c4c77a8-7c7d-47a9-946d-25de50d48b17.flac,,بعدا كما هي الضاحيه الجنوبيه هذا تحدي يجب ان نتكاتف العالم وللاسف لم نري هذا التكاتف في ظل هذه الجاحه مركز الملك سلمان قدم ما لديه من مساعدات واعتقد انه اليمن جاءتا مساعدات,,0.009659,low
3a3f3554-d861-49ea-870a-0dd1d63a96a0,mediaspeech,../data/mediaspeech_ar/AR/3a3f3554-d861-49ea-870a-0dd1d63a96a0.flac,,دايش رئيس المجلس التصديري للصاردرات الزراعيه وايضا اسامه حرفوش رئيس شركه مرسول مصر واخيرا وائل صبري صاحب سلسله مطاعم اشكركم جزيلا للمشاركه في هذا النقاش شكرا جزيلا لحضرا,,0.086574,low
96f095ab-e2e7-4035-ac11-961de2547f37,mediaspeech,../data/mediaspeech_ar/AR/96f095ab-e2e7-4035-ac11-961de2547f37.flac,,ربما يعني كلمه شائعه بين السعوديين وغير سعود حتي لما الواحد يتفاجا بالعاده ايش اللي فليش هذه سبب التسميه اه سبب التسميه يعني واضح ايش اللي,,0.761635,high
d89aba05-4cda-410c-9c7e-3f251bd8fa28,mediaspeech,../data/mediaspeech_ar/AR/d89aba05-4cda-410c-9c7e-3f251bd8fa28.flac,,عسكريه علي مده ثلاث سنوات استطعنا ان نكافح داعش ما موجود لدينا هي عصابات ارهابيه تكون قريبه جدا من القواعد الامريكيه يتم نقلها اكثر من الفين و خمسمائه ارهابي تم نقلهم بعد عمليات اسد وبع,,0.012498,low
aee1d5e3-f796-4bac-8a42-1ad5f061c855,mediaspeech,../data/mediaspeech_ar/AR/aee1d5e3-f796-4bac-8a42-1ad5f061c855.flac,,انها الاقليات العدديه انها تتمتع بجميع الحقوق و انها متواجده في جميع المناصب المناصب حتي المناصب التنفيذيه داخل المجتمع و ان يعني السلطات,,-0.002006,low
ade6fa72-9c4d-40e3-ac49-22ce04cb01c5,mediaspeech,../data/mediaspeech_ar/AR/ade6fa72-9c4d-40e3-ac49-22ce04cb01c5.flac,,نحتاج للمزيد من المعلومات فنحن نعرف ان جميع الاطراف تكذب خلال الحرب في ايام الحرب فان سوء التضليل والبروبغندا هي اختان فهما تعملان في كل,,0.027403,low
b5f698c0-dbae-4a8e-a0eb-effdb4c6cb9c,mediaspeech,../data/mediaspeech_ar/AR/b5f698c0-dbae-4a8e-a0eb-effdb4c6cb9c.flac,,نهايه الجزء التلفزيوني احمد الخطيب ساره فياض مها القاضي هند عبدالقادر تحت اشراف محمود القصاص وطبعا تحياتي رشا قنديل هذا الحوار لم ينتهي قابلوني بعد قليل,,0.053351,low
5c32294f-5ed9-49aa-ba13-a5378802b45d,mediaspeech,../data/mediaspeech_ar/AR/5c32294f-5ed9-49aa-ba13-a5378802b45d.flac,,استقاله اي من العاملين في المنظومه الصحيه لاي سبب هي كالجندي الذي يهرب اثناء المعركه محمد صلاح عزب يدافع عن الاطباء بالقول لا ينتظر اطباء مصر اي مقابل من اي جا,,0.065588,low
605143c7-9eb4-4b6b-b0c7-b7a8e3b2b434,mediaspeech,../data/mediaspeech_ar/AR/605143c7-9eb4-4b6b-b0c7-b7a8e3b2b434.flac,,المساله في الاول ما كنش في استسناء وكان كان الامر مختلف شويه لكن اول ما بدا قرر مجلس الوزراء وبدا الاستسناء,,0.454134,mid
a01712e8-a54e-469a-98c0-210ae608751f,mediaspeech,../data/mediaspeech_ar/AR/a01712e8-a54e-469a-98c0-210ae608751f.flac,,الاطاحه بالحكومه لا في الشارع ولا في المجلس النيابي لا هو في المجلس النيابي يمتلك اكثريه نيابيه للاطاحه بها وليس هو علي الارض قادره علي تحريك شارع للاطاحه بالحكم,,0.001822,low
a185f63a-1ec3-4586-9c53-ab18521d28ce,mediaspeech,../data/mediaspeech_ar/AR/a185f63a-1ec3-4586-9c53-ab18521d28ce.flac,,المبادره الجزائريه التي ليست هي احاديه و ليست ردا علي المبادره التركيه المصريه و انما هي تكمله للمساعي التي تقوم بها عديد الاطراف سواء الدوليه او دول الجوار من اجل,,0.001082,low
7e87d584-7b9b-4993-8564-505418a37768,mediaspeech,../data/mediaspeech_ar/AR/7e87d584-7b9b-4993-8564-505418a37768.flac,,بمنع اي شركه ممكن ان تقوم بتقديمات اجتماعيه وصحيه او اي تقديمات خدماتيه تقدم الي سوريا بالتعامل مع شركات تعطي هذه الخدمات داخل سوريا اذا نحن,,-0.001161,low
b157b93a-6a32-4bbf-b3e1-654890364ffd,mediaspeech,../data/mediaspeech_ar/AR/b157b93a-6a32-4bbf-b3e1-654890364ffd.flac,,ممكن ان تاخذ هذه المعلومات من عندي بدول الخليج لا يمكن ان ذلك حقيقه يعني لا اعرف اذا اذا كان هناك في من يعتقد بان ممكن ان اقاضي الحكومه,,0.000578,low
a1cd6540-79e6-4ce2-b069-b94a4ed56212,mediaspeech,../data/mediaspeech_ar/AR/a1cd6540-79e6-4ce2-b069-b94a4ed56212.flac,,ازمه الجزائر منذ اندلاع الازمه وهي تدعو الي الحوار قدمت العديد من المبادرات سواء احاديه او مع تشاور بالتشاور مع اطراف اخري من اجل الخروج,,-0.004667,low
89819168-9b1a-4650-8340-93d242e6f4bf,mediaspeech,../data/mediaspeech_ar/AR/89819168-9b1a-4650-8340-93d242e6f4bf.flac,,تسجيل مقابل فرصه واحده يسجل فيه ضياع ضربه الجزاء يؤثر علي الفريق يشكل ضغط اسامه ما اعتقد يعني اا حتي سلمان يعني اا يمتاز انه في ضربه جزاء في منتخبه في الهلال و لعبها بطريقه جيده,,0.115884,low
f7d54b37-6835-4a53-a117-0bfaa4a4f6de,mediaspeech,../data/mediaspeech_ar/AR/f7d54b37-6835-4a53-a117-0bfaa4a4f6de.flac,,الغرب سوريا و يتواجد بها عناصر التنظيم الارهابي طيب بالنسبه الي الحدود هل احكمت بالكامل الان الحدود طبعا ال الحدود اللي تربطنا معسوريا هي بحدود ستميه و خمسه كيلو متر و هي مقس,,0.207943,low
61b9f979-722f-4a63-8feb-6c42c9fca593,mediaspeech,../data/mediaspeech_ar/AR/61b9f979-722f-4a63-8feb-6c42c9fca593.flac,,اجراءات العزل والوقايه هي ابسط حقوقهم لكي يتمكنوا من الاستمرار طب هقول لحضرتك حاجه اتفضل يا فندم اغلب اصابات الاطباء جت من مخلطتهم لبعض يعني نفاجا بان ممرض بيشتغل في مستشفي ما,,0.701922,high
b6a37815-a617-412f-aa87-b75f842b5fb6,mediaspeech,../data/mediaspeech_ar/AR/b6a37815-a617-412f-aa87-b75f842b5fb6.flac,,ماركه برضو مسؤول وكلاهما بيمر علي الناس كل يوم دلوقتي علشان نتاكدوا ان كل ملتزم بالاجراءات الاحترازيه اشكرك استاذ حسن شكرا جزيلا رئيس اتحاد مقاويلي التشييد والبناء شكرا استاذ عبدالحميد الدميردي,,0.62652,mid
3fb892dd-bbfd-4ef8-bd92-aa97a6f561f4,mediaspeech,../data/mediaspeech_ar/AR/3fb892dd-bbfd-4ef8-bd92-aa97a6f561f4.flac,,من اجل احقاق الحقوق و لكم اعزائي المشاهدين شكرا جزيلا لكم و اعتقد اننا في نهايه هذا الشهر سنعود ان شاء الله الي استوديوهاتنا في ار تي,,0.001758,low
e3baecfb-91eb-42a3-980e-e8d6c7f518ff,mediaspeech,../data/mediaspeech_ar/AR/e3baecfb-91eb-42a3-980e-e8d6c7f518ff.flac,,السعودي يمكن اتكلمنا هو بيتجه للعب الجماعي اكثر لو شفنا التمريرات اليوم حتي الريتم كان كان في المنتخب السعودي اسرع ما كان اللاعب كالعاده نشوف ان اللاعب يمسك الكره يحاول يعدي من لاعب او اثنين او ثلاثه,,0.636217,mid
9ee3e88e-aca8-48eb-8cba-8e1119f3a940,mediaspeech,../data/mediaspeech_ar/AR/9ee3e88e-aca8-48eb-8cba-8e1119f3a940.flac,,دكتور عبدالله الشاشي استاذ العلوم السياسيه في جامعه الكويت والخبير بالشؤون الامريكيه ولكم اعزائي المشاهدين اطيب التحيات وهذا سلام مسافر,,0.07973,low
b641ed46-f8ca-4bbd-9cb0-d24535bc6b00,mediaspeech,../data/mediaspeech_ar/AR/b641ed46-f8ca-4bbd-9cb0-d24535bc6b00.flac,,او وحده سكنيه في القاهره لو كان هو مقيم هناك او في اي محافظه اخري طب ال ال ال المتمسك بارضه او المتمسك بمكانه هل هيتم اعطاؤه اراضي بديله هل كان في تعويضات ماليه قدرت يعني,,0.289789,low
cada0ef7-8a68-4ed4-9732-a4f846fe34a4,mediaspeech,../data/mediaspeech_ar/AR/cada0ef7-8a68-4ed4-9732-a4f846fe34a4.flac,,تواجدها في المجتمعات يعني سواء كانت المجتمعات الاوروبيه او المجتمعات في الشمال او المجتمعات في الجنوب ان هذه الظاهره هذه الجائحه موجوده,,0.039947,low
12393e7c-9648-4d38-b440-de60c795373f,mediaspeech,../data/mediaspeech_ar/AR/12393e7c-9648-4d38-b440-de60c795373f.flac,,اريد ان اسالك كم صرفتم في امريكا علي الحروب فيقول النص ان الجواب كان تلاته تريليون قال الصين لم تصرف ولا تريليون,,0.092907,low
0e273747-ee55-45e4-b6bd-3aeaa06b517e,mediaspeech,../data/mediaspeech_ar/AR/0e273747-ee55-45e4-b6bd-3aeaa06b517e.flac,,لكن دعوني اعود للمشاركات التي جاءت علي مواقع تواصل الاجتماعي كذلك وكيف تفكرون انتم في قضيه اليوم بعض التعليقات التي جاءت الينا ابدت تفهما لاداره الرئيس,,0.076544,low
63df9b65-b9d2-4dc1-a9a3-e6b925c72118,mediaspeech,../data/mediaspeech_ar/AR/63df9b65-b9d2-4dc1-a9a3-e6b925c72118.flac,,و تورد اخبارا خاطئه لما تكون تتحدث عن الحكومه المعترف بها دوليا ما اما هم دقيقين او لا,,0.050916,low
8023c90d-5cf1-4040-a3fd-e58d840748f0,mediaspeech,../data/mediaspeech_ar/AR/8023c90d-5cf1-4040-a3fd-e58d840748f0.flac,,زي التكلفه متشغله بالنسبه لمرسول احنا شغالين بحاجه اسمها او التشغيل الحر التشغيل الحر ده بيعتمد علي عدد الطلبات اللي موجوده والمندوب بيحصل فيها,,0.969356,high
cae19ab8-b94b-4036-a8e5-a1a515a3179c,mediaspeech,../data/mediaspeech_ar/AR/cae19ab8-b94b-4036-a8e5-a1a515a3179c.flac,,والحوثيين والان مشاكلنا مع الانتقالي لن نستطيع كي يمنيين ان نتجاوزها الا بالتكاتف ولملمه الجهد طيب لما حضرتك تتحدث قدام مجلس الامم المتحده في الدوره الرابعه,,0.088779,low
12e8143c-b75e-4916-992e-6e2c9be38cfb,mediaspeech,../data/mediaspeech_ar/AR/12e8143c-b75e-4916-992e-6e2c9be38cfb.flac,,لملمت كل الاطراف المعنيه سواء بصفه مباشره او غير مباشره بالازمه الليبيه لايجاد توافقات يتفق حولها الاطراف وبالتالي هدف الجزائر هو ايجاد ارضيه يتفق عليها جميع الاطراف من اجل,,-0.003367,low
b1a676d8-8459-4d51-8763-305a8927ecc2,mediaspeech,../data/mediaspeech_ar/AR/b1a676d8-8459-4d51-8763-305a8927ecc2.flac,,ازدحام و من مخالطه المصابين كذلك هذه ايمان لكن اخرين راوا ان تجربه استخدام هذه التطبيقات ستفشل علي يد مستخدميها جمال بدر مثلا اعتبر ان الامر مجرد محاوله لتق,,0.003546,low
112cf15d-988d-487d-8290-828432617b14,mediaspeech,../data/mediaspeech_ar/AR/112cf15d-988d-487d-8290-828432617b14.flac,,ثم يهددون بالحرب ثم بعد ذلك يتباكونون ويشتكون ويشتكون ويولولون هذا امر عجيب جدا يعني شكرا جزيلا لك الاستاذ هاني رسلان رئيس وحده حوض النيل في مركز الاهرام للدراسات السياسيه,,0.134963,low
6cafe9aa-37bf-4953-8937-0f4d8573a4f4,mediaspeech,../data/mediaspeech_ar/AR/6cafe9aa-37bf-4953-8937-0f4d8573a4f4.flac,,وهذا يعني هناك اثر رجعي احيانا لبعض الامور يعني لا نريد التفصيل فيها ولكن انا اوضح اذا اه لا اقول انه هذه الاجراءات كانت غير حقيقيه الاقتراض ليس معيبا,,0.000748,low
7add56b2-35d7-466c-bb33-5f6657492d77,mediaspeech,../data/mediaspeech_ar/AR/7add56b2-35d7-466c-bb33-5f6657492d77.flac,,التصويت علينا طب هذا مش موضوعنا طب خليني كي نركز يعني ما يتعلق بالحوار الان في الجانب الشكلي يعني هذه اللغه من الجانب الامريكي هل تعكس طبيعه الحوار يعني املاءات وليس حوار قد يقول,,0.364448,mid
19d89a5a-cc35-48df-b7c3-8dc31652d7ac,mediaspeech,../data/mediaspeech_ar/AR/19d89a5a-cc35-48df-b7c3-8dc31652d7ac.flac,,قرارات للانذار كان يستوجب ان اخراج الانذار لكن للاسف ما ما اظهر الانذار ونفس الوقت جيد حتي كان هناك في يمكن حالات تتطلب الانذار الثانيه نستعرضها راح نشوفها نبدا بالحاله الاولي في المباراه,,0.0935,low
2e8fdcb5-38c5-422c-9477-d35a1f6a8149,mediaspeech,../data/mediaspeech_ar/AR/2e8fdcb5-38c5-422c-9477-d35a1f6a8149.flac,,شعب تايه داخل مستشفي يصور ومره من من من من بعض الناس اللي بتزايد علي حتي علي الدور الاطباء يعني الحقيقه زي الواقع هم مش بيزايدوا علي دور الاطباء هو بعضهم قال انه الاطباء اصلا,,0.730172,high
ec773a91-55fb-4a36-80b2-215341ed135b,mediaspeech,../data/mediaspeech_ar/AR/ec773a91-55fb-4a36-80b2-215341ed135b.flac,,طيب يا دكتور وزير الماليه اريد ان استثمر وقتي لسؤال حضرتك سؤالا مهما كخبير وزير الماليه يتحدث عن تاجيل عدد من مشروعات خطه عشرين ثلاثين اضافه الي المساءله اصلا عن خطط سابقه لها علاقه برفاهه ال,,0.176299,low
5a865cf2-73e9-4e76-84db-d8f061c4701e,mediaspeech,../data/mediaspeech_ar/AR/5a865cf2-73e9-4e76-84db-d8f061c4701e.flac,,اول شي بالنسبه لاي شخص ممكن يصاب بامراض فيروسيه لازم نعرف ان نحنا جسمنا بيولد عنا اجسام مضاده طبيا منسميا نحنا بالاضافه الي عمله مع مرضي  تسعه عشر,,0.38847,mid
36866965-65aa-4b04-b08c-32c17bedd39f,mediaspeech,../data/mediaspeech_ar/AR/36866965-65aa-4b04-b08c-32c17bedd39f.flac,,ايجاد صيغه توافقيه للاطراف الليبيه للجلوس علي طاوله المفاوضات و بالتالي فالمبادره الجزائريه هي جاءت بالتشاور مع جميع دول الجوار هناك العديد من المشاورات,,-0.002025,low
4ca2e24b-90cc-4667-8bba-55298753163c,mediaspeech,../data/mediaspeech_ar/AR/4ca2e24b-90cc-4667-8bba-55298753163c.flac,,يعني او لكي ربما محاوله ايجاد توازن مع يعني مع ال او او مع الوجود الروسي في المنطقه يعني هذا ما يكسر فعلا ظهر الجيش الليبي حتي الجيش الوطني الليبي يعني,,0.045278,low
2229df40-7393-42f4-a06f-db2d2cefb6f0,mediaspeech,../data/mediaspeech_ar/AR/2229df40-7393-42f4-a06f-db2d2cefb6f0.flac,,مواقع التواصل الاجتماعي فيسبوك تويتر جوجل بلاس او علي حسابي علي تويتر رشا قنديل بي بي سي دعونا نبدا من وجهه نظر تري في هذه الاجراءات,,0.037397,low
1df40efa-0679-4777-a356-31e351533db4,mediaspeech,../data/mediaspeech_ar/AR/1df40efa-0679-4777-a356-31e351533db4.flac,,لانه الجنرال كينيث ماكينزي رئيس المنطقه القوات في الشرق الاوسط المهمه لم تتم بعد اعتقد ان الحوار لابد ان ينصب علي مصلحه نعم هو دا العراق اولا وليس,,0.187892,low
c6bd7dc4-2af0-4fbf-8ad7-375fcc1aa9a4,mediaspeech,../data/mediaspeech_ar/AR/c6bd7dc4-2af0-4fbf-8ad7-375fcc1aa9a4.flac,,ينضم الينا في الاستوديو مقيم الحكام في الاتحاد الاسيوي خالد الدوخي اهلا بك كابتن خالد يا هلا ويا مرحب اليوم حكم السويسري كيف كان ادائه والله الحكم السويسري اعتقد كان موفق في الاعلان عن اول ركله جزاء للفريق السعودي الا انه هناك,,0.209438,low
e9947232-c374-4944-95b6-cff5e1676b99,mediaspeech,../data/mediaspeech_ar/AR/e9947232-c374-4944-95b6-cff5e1676b99.flac,,حاكم تعمل بشكل قانوني ويصار الي اجهزه امنيه ويصار الي جيش وشرطه تحمي الحدود وتصون حريته عن كرامه المواطن هذا هو الحل السياسي اللي نعمل عليه ولكن اليوم المشكل هو المشكل المشكل,,0.211979,low
4e5080f2-17f2-4905-8ff5-21e1f14a5736,mediaspeech,../data/mediaspeech_ar/AR/4e5080f2-17f2-4905-8ff5-21e1f14a5736.flac,,دفاعي جيد اسامه يعني اا نفس السؤال ولكن هل الادوار في مباراه البحرين كانت مطلوبه كما هي في مباراه قطر يعني نفس التشكيل تقريبا نفس الطريقه لكن باختلاف,,0.098529,low
84a6d4ec-26fa-4088-a590-bece3bd238cf,mediaspeech,../data/mediaspeech_ar/AR/84a6d4ec-26fa-4088-a590-bece3bd238cf.flac,,لسعوديه شركات استثماريه فالعقليه السعوديه هي عقليه استثماريه يجب ان نستغلها ويجب ان ننظم عملنا ويجب ان ندفع بصندوق السيادي والصناديق الاخري وكل الشركات السعوديه لكي تكون,,0.009167,low
cf1e72b1-72f2-4e33-8bac-1115dd1b8cfd,mediaspeech,../data/mediaspeech_ar/AR/cf1e72b1-72f2-4e33-8bac-1115dd1b8cfd.flac,,ببساطه هناك عدم المعرفه بها علي الاطلاق يعني خاصه الذين سارعوا الي تحليل المواصفات الفنيه اا كما سموه الضعيفه في ليبيا هذه المنظومه كما هو المعروف للخبراء,,0.068722,low
91eb3555-3f97-49e0-ae94-4ec0ee189c2a,mediaspeech,../data/mediaspeech_ar/AR/91eb3555-3f97-49e0-ae94-4ec0ee189c2a.flac,,نمره ال النقطه الثانيه التي قولها اقولها بايجاز ان الضيف الكريم من اثيوبيا يقول ان المشكله الاساسيه هي الاتفاقيات الاستعماريه وتسعه وخمسين تسعه وخمسين ليست اتفاقيه استعماريه,,0.17432,low
a37311b0-9eec-4a65-868c-2fbd92f18e1b,mediaspeech,../data/mediaspeech_ar/AR/a37311b0-9eec-4a65-868c-2fbd92f18e1b.flac,,المنضمه الينا اليوم اثاروا ان يبقوا هوياتهم يحتفظون بها ولذلك نحمي هذه الهويات الان ينضم الينا مباشره عبر خدمه الانترنت من مصر دكتور كريم مصباح عضو مجلس النقابه العامه للاطباء في,,-0.002729,low
0d82eddc-75a7-4969-8005-7fa9208ee32c,mediaspeech,../data/mediaspeech_ar/AR/0d82eddc-75a7-4969-8005-7fa9208ee32c.flac,,مديريه الامن العام و طبعا سيكون تحت طائله المسؤوليه اذا خبر عن حاله خاطئه فيتم التاكد من هذا الموضوع و بالتالي طبعا احنا بتعرف في موضوع في كثير من ال ال الاشخاص بيعتبروا انو الاصابه بكورو,,0.49433,mid
d26e9cef-5237-400e-b34c-49ea8e135645,mediaspeech,../data/mediaspeech_ar/AR/d26e9cef-5237-400e-b34c-49ea8e135645.flac,,مئتين و عشرين دينار و ايجار بيتي مئتين و خمسين دينار يعني كيف بدا تمشي الحياه اكيد الواحد تاثر كثير يعني بالجوعات تطلعوها سقف المبيعات صفر كيف صاحب المحمل ليعطيك راتبك انا كموظف من شهر اربعه,,0.482167,mid
72c20349-2498-4f2f-ac10-151a7de2a799,mediaspeech,../data/mediaspeech_ar/AR/72c20349-2498-4f2f-ac10-151a7de2a799.flac,,قيمته كانت ثلاثمائه وعشرين مليار دولار لماذا لا يستطيع هذا الصندوق مواجهه جائحه مثل كورونا يعني اولا صندوق السيادي هو لاجل الازمات تصور يعني,,0.052055,low
3dccf149-1568-4a7b-9b53-abeff15067c5,mediaspeech,../data/mediaspeech_ar/AR/3dccf149-1568-4a7b-9b53-abeff15067c5.flac,,الدفاع الجوي فنحن لا نتحدث عن معركه الفرسان عندما تكون هناك مقصوره ضد مقصوره او طائره مسايره واحده لواحده فنحن نتحدث عن نظام متكامل لمنظومات الدفاع,,0.029765,low
3e49d242-cffd-49e5-a123-06f9d9783aac,mediaspeech,../data/mediaspeech_ar/AR/3e49d242-cffd-49e5-a123-06f9d9783aac.flac,,ويتم ال الاستيلاء علي قرارها السياسي وقرارها المالي ونعود لنفس الدوامه مره اخري بطبيعه الحال هذا منصت عليه مبادره القاهره يعني اخراج الميليشيات اولا من الداخل الليبي استاذ عمر,,0.002923,low
a7f3dbdc-2b05-4b8a-9dd6-700a45b7595e,mediaspeech,../data/mediaspeech_ar/AR/a7f3dbdc-2b05-4b8a-9dd6-700a45b7595e.flac,,استقرار والعوده الي المرحله الانتقاليه التي زادت اهتزت قليلا بمهاجمه الجيش اليمني في العلم وهو ليس تغير علي الامارات وانما تغيره علي الواقع لا يمكن ان يسكت هو الواقع معالي الوزير,,0.040868,low
33b92161-f3f8-4db3-abf5-4ba9ceca983a,mediaspeech,../data/mediaspeech_ar/AR/33b92161-f3f8-4db3-abf5-4ba9ceca983a.flac,,و انتم قلتم متفضلين الان انكم تسعون او تريدون او تاملون في العوده الي عدن ننتظر كما انتظرنا منذ مارس الفين و خمسه عشر و حتي هذه اللحظه العوده الي صنعاء سيناريو مؤسف الذي حدث في صنعاء هل يتكرر نحن الان,,0.104824,low
ffd198e7-820c-4101-ab41-5ef0f5e2f70a,mediaspeech,../data/mediaspeech_ar/AR/ffd198e7-820c-4101-ab41-5ef0f5e2f70a.flac,,وهذه الجهات غير واضحه لي انا لا اعرفها كمواطن هذا ما يسبب لي الخطر المشكله سيدي العزيز في تقنيات التواصل هذه اننا يجب علينا ان نتحدث عن الجدوي والظروره والمبرر السبب,,-0.000115,low
f9ef26cd-374f-48b5-835d-e65c422937cb,mediaspeech,../data/mediaspeech_ar/AR/f9ef26cd-374f-48b5-835d-e65c422937cb.flac,,بس هي ال ال ال ال ال الكاميرا انت بحاجه ان توجهها للمكان لاني اري السماء فقط يا عبد الكريم,,0.404702,mid
b32d698d-a68a-4afe-9d76-77be5842c41d,mediaspeech,../data/mediaspeech_ar/AR/b32d698d-a68a-4afe-9d76-77be5842c41d.flac,,هذه القصص لكم بطريقه مختلفه عما نفعله اثناء تصوير مواضيعنا وهذه المواضيع هي لم تكن تلك التي عملنا عليها وحضرناها لفتره لنقدمها لكم في الحلقه الاولي لفورتك,,-0.003078,low
319f41ef-4c47-4492-a88b-1ddf0b7cae3d,mediaspeech,../data/mediaspeech_ar/AR/319f41ef-4c47-4492-a88b-1ddf0b7cae3d.flac,,انوه مره ثانيه الي اننا حاولنا الاتصال بالشخصيات المسؤوله والمتحدثين باسم وزاره الصحه لكننا سنحدث التوازن في هذا الحوار علي كل ثانيا هناك عدد من الشخصيات المحترمه,,0.225055,low
0b157cbe-5834-47d6-b1d8-9961cd4c2604,mediaspeech,../data/mediaspeech_ar/AR/0b157cbe-5834-47d6-b1d8-9961cd4c2604.flac,,اذا اختي العزيزه اعتقد ان الموضوع ياخ ياخذ مساحه اكبر من من ال من اللازم الكورونا موجوده في اليمن وانا شخصيا اعتقد ان الارقام الموجوده هي فقط كما يسمونه راس ال الجبل الجليد,,0.358196,mid
7a2497df-3346-466c-97e1-f52645cc01f5,mediaspeech,../data/mediaspeech_ar/AR/7a2497df-3346-466c-97e1-f52645cc01f5.flac,,تجاريه مع ليبيا و لك و و روسيا طبعا تلعب دور الان في ليبيا هذا امر طبيعي و لكن الدور الروسي هو دور من اجل جمع كل الاطراف الليبيه علي طاوله الحوار لحل الازمه الليبيه و الحفاظ علي الا,,0.000326,low
4e1c4f3e-572c-4d48-9e88-c2ac4ad27355,mediaspeech,../data/mediaspeech_ar/AR/4e1c4f3e-572c-4d48-9e88-c2ac4ad27355.flac,,مجلس كبار اللجنه العسكريه و الصناعيه الروسيه رئيس تحرير مجله ترسانه الوطن شكرا لكما مشاهدينا شكرا لكم علي حسن المتابعه و الاهتمام نلتقي كالمعتاد في ابعاد روسيه جديده الي,,0.01302,low
fb4ca733-d668-4468-8077-f3195fd14fde,mediaspeech,../data/mediaspeech_ar/AR/fb4ca733-d668-4468-8077-f3195fd14fde.flac,,ده سؤال مهم اقول كالاتي ان لدينا خمسه اشهر من الان حتي موعد الانتخابات حتحدث فيها امور كتيره امريكا في ازمه لكن ايضا امريكا قويه ربما تشهد عدد,,0.679282,high
09a70e62-4334-464b-81a9-c41ba15b59d8,mediaspeech,../data/mediaspeech_ar/AR/09a70e62-4334-464b-81a9-c41ba15b59d8.flac,,كعماله مثلهم مثل العاملين في قطاع السياحه وعلي وقع تاثير كورونا علي سوق العمل في مصر خرجت مبادرات كثيره من الحكومه والبنك المركزي لدعم العماله غير المنتظمه ومنح قروض للقطاعات,,0.003286,low
50690e73-90de-44a4-8920-83d1d64077de,mediaspeech,../data/mediaspeech_ar/AR/50690e73-90de-44a4-8920-83d1d64077de.flac,,نقاتل الدواعش التكفيريين و تم انشاؤهم بالقرار الرسمي من مجلس النواب السلطه التشريعيه الوحيده التي تم انتخابها من قبل الشعب الليبي لا اتحدث عن تلك الس السلطه التي,,0.00716,low
755308f7-82d3-4623-83b9-3f25b699f8ef,mediaspeech,../data/mediaspeech_ar/AR/755308f7-82d3-4623-83b9-3f25b699f8ef.flac,,امام الامم المتحده قلت السعوديه لم تقل التحالف قلت ان التحالف انحرف بسبب ما عملته الامارات في اغسطس وهذا واضح ولن اتراجع عنه وهو اصلا واضح وان تغيروا تغيرنا,,0.018858,low
1461fc4a-2c29-401b-a80e-696c2ccfa83e,mediaspeech,../data/mediaspeech_ar/AR/1461fc4a-2c29-401b-a80e-696c2ccfa83e.flac,,لا انتم في الرؤيه نحتاجه كنتم سمو الامير نحتاجه لكن اعتقد انه عشرين عشرين نستطيع ان نعيش بدون اا نفط انتم ركزتم في في الرؤيه سمو الامير علي انه نريد ان نحافظ علي مستوي معيشه مر راقي,,0.078956,low
3e5d0fce-a485-4e9d-9f22-addceb11c694,mediaspeech,../data/mediaspeech_ar/AR/3e5d0fce-a485-4e9d-9f22-addceb11c694.flac,,في البدايه شكرا لاتاحه الفرصه الحل العسكري قائم ما ما لم تحل المشكله الاساسيه هي مشكله الميليشيات مشكله الميليشيات و فوضي السلاح و مشكله الارهاب هي قضايا اساسيه هي التي تؤرق,,0.137925,low
4ae8d108-c04b-4505-ab3f-8c2bdb3ed9f7,mediaspeech,../data/mediaspeech_ar/AR/4ae8d108-c04b-4505-ab3f-8c2bdb3ed9f7.flac,,الحبوب وليس ايضا فقط القمح وايضا الحبوب بشكل عام نحن بلبنان نستورد نسبه كبيره من الحبوب صحيح صحيح حتي الاشجار المثمره يعني,,0.004374,low
e0ffdb4f-cfdd-4223-af5d-2aacb055fc6a,mediaspeech,../data/mediaspeech_ar/AR/e0ffdb4f-cfdd-4223-af5d-2aacb055fc6a.flac,,اثارت ازمه انتشار فيروس كورونا في مصر علي عدد من القطاعات منها قطاعات تضررت بشكل كبير ومنها قطاعات استفادت من الازمه في هذه الفقره نستعرض,,0.006896,low
e52c3a1e-0aea-42e1-b0c7-bb19a7fd67aa,mediaspeech,../data/mediaspeech_ar/AR/e52c3a1e-0aea-42e1-b0c7-bb19a7fd67aa.flac,,وتحيه لجمهوركم الكريم في البدء القوي السياسيه تختلف في طرحها بشكل مباشر حول هذا الموضوع لانها بدات مربكه في طرح اصل المسمي هي بدات,,-0.004118,low
765502a4-cde4-440e-982b-b7560d1a65a5,mediaspeech,../data/mediaspeech_ar/AR/765502a4-cde4-440e-982b-b7560d1a65a5.flac,,لحريه التعبير يصبح كل شخص مقيد اينما كان ومع من كان كما قال محمد حساب اخر باسم حراس الجبل ارسل لنا علي فيسبوك وقال عندنا في مصر,,0.06776,low
fc129dc8-1ae3-43ce-89b9-bdfa6c41b4fb,mediaspeech,../data/mediaspeech_ar/AR/fc129dc8-1ae3-43ce-89b9-bdfa6c41b4fb.flac,,الفين وخمسطعش استطعنا نحقق ارباح من صندوق بما يقارب ثلاثين مليار ريال سعودي مما ادي وساهم في رفع مداخيل غير نفطيه بخمسه وثلاثين في المئه في الفين وخمسطعش هي بسنه وحده,,0.021291,low
316fd5bd-8644-4bb2-850c-73570056d219,mediaspeech,../data/mediaspeech_ar/AR/316fd5bd-8644-4bb2-850c-73570056d219.flac,,مساله محزنه وغير مفاجئه فنحن في اللجنه العليا المكونه من نائب رئيس الوزراء وغيره كنا علي علم بان مساله منع الجائحه من دخول اليمن هي مساله مستحيله و,,0.040918,low
a37d180e-8a21-42b4-8680-4b961d63ceb9,mediaspeech,../data/mediaspeech_ar/AR/a37d180e-8a21-42b4-8680-4b961d63ceb9.flac,,اسمح لي ان اناقش معكم اليوم في هذه المقابله اه الرؤيه التي اعتمدتموها اليوم في المملكه العربيه السعوديه و اطلقتم عليها رؤيه المملكه العربيه السعوديه عشرين ثلاثين,,0.032739,low
420002a6-c83a-4134-ada7-ab80e25b7b14,mediaspeech,../data/mediaspeech_ar/AR/420002a6-c83a-4134-ada7-ab80e25b7b14.flac,,تنينا في روسيا في في ليبيا كانت امريكا قد تدخلت بقوه بقياده او مع فرنسا التي حرضت بشكل كبير علي حكومه القذافي لاختلاف مصالح سيركوزي و,,0.007831,low
701098f1-6671-41fc-aedb-d8b4271efddc,mediaspeech,../data/mediaspeech_ar/AR/701098f1-6671-41fc-aedb-d8b4271efddc.flac,,اه ليبقي سعر النفط في يده هذا واحد ثانيا لا يريد ان تكون هناك علاقه جيده بين روسيا وبين طبعا ليبيا وهي علاقه تاريخيه ان كان عسكريه وان كان علميه وان كان في يعني في,,0.029594,low
41ad41aa-ffe9-452e-a88f-b586120bce14,mediaspeech,../data/mediaspeech_ar/AR/41ad41aa-ffe9-452e-a88f-b586120bce14.flac,,سعودي ادي مباره ما كان سيء في المباراه وهو مسيطر في المباراه لكن ما ما استطاع فاعليه للوصول انه يوجد الحلول الهجوميه الحلول الهجوميه كانت غائبه بسبب تكتل المنتخب البحريني اللي هو لعب,,0.398988,mid
5a1fef62-77b8-423f-8c4a-e85ceac92ef5,mediaspeech,../data/mediaspeech_ar/AR/5a1fef62-77b8-423f-8c4a-e85ceac92ef5.flac,,ان روسيا كانت تصدر اكثر لاننا نصدر بالدرجه الاولي عن طريق الانابيب اا اليك استاذ عبدالله مره اخري نقطه مهمه جدا انتهي اليها الاستاذ ايغور يعني ان روسي,,0.018475,low
e8b06979-cdad-49c1-90ea-deddae14c182,mediaspeech,../data/mediaspeech_ar/AR/e8b06979-cdad-49c1-90ea-deddae14c182.flac,,من شقره الي الي طور الباحه في لحج هذا جزء من اتفاق الرياض معالي الوزير هذا ليس بالجديد هذا جزء من اتفاق الرياض اعاده التموضع نقل القوات التي غادرت مواقعها ضم ما يوصف باي قوات خارج سياق الجيش اليمني,,0.230923,low
c3f44323-5301-4415-a676-07259bdc2847,mediaspeech,../data/mediaspeech_ar/AR/c3f44323-5301-4415-a676-07259bdc2847.flac,,سي رادار هو عباره عن ابليكيشن فقط يتيح للمستخدم او للمواطن بانه يبلغ عن حاله مشتبه بها انه مثلا ممكن يحس انه هذا الشخص مشتبه اا انه مصاب كرون,,0.253314,low
0d4621aa-9770-45f1-9393-8eb139b7c2be,mediaspeech,../data/mediaspeech_ar/AR/0d4621aa-9770-45f1-9393-8eb139b7c2be.flac,,يفيد قضيتهم بل بالعكس هو هناك اتهامات كالعاده كما تعودنا طبعا اتهامات متبادله ما بين الطرفين انه يقف وراء اعمال التخريب لتشويه صوره الاخر الان الرئيس يتحدث عن فكره,,0.019384,low
647e6557-97ab-4282-942e-6ffe4829f6b7,mediaspeech,../data/mediaspeech_ar/AR/647e6557-97ab-4282-942e-6ffe4829f6b7.flac,,موجود علي المداخل المشاريع و برضو ممرضين بترمو مترات بيقيسوا حراره الناس اللي داخله كل يوم و طبعا حتي في الموقع الناس اللي شغاله في الموقع قريبه من,,0.849043,high
cd496ba5-a412-4c7d-8123-d944e9c46144,mediaspeech,../data/mediaspeech_ar/AR/cd496ba5-a412-4c7d-8123-d944e9c46144.flac,,يعني طبعا ترامب مشكلته انه ليس رجل سياسه ياتي من خلفيه مغايره للاربعه واربعين رئيس الذين اتوا الي امريكا قبله معظمهم اتوا من مناصب طبعا خاصه بعد,,0.130505,low
ade49605-ec52-44b4-8157-fdefc4fa937f,mediaspeech,../data/mediaspeech_ar/AR/ade49605-ec52-44b4-8157-fdefc4fa937f.flac,,و الضرائب هذه امر و المملكه بشكل عام جزء لا يتجزا من العالم و طبيعي جدا عندما تواجه المملكه ازمه كهذه لاول مره ان تقوم باجراءات تقشفيه منها لتقليل و تشييد,,-0.00159,low
0406615f-0fee-48c6-8035-2cd9bc53cd7e,mediaspeech,../data/mediaspeech_ar/AR/0406615f-0fee-48c6-8035-2cd9bc53cd7e.flac,,بحاسبك تتم بمراقبته يا استاذ كفاح انا اشكر حضرتك شكرا جزيلا استاذ كفاح عباد الخبير في امن الانترنت من برلين جزيل الشكر الحديث يتواصل علي راديو بي بي سي مع محمد عبد الحميد بعد قليل,,0.003657,low
74e97a91-7a98-49f4-9c00-cd8eba6d0ebe,mediaspeech,../data/mediaspeech_ar/AR/74e97a91-7a98-49f4-9c00-cd8eba6d0ebe.flac,,مصطفي الكاظمي ان الحوار سيركز علي ملفات السياده وتحقيق مصلحه العراق بالاعتماد علي راي المرجعيه والبرلمان كما طبيعه الملفات المطروحه علي طاوله الحوار,,-0.000779,low
d4b24caf-0a4b-4b6c-bc21-f42e4872d7d8,mediaspeech,../data/mediaspeech_ar/AR/d4b24caf-0a4b-4b6c-bc21-f42e4872d7d8.flac,,فساد موجود بلا شك فساد موجود موجود في كل المجتمعات و موجود في كل ال الحكومات و بنسب متفاوته اللي يهمنا اليوم احنا ان نكون في مقدمه الدول في مكافحه الفساد و اقل نسب فساد,,0.259447,low
850848a6-9f39-4c1c-a987-48ea5bb448b5,mediaspeech,../data/mediaspeech_ar/AR/850848a6-9f39-4c1c-a987-48ea5bb448b5.flac,,صريه انو تم تعويض عشرين في الميه طب باقي المستحقين اذا ما تمش اذا لم يتم تعويضهم في خلال الاربع سنوات المتبقيه من ال الفتره الزمنيه اللي حددها الدستور المصري كيف يتم التعامل,,0.531949,mid
ff939118-3d95-4d46-a54e-af5c1348e29f,mediaspeech,../data/mediaspeech_ar/AR/ff939118-3d95-4d46-a54e-af5c1348e29f.flac,,حليفه لتركيا في هذا السياق هي تدعم حكومه الوفاق الوطني لكنها في نفس الوقت تدعم تسويه سياسيه للازمه لذلك اعلان القاهره هو خطوه ايجابيه,,0.015651,low
2863edf7-0acd-4c48-908f-d6552b86fd05,mediaspeech,../data/mediaspeech_ar/AR/2863edf7-0acd-4c48-908f-d6552b86fd05.flac,,بحيس ان هو طبعا دي فلوس الشعب وكان المفروض ان هي ترجع للشعب تاني عن طريق العلاج انا بس لو تسمح لي بس تعقيب علي كلام ال ا اتفضل انا عضو مجلس النقابه نقابه اطباء سابقا وكان احب اعقب علي كلام,,0.74607,high
98e964a9-2c0e-46e8-bd1d-2af0a186b737,mediaspeech,../data/mediaspeech_ar/AR/98e964a9-2c0e-46e8-bd1d-2af0a186b737.flac,,مقدم باسم السيد رئيس مجلس الوزراء عليه اي ان ياتي بالمسؤولين المختصين للاجابه اي ان يحطني علما بما ورد في هذا الطلب طيب رئيس مجلس اداره الشركه الوطنيه للطرق قال ان البوابات ليست لتحصيل الرسوم فقط ول,,0.086013,low
479ead5a-bb6c-4461-9a98-1be4db9ea4a6,mediaspeech,../data/mediaspeech_ar/AR/479ead5a-bb6c-4461-9a98-1be4db9ea4a6.flac,,سياسي ايهاب عباس ارحب بكم ضيفي الكريمين وابدا معك سيد ايهاب بالسؤال عن موقف واشنطن يعني بالنظر الي هذه التطورات الاخيره وصول سفينه من السفن الخمس الناقله للنفط الايراني,,-0.004594,low
e94fe726-47d2-4914-a84b-2985f06fb89b,mediaspeech,../data/mediaspeech_ar/AR/e94fe726-47d2-4914-a84b-2985f06fb89b.flac,,بكوي كبيره لزلك ابناء البقاع وابناء بعلمك الهرمل هن يقدرون هزا الموقف لدوله الرئيس نبيل بري لتشريع هزا لاقرار هزا القانون بتشريع القنب,,0.073869,low
4b78c680-b447-43dd-ae3c-42a269deb22c,mediaspeech,../data/mediaspeech_ar/AR/4b78c680-b447-43dd-ae3c-42a269deb22c.flac,,تران والتشديد وتتبع الحسابات الي اخره الا انها ربما تسمح بتسريب نوعا ما ا يصب في مصلحه الجوانب الانسانيه يعني ايران في مقابل هذا البنزين الذي ذهب الي فنزويلا,,0.117838,low
3c892edd-847e-4c34-8a09-372563c29a21,mediaspeech,../data/mediaspeech_ar/AR/3c892edd-847e-4c34-8a09-372563c29a21.flac,,السي بي دي اويل بهيدي النبته والهدف منه استخراج الاويل منه للاستخدامات الطبيه نحن بنكون تلقائيا عم نوجه الامور باتجاهها الصحيح ولكن,,0.357636,mid
546eb432-24a0-4a0f-879d-099731aa96b9,mediaspeech,../data/mediaspeech_ar/AR/546eb432-24a0-4a0f-879d-099731aa96b9.flac,,طرد القوات الامريكيه طب هو ما لغاش اصلا الاتفاقيه اللي موجود بموجبها القوات الامريكيه وبعدين القوات الامريكيه مش موجوده بس بصفه الولايات المتحده الامريكيه دي موجوده ضمن تحالف دولي للحرب علي الارهاب من تسعه وستين دوله,,0.543126,mid
f40d5e74-07ad-4870-953c-6184260d17ea,mediaspeech,../data/mediaspeech_ar/AR/f40d5e74-07ad-4870-953c-6184260d17ea.flac,,متحده الكثير لفعله و يرفعون من لهجه التحدي بوجه تهديدات واشنطن قبل ساعه فقط علي دخول اولي السفن الايرانيه الخمس المحمله بالوقود المياه الفنزويليه,,0.014127,low
f763a149-9c8e-47fb-aabd-cb3e293c8612,mediaspeech,../data/mediaspeech_ar/AR/f763a149-9c8e-47fb-aabd-cb3e293c8612.flac,,سبعتعش ذا نحن لا نحارب الليبيين واعيد واكرر نحن لا نحارب الليبيين ليست لدينا مشكل مع الليبيين نحن مع مصالحه وطنيه شامله نحن مع الحل الليبي الليبي نحن مع ايقاف نزيف الدم,,0.083707,low
f8e86af3-da3c-47b1-876f-b5483ed18609,mediaspeech,../data/mediaspeech_ar/AR/f8e86af3-da3c-47b1-876f-b5483ed18609.flac,,يحقق تقدم كبير وفي مناطق عديده لفتره طويله الان الطرف الاخر يحقق تقدم ايضا في عده مناطق واضح ان الطرفين لم يستطيعا حسم هذه المساله عسكريا ومن هنا البعض يقول الحل الع,,-0.004734,low
f72d400c-3b13-4d75-a222-fe241f8410a7,mediaspeech,../data/mediaspeech_ar/AR/f72d400c-3b13-4d75-a222-fe241f8410a7.flac,,قلي بالعكس استمر وتعلمت يومها ان ليس هنالك حاكم صالح في الدنيا الا من الا يرغب بان يسمع الحقيقه مهما كانت مره ليعالجها بدل ان,,0.213445,low
403b5545-6825-453c-b8a7-a1f6011509b4,mediaspeech,../data/mediaspeech_ar/AR/403b5545-6825-453c-b8a7-a1f6011509b4.flac,,للتهور نشوف حتي في هذه الحاله نشوف الحكم اعلن عن وجود مخالفه لكن كانت تستوجب حتي اشهار البطاقه صفر نتيجه للتهور حالات التهور تكررت في المباراه بعضها الحكم التهور حتي لو كان غير,,0.294577,low
f43fe6bc-ca71-42be-a247-ff508b5062c9,mediaspeech,../data/mediaspeech_ar/AR/f43fe6bc-ca71-42be-a247-ff508b5062c9.flac,,را هناك اتفاق موجود لوقف اطلاق النار و هناك تفاهم و دوريات مشتركه يجري الحديث يجري تطبيق علي الارض و يجري ت تمتين هذا الاتفاق تدريجيا و في ليبيا هناك تطورات مخالفه تماما لهذا الامر اعتقد لا ربط كبير,,0.012209,low
b716bec2-2160-4aa6-a3e0-24d011500ce0,mediaspeech,../data/mediaspeech_ar/AR/b716bec2-2160-4aa6-a3e0-24d011500ce0.flac,,خدمه سكايب اعتذر من مصراته السيد مصطفي المجعي الناطق باسم المركز الاعلامي لعمليه بركان الغضب اهلا وسهلا بحضرتك البدايه هي من ما قال الطرف الاخر انو اولا هو ليس انهزاما لكنه انسحاب تكتيكي,,0.256778,low
a6269774-3d2e-4263-8c11-22dabd918085,mediaspeech,../data/mediaspeech_ar/AR/a6269774-3d2e-4263-8c11-22dabd918085.flac,,ان تحاور العراب الايراني قبل ان تحاور لاعبه الميداني اا ال اا ال اا اليمني لذلك هذا هو ليعطينا فكره عن تعقيد هذه الازمه ويصعب علينا ان نتصور,,0.013927,low
bfbf5356-dc31-46c8-b991-3a9ecde6a7cd,mediaspeech,../data/mediaspeech_ar/AR/bfbf5356-dc31-46c8-b991-3a9ecde6a7cd.flac,,لا سيما انه الوفد طرح ثلاث ملفات مهمه اللي هو الملف الامني والملف السياسي والملف الاقتصادي واستش وكان هناك استفسارا حول من سيكون من الخبراء في الاقتصاد في الملف,,0.057327,low
846217b8-4e8c-4f0e-969d-69e65dc78fd4,mediaspeech,../data/mediaspeech_ar/AR/846217b8-4e8c-4f0e-969d-69e65dc78fd4.flac,,التي تعصف بايران ايران تعيش ازمه اقتصاديه خانقه والعراق يعيش ازمه اقتصاديه خارقه لان ايران كانت تعتمد علي العراق وكلا الدولتين كانت تساعد النظام السوري خلال السنوات الماضيه في ظروف الحرب وهذا الامر غير متاح النقطه الثالثه وهو,,-0.000617,low
22e906a1-d83f-490b-9f56-cead4a3b87f8,mediaspeech,../data/mediaspeech_ar/AR/22e906a1-d83f-490b-9f56-cead4a3b87f8.flac,,ا منتخبنا يفوز لكن هذا الحظ و الكره فوز و خساره ينقصنا مهاجم عبد الله الحم الحمدان ما قصر بدايه البطوله و مهاجم له مستقبل ان شاء الله لكن نطمح مهاجمين علي مستوي عا,,0.472682,mid
9a5f1d5f-f59d-43d3-b8f3-3cfaf5205169,mediaspeech,../data/mediaspeech_ar/AR/9a5f1d5f-f59d-43d3-b8f3-3cfaf5205169.flac,,الا ان قطاعات اخري شهدت قفزات ملحوظه في التوظيف نتابع معا شهد قطاع التوظيف في الامارات تباينا في الاثار المترتبه من اجراءات الحد من انتشار وباء كورونا فبالرغم,,-0.002117,low
667b13c2-a341-449c-881c-36f1fd770eee,mediaspeech,../data/mediaspeech_ar/AR/667b13c2-a341-449c-881c-36f1fd770eee.flac,,ويعني اعطاء فرصه لان يكون هنالك يعني فرصه كبيره للحل السياسي قامت به دول التحالف ولكن نجد تعنت ونجد يعني زي ما ذكرت لك هنالك,,0.221593,low
0c7129d7-bc64-4a45-9663-4f3b1ff1f057,mediaspeech,../data/mediaspeech_ar/AR/0c7129d7-bc64-4a45-9663-4f3b1ff1f057.flac,,استاذ محمود السيد توفيق اشار الي انه الكره في ملعب الليبيين وقال الليبيون وحدهم قادرون علي اختيار الاتجاه السلمي هل هذا ما يريده الليبي,,-0.003651,low
8ddfae62-f6c1-4963-a464-fdf83d5aafd7,mediaspeech,../data/mediaspeech_ar/AR/8ddfae62-f6c1-4963-a464-fdf83d5aafd7.flac,,اسمي عبد الله عبد العزيز البلوشي وجاي من مكه المكرمه من السعوديه هواياتي طبعا اول حاجه يعني طبعا بحب الغنا والدانسينغ برضو,,0.82684,high
a0702835-f46b-4ae7-be5b-9e8b254c806d,mediaspeech,../data/mediaspeech_ar/AR/a0702835-f46b-4ae7-be5b-9e8b254c806d.flac,,اري منطق في كل ما جري انه انفاق غير ضروري كيف بنيت انه غير ضروري انه والله حرب علي اخوه ما السبب لا لا يستطيع ان يتك يكمل معنا,,0.043287,low
cdbdd218-8fa9-4727-be2c-a8d552c46909,mediaspeech,../data/mediaspeech_ar/AR/cdbdd218-8fa9-4727-be2c-a8d552c46909.flac,,التي حققها دائما ما يقول سافعل وساقوم بذلك وستنجز الحكومه ذلك في حين انه يحمل الاخفاق السياسي والمالي والاقتصادي للحكومات المتعا,,0.084184,low
5a5b8619-f15c-4314-9e3a-105178242d28,mediaspeech,../data/mediaspeech_ar/AR/5a5b8619-f15c-4314-9e3a-105178242d28.flac,,لتفيد زائد ان العماله في اسبانيا اا مش قادره تجمع المحاصيل المحصول اللي عندها اسبانيا المنافس الرئيسي لمصر و لدول الحوض البحر المتوسط و كده فتاس بدا الطلب يزيد,,0.479365,mid
9c1cd633-9d24-4b21-bcf7-ae664fe1d1e4,mediaspeech,../data/mediaspeech_ar/AR/9c1cd633-9d24-4b21-bcf7-ae664fe1d1e4.flac,,التي جعلت هذا المؤتمر مؤتمر المانحين الدولي لا يحقق مبتغاه ولا يصل الي الاهداف المرجوه منه هل هو لان المجموعه الدوليه ليست لديها هذا الكرم بين قوسين لكي,,0.001004,low
d7bbd84d-87ef-42b9-a6b3-becb20bc7004,mediaspeech,../data/mediaspeech_ar/AR/d7bbd84d-87ef-42b9-a6b3-becb20bc7004.flac,,عمليه استهدافهم وقتلهم واعتقالهم بجهد عراقي خالص العمليه استخبارات يعني جهد استخباراتي عراق خالص واعطيت المعلومات الي التحالف الدولي وتم,,-0.001415,low
329ba042-636a-446d-835c-44eba6ccc0c6,mediaspeech,../data/mediaspeech_ar/AR/329ba042-636a-446d-835c-44eba6ccc0c6.flac,,تصريحات المسؤول الامريكي تزامنت هذه المره مع تصعيد جمهوري غير مسبوق في الكونجرس للاقرار واقرار تشريعات تنص علي فرض عقوبات توصف بانها,,-0.005661,low
9ad3d048-3e45-4abc-a2b4-7d49f2a73124,mediaspeech,../data/mediaspeech_ar/AR/9ad3d048-3e45-4abc-a2b4-7d49f2a73124.flac,,حضرتك وصفت سلوك الامارات وليس امام الامم المتحده بانو وصفت انو الامارات تقوم بسلوك منحرف قلت انحراف الامارات وامام الامم المتحده في الدوره الرابعه والستين الامم المتحده في التاسع والعشرين من سبتمبر ايلول,,0.297067,low
2bc865d8-3bf4-44eb-94a5-ebdfd912d9cd,mediaspeech,../data/mediaspeech_ar/AR/2bc865d8-3bf4-44eb-94a5-ebdfd912d9cd.flac,,انا كالمئات من رؤاد الفضاء الاخرين يخضعون لتدريبات طويله ومكثفه للتاقلم مع ظروف جديده في الفضاء عكس ملايين البشر الذين لم يكونوا مدربين,,-0.007884,low
6e5d3eff-6a51-4b61-831b-e53cb7042f1f,mediaspeech,../data/mediaspeech_ar/AR/6e5d3eff-6a51-4b61-831b-e53cb7042f1f.flac,,اا ااعولت علي حل الحسم والان نري انه مثلا سلطنه عمان تطلب مهله للتوسط بين الحوثيين وقبائل يمنيه يعني اصبح هناك مبادرات من خارج اليمن لحل مشكلات داخليه بحته,,0.11826,low
fa0847a9-05f2-49bf-bd02-ca8764ff8690,mediaspeech,../data/mediaspeech_ar/AR/fa0847a9-05f2-49bf-bd02-ca8764ff8690.flac,,ا القياده العامه للقوات المسلحه خططها الاستراتيجيه و لكن علي الصعيد اا السياسي بالنسبه لنا ا نري ان اا هذا اا نوع من ا اعطاء الثقه,,0.000725,low
0c41d924-8bbc-4806-b918-e94b8c270dda,mediaspeech,../data/mediaspeech_ar/AR/0c41d924-8bbc-4806-b918-e94b8c270dda.flac,,انا اركز ونكثف في كيفيه تثقيف وتعليم وتطوير اجيالنا القادمه هذا عنصر مهم جدا ما هي السعوديه التي تتطلعون اليها في المستقبل,,0.015129,low
fbe4bc0e-dcac-4cab-8970-75c5d36b33a8,mediaspeech,../data/mediaspeech_ar/AR/fbe4bc0e-dcac-4cab-8970-75c5d36b33a8.flac,,ومن خلال قياده العمليات المشتركه حقيقه تجري عمليه التنسيق مع كل قطعات لكن يبدو ان هنالك رؤي متقاطعه نوعا ما ما بين قيادات الحشد الشعبي او فصائل في,,-0.001293,low
7e217659-82e0-4f87-8af2-44e3e48d18f3,mediaspeech,../data/mediaspeech_ar/AR/7e217659-82e0-4f87-8af2-44e3e48d18f3.flac,,هزيمه علي تويتر الاستاذ عبدالسلام الراجحي يقول عندما تشاهد الكارثه التي حلت باليمن بسبب تدخل الجار السعودي والاماراتي نحمد الله في ليبيا علي الجيران تونس والجزائر فقد كانوا لنا نعم الجارعلي تو,,0.053304,low
b5ebe9a7-30a4-4540-bfd9-12a7f9e8dbfa,mediaspeech,../data/mediaspeech_ar/AR/b5ebe9a7-30a4-4540-bfd9-12a7f9e8dbfa.flac,,اساسها يعني اا القوات المسلحه اثبتت للعالم وليس حتي لشعب الليبي نفسه قدرته علي مكافحه الارهاب سواء في مدينه درنه او مدينه بنغازي وتباعا الي مدن الغرب,,0.012917,low
84c2cc85-5638-4a8e-81c9-77a51b07b03d,mediaspeech,../data/mediaspeech_ar/AR/84c2cc85-5638-4a8e-81c9-77a51b07b03d.flac,,لما دوله جوار تتقدم بمبادره تجي دوله اخري تقول حتي انا عندي مبادره وهذا ما لاحظناه حقيقه طيله ال اا ال اا السنوات الماضيه حتي الشقيقه الجزائريه ها استاذ محمود,,0.416641,mid
453bf815-9340-4161-99a7-1bc8f30e07a7,mediaspeech,../data/mediaspeech_ar/AR/453bf815-9340-4161-99a7-1bc8f30e07a7.flac,,داخل مجلس الامن لكن هناك ايضا بابا مفتوحا للمساومات في تقديري بين الولايات المتحده و بين روسيا و الصين من اجل امكانيه اا ممارسه ضغوط و ليس فقط يعني الاتجاه مباشره,,-0.003889,low
2073eb90-6444-486d-83d3-861a3b1a418c,mediaspeech,../data/mediaspeech_ar/AR/2073eb90-6444-486d-83d3-861a3b1a418c.flac,,مشاركه الفنانين فقط بقدر ما في شركات انتاج لاول مره تنتج اعمال دراميه مصريه كشركات كشركه انتاج اا قطريا بس ما راح يتكلموا بلهجتهم يعني في النهايه رح تكون دراما مصريه لا طبعا باللهجه باللهجه المصريه وحتي في,,0.561963,mid
d5e15f8a-d4d4-41c6-935c-6b7b6e5146fc,mediaspeech,../data/mediaspeech_ar/AR/d5e15f8a-d4d4-41c6-935c-6b7b6e5146fc.flac,,المستوي المعيشي جيد لانه عنده فرص ترفيهيه جيده عند فرص ثقافيه جيده عنده بيئه جيده تخليه الدخل الضعيف اللي عنده يستطيع ان ينفقه و يستمتع في حياته فيه فالترفيه هو,,0.175653,low
8a0d5f89-4bd1-45b0-bc42-b14adeb0aab0,mediaspeech,../data/mediaspeech_ar/AR/8a0d5f89-4bd1-45b0-bc42-b14adeb0aab0.flac,,ستكون بين ايادي الشرطه يعني البيانات الخاصه بمستخدمه لمستخدمي الجوال والانترنت اعطيك مثال اخر هناك شركات الهاتف المحمول تجمع بيانات لاستهداف الاعلانات,,0.00287,low
93cb8cb3-7fbf-43b7-85aa-13a1fc590033,mediaspeech,../data/mediaspeech_ar/AR/93cb8cb3-7fbf-43b7-85aa-13a1fc590033.flac,,حضرتك حضرتك والضيف الاول استاذ مصطفي المجعي الناطق باسم المركز الاعلامي لعمليه بركان الغضب ممتنه لحضرتك اشكرك شكرا جزيلا وفي الواقع انه هذه مناسبه لاشكر ضيفي علي الحوار الراقي والمحترم,,0.081771,low
a7ecbc43-d7bf-4fd6-a62b-cc7020f73dd8,mediaspeech,../data/mediaspeech_ar/AR/a7ecbc43-d7bf-4fd6-a62b-cc7020f73dd8.flac,,الجوع والفقر والفاقه والظلم والتخلف لن نقبل بالعدوان التركي مهما كانت التضحيات س س س كما واجهنا المستعمر الايطالي واجهنا المستعمر التركي طيب,,-0.003949,low
573fe36c-e908-4bab-850e-449a9290c1a1,mediaspeech,../data/mediaspeech_ar/AR/573fe36c-e908-4bab-850e-449a9290c1a1.flac,,ال القوه الاستثماريه الرائده في العالم اليوم انت تشوف بيانات كثيره تطلق بانه صندوق سياده سعودي فيكون اضخم صندوق في كره ارضيه باي فار علي الصناديق ال ال ال بدون بدون مقارنه الاخري هذا بيكون,,0.325464,low
d38e53ff-e1a2-4afb-9497-ade3549bf38b,mediaspeech,../data/mediaspeech_ar/AR/d38e53ff-e1a2-4afb-9497-ade3549bf38b.flac,,قال تسعه واربعون فاصل اربعه بالمئه علي صفحتنا علي موقع تويتر لا الاستطلاع ذاته مستمره علي موقعنا علي الانترنت ارابيك دوت ار تي دوت كوم بامكانكم المشاركه فيه علي موقعنا حتي يوم غد اشكركما جزيل الشكر من بيروت الباحث السياسي يوسف دياب,,0.028941,low
99e4baa0-244c-4e32-acac-9c86c373b590,mediaspeech,../data/mediaspeech_ar/AR/99e4baa0-244c-4e32-acac-9c86c373b590.flac,,تركيا فيما يتعلق بالازمه الليبيه اعتقد انه يتحدث فقط لان يتحدث هو للاعلام لا اكثر ولا اقل ولكن في حقيقه الامر وراء الكواليس الموقف,,-0.005159,low
84091f66-691b-4628-b627-02c29ddefd49,mediaspeech,../data/mediaspeech_ar/AR/84091f66-691b-4628-b627-02c29ddefd49.flac,,احنا حضرتك في مصر ما عندناش حتي اليه تسجيل طبي للمريض انا كطبيب يا فندم لما بيجي عندي مريض لا وما عندوش تغيير طب ما عندي ما اعرفش التاريخ الطبي بتاعه بقف عاجز عن حاجات كتير,,0.924999,high
ff6d0814-8ca5-45a8-83e0-d6ed066194cb,mediaspeech,../data/mediaspeech_ar/AR/ff6d0814-8ca5-45a8-83e0-d6ed066194cb.flac,,حتي العرر ويانا اللي يقاتل اللي حرر اللي حقق النصر هو منو المقاتل العراقي هسي بكل عناوين المقاتل العراقي سواء من الجيش او الداخليه او الحشد الشعبي,,0.603801,mid
b051e88c-fdef-4d3e-9774-a149aa59a12e,mediaspeech,../data/mediaspeech_ar/AR/b051e88c-fdef-4d3e-9774-a149aa59a12e.flac,,اعتقد هذي الخيارات اللي يعني عبد الفتاح عنده نواف لو اي واحد هتان عتان و هذا كلهم بيقوموا بيقوموا بنفس الادوار و اختار ان عبد عبد الفتاح ينزل و لكن ايه هذه المشكله ان لا بد,,0.736185,high
cafee7cb-b91a-47a1-9771-8669de2da567,mediaspeech,../data/mediaspeech_ar/AR/cafee7cb-b91a-47a1-9771-8669de2da567.flac,,اصول في شركات طاقه يجب ان ننوع هذا الاستثمار من خلال الاقتراض ودخول فرص اخري من خلال تسهيل ارامكو دخول في فرص اخري حتي توازن محفظتك الاستثماريه وهذا ما سوف يتم في خلال سنوات قادمه,,-0.004424,low
f2779088-2989-412c-9521-97bedf9f808b,mediaspeech,../data/mediaspeech_ar/AR/f2779088-2989-412c-9521-97bedf9f808b.flac,,المتداوله والبيانات المتداوله خاصه ولا يجب وسريه ولا يجب الاضطلاع عليها يعني اا اقرا لك مثلا من الدستور الاردني وهو اا شقيق المصري وشقيق البلجيكي,,-0.00401,low
9b35a687-40e8-4208-a3e5-6669eca76dc5,mediaspeech,../data/mediaspeech_ar/AR/9b35a687-40e8-4208-a3e5-6669eca76dc5.flac,,المزدري داخليا وخارجيا ليست المشكله الامريكيه مع ايران فقط مع منظمه الصحه العالميه مع روسيا مع المناخ مع فرن مع المانيا في سحب القوات مع كل العالم عنده مشكله مع,,-0.004105,low
9451f80f-dc90-44f5-89fb-c2c7e3b40320,mediaspeech,../data/mediaspeech_ar/AR/9451f80f-dc90-44f5-89fb-c2c7e3b40320.flac,,ههم طب استاذ يحيي فيما يتعلق بالوعود التي اطلقها رئيس الحكومه وهو القائد العام للقوات المسلحه والذي اكد ا بانه سوف يقدم قتله المتظاهرين الي يد العداله هل هنالك خط,,0.153872,low
283bc7d7-5057-4dc9-a648-e7505c83c747,mediaspeech,../data/mediaspeech_ar/AR/283bc7d7-5057-4dc9-a648-e7505c83c747.flac,,اثيوبيا هي من عرضت واثيوبيه مفتوحه اا يعني المستثمرين الاخوه المصريين المستثمرين في اثيوبيا بالعشرات وما وك وكلنا نعرف اثيوبيا هي من ا من ابدت اا هذا المشروع,,0.168428,low
50c029bc-b24d-414e-915e-28ba80fad4af,mediaspeech,../data/mediaspeech_ar/AR/50c029bc-b24d-414e-915e-28ba80fad4af.flac,,حار دخل العراق في هذه المرحله لا يمكن الاستغناء عن الكهرباء الايراني هذه نقطه النقطه الثانيه فنزويلا طبعا ليست معفيه فنزويلا مفروض عليها عقوبات ايران استطاعت ان تقوم بخطوه,,0.011126,low
1bcec705-6a09-4467-874a-e5679d98e638,mediaspeech,../data/mediaspeech_ar/AR/1bcec705-6a09-4467-874a-e5679d98e638.flac,,و ترفض الغزو العسكري التركي تدلي ببياناتها وتتحدث وتتحاور وتتواصل وتقدم واقف سواء في عن طريق التحاد الاوروبي او بشكل ثنائي او في الامم المتحده,,-0.00399,low
027fb1c3-0620-4cf8-bfa7-c9825afb7025,mediaspeech,../data/mediaspeech_ar/AR/027fb1c3-0620-4cf8-bfa7-c9825afb7025.flac,,السعودي المنتخب البحريني او اللاعب المنتخب البحري استخلص الكره ولعب الكره دون ان يكون هناك اي اعاقه من قبل لاعب المنتخب البحريني دا قرار سليم من الحكم وبالتالي قرار صحيح في هذه الحاله توفق فيه الحكم في هذا القرار,,0.093097,low
d487871f-8034-4406-979b-da9fc4b450b0,mediaspeech,../data/mediaspeech_ar/AR/d487871f-8034-4406-979b-da9fc4b450b0.flac,,هذه الانتهاكات التي تقوم بها الشرطه العسكريه و القوات الامريكيه وانتم محامي اليوم كان لضحايا الانتهاكات في البلدان التي قامت الولايات المتحده بغزوها و احتلالها ان يقوموا,,-0.003492,low
b17925bb-c6a0-4708-9d97-6ff58d0fe94f,mediaspeech,../data/mediaspeech_ar/AR/b17925bb-c6a0-4708-9d97-6ff58d0fe94f.flac,,الشعب اليمني بينما الحل في غايه البساطه عوده السلطه الشرعيه وتمكينها من اداره شؤون المواطنين وبالتالي هذه الحكومه والسلطه الشرعيه تستطيع ان تضع برنامج الاستيعاب والتعامل مع المانحين تتحدث عن,,-0.00094,low
059ab64a-5f3c-4089-93bc-a4e364819cf8,mediaspeech,../data/mediaspeech_ar/AR/059ab64a-5f3c-4089-93bc-a4e364819cf8.flac,,مسار التحالف وكنا واضحين امام التحالف في هذا الشيء ولذلك انخرطنا مع المجلس الانتقالي ومع الامارات في احداث مفاوضات لنصل الي اتفاق الرياض واعتقد ان هناك قضايا اكبر يجب ان,,-0.003059,low
9501b504-c154-49f7-83d8-b0fb08a56f38,mediaspeech,../data/mediaspeech_ar/AR/9501b504-c154-49f7-83d8-b0fb08a56f38.flac,,علي طول النظره انه اليوم انه الحشيشه هي مخدر ولكن نحنا ما عم ننظر زراعه القنب الهندي اللي هو بدراسته بشروطه وبريعايته لهيدا الامر هو,,0.601563,mid
781cea83-ba4f-451b-b3dd-e9189b992ff0,mediaspeech,../data/mediaspeech_ar/AR/781cea83-ba4f-451b-b3dd-e9189b992ff0.flac,,ادوات الوقايه وعدم السماح لاي مقدم خدمه طبيه بالتعامل الا بعد ارتداء الواقيات الشخصيه وتعيين اا مراقب من فريق مكافحه العدوي للتاكد من اتباع التعليمات الحقيقه النقابه وصفت ده بان هو حق,,0.1088,low
aad72971-eae0-42e0-b8e8-b77048ff38ff,mediaspeech,../data/mediaspeech_ar/AR/aad72971-eae0-42e0-b8e8-b77048ff38ff.flac,,الفقيد الدكتور وليد اشير اليها في عدد من وسائل الاعلام المقربه من الدوله علي انها لها صلات بجماعه الاخوان المسلمين كرر ذلك من اكثر من وسيله اعلام اضافه الي التصريح للرئيس المصري الذي قال اعداء الوطن,,-0.000678,low
720c55d7-50be-47dd-b022-71fd14345369,mediaspeech,../data/mediaspeech_ar/AR/720c55d7-50be-47dd-b022-71fd14345369.flac,,بينما يمكن توجيهه الي السوق الداخلي ولذلك فان المكون النفطيه تؤثر علي المكون الغازيه للولايات المتحده والوضع الحالي في سوق الغاز,,-0.004956,low
b46aa09c-f6f8-40e7-a9bd-f402c968db53,mediaspeech,../data/mediaspeech_ar/AR/b46aa09c-f6f8-40e7-a9bd-f402c968db53.flac,,هناك اكثر من تفصيله فيما اعلن بالامس له علاقه باجراء المسحات للطواقم الطبيه بتوفير المستلزمات الوقائيه هي الازمه ازمه ان و هذه المستلزمات غير موجوده و لا انها غير موجوده لكن يتم التقاعس بشانها الاتهامات مختلفه خا,,-0.003871,low
40acd797-1951-47aa-b1be-7383c59a9e0a,mediaspeech,../data/mediaspeech_ar/AR/40acd797-1951-47aa-b1be-7383c59a9e0a.flac,,بكل المقاتلين سواء المرتزقه او كذلك الاطراف الاجنبيه التي زادت من تدخلها زاد من حده الاحتراب بين الاطراف الليبيه,,0.003717,low
1e9f365b-7bc5-4846-9fe4-3d3b95273269,mediaspeech,../data/mediaspeech_ar/AR/1e9f365b-7bc5-4846-9fe4-3d3b95273269.flac,,تركيا حاليا لم يكن ممكنا ربما بدون غض الطرف او ضوء برتقالي امريكي بشكل من الاشكال ربما الولايات المتحده لا تلعب دورا مباشرا ولكنها بغض الطرف عن ما تقوم به تركيا هي,,-0.004107,low
1de08646-4beb-4961-8228-cbb3c1213d3d,mediaspeech,../data/mediaspeech_ar/AR/1de08646-4beb-4961-8228-cbb3c1213d3d.flac,,كي اعطي لتركيا للتدخل وبناء قواعد عسكريه الان الشمال الافريقي كله في خطر في خطر من قبل ال ال الاتراك الذين دخلوا الي شمال افريقي الي الدول العربيه الي تونس الان هم يت,,-0.003416,low
56334194-1e3c-4390-b433-f71171e8d781,mediaspeech,../data/mediaspeech_ar/AR/56334194-1e3c-4390-b433-f71171e8d781.flac,,انا الان اكثر من خمسين امراه غادرن الارض الي الفضاء والكثير منهن سيدات ماذا يعني لك ان تكوني الاولي التي قامت بهذه الخطوه,,0.006542,low
54997ce5-1d50-4461-a7fc-c7414eb1e9eb,mediaspeech,../data/mediaspeech_ar/AR/54997ce5-1d50-4461-a7fc-c7414eb1e9eb.flac,,او الجهاديين او اي اطراف اخري نعم و لكن هل هناك مخاوف لدي اداره ترامب من انه في حال مضت تركيا في هذا المخطط و كانت هناك سيطره علي ليبيا بشكل من الاشك,,-0.004014,low
994b3b35-e4f2-4b38-b18c-3ec717adb8a2,mediaspeech,../data/mediaspeech_ar/AR/994b3b35-e4f2-4b38-b18c-3ec717adb8a2.flac,,مواجهه الانهيار الاقتصادي جاء العرض الامريكي لايران مجددا علي لسان المبعوث الخاص براين هوك الذي اكد مواصله سياسه الضغوط الاقتصاديه و العزله السياسيه ضد طهران,,-0.00596,low
e016c360-038b-4ec3-81f9-642a08bfbfd4,mediaspeech,../data/mediaspeech_ar/AR/e016c360-038b-4ec3-81f9-642a08bfbfd4.flac,,والي اخره بودي ان اسال دكتور ربما تتذكرون الطرفه التي اطلقها سياسي قال ان الولايات المتحده البلد الوحيد الذي لا تحدث فيه انقلابات او ثورات لانه لاتوجد,,0.273836,low
e68348ef-17ef-4324-b54e-7d7df2bcf250,mediaspeech,../data/mediaspeech_ar/AR/e68348ef-17ef-4324-b54e-7d7df2bcf250.flac,,اا مع كل من يعارضه اا سبق وان هاجم العديد من اا وسائل الاعلام الامريكيه والان يفعل مع وسائل التواصل الاجتماعي طبعا هذا راي الدكتور,,0.009189,low
4aff19b9-acae-4fdd-ac16-768cb2418bbc,mediaspeech,../data/mediaspeech_ar/AR/4aff19b9-acae-4fdd-ac16-768cb2418bbc.flac,,هل يعقل لتقارير الامم المتحده اذا كانت ارادت ان تكون حياديه طيله الفتره الماضيه كانت لا تسمي الفاعل مع العلم ان الفاعل معروف ربما للمره الاولي التي تشير الي الفاعل في اكثر من تقارير في الفاعل هو,,-0.00037,low
77c8e0e9-c5e4-4680-942f-9a087425f9fc,mediaspeech,../data/mediaspeech_ar/AR/77c8e0e9-c5e4-4680-942f-9a087425f9fc.flac,,توالت ردود الفاعل حول الاعلان عن مبادره القاهره لتسويه الازمه الليبيه من كل حدب و صوب باستثناء بعض الافرقه المستفيدين من استمرار الحرب هناك و فيما يبرز توافق دولي,,-0.004865,low
9b101a6b-11a3-4076-91d2-8e6a592c3391,mediaspeech,../data/mediaspeech_ar/AR/9b101a6b-11a3-4076-91d2-8e6a592c3391.flac,,من داخل السوري الي داخل ال ال العراقي تستخدم قاعده التنافئ قاعده الاسد لنقلهم و لعبور هؤلاء الارهابيين و استمرار عمل هؤلاء الارهابيين نعم هو الذي يعد ذريعه لوجود,,0.019461,low
a15b29fd-b7fb-4c18-9c84-d15dfc9cf06f,mediaspeech,../data/mediaspeech_ar/AR/a15b29fd-b7fb-4c18-9c84-d15dfc9cf06f.flac,,مم استاذ اسماعيل ما رايك يعني هل بالفعل اوروبا اولا غير موجوده في في هذا الملف في الامريكان دورهم كما اشارت الدكتوره الينا يعني غامض الي حد ما و بالتالي اللاعبان الرئيسيان هما,,0.087207,low
c5ae12e6-4454-4df5-a568-983c85b67fb9,mediaspeech,../data/mediaspeech_ar/AR/c5ae12e6-4454-4df5-a568-983c85b67fb9.flac,,يمكن ان يحسم معارك في بعض الحالات علي المعركه ان تنتقل من نقطه الف الي نقطه باء بمسافه تزيد عن سبعميه وخمسين كيلو متر اذا هناك اهميه الموقع الجيوستراتيجي الهلال,,0.017757,low
db6d8926-81a9-42c3-945e-f5d77b61bdda,mediaspeech,../data/mediaspeech_ar/AR/db6d8926-81a9-42c3-945e-f5d77b61bdda.flac,,قدام عينيهم يبقوا هم واخدين بالهم منه اكتر لكن ده مش صحيح لكن لسه برضك التحقيقات لم تتم بعد ولم نعرف الحقيقي ان التحقيقات لسه جاريه ولكن فعلا في ت,,0.884347,high
94fa0853-9db8-4e16-b82b-f96b76a5139b,mediaspeech,../data/mediaspeech_ar/AR/94fa0853-9db8-4e16-b82b-f96b76a5139b.flac,,عن هذه المبالغ انها ستذهب ليس هنا لا يوجد هناك حكومه تحولها الي برامج وتحدد الاحتياجات كثير من المانحين لن يلتزم بالدفع واذا دفع سيذهب بشكل,,0.038657,low
fe0a32f0-b1be-4efd-8193-765e36acd130,mediaspeech,../data/mediaspeech_ar/AR/fe0a32f0-b1be-4efd-8193-765e36acd130.flac,,سواء كان علي اساس ااا الدين او علي اساس المذهب او علي اساس العرق وهذا كله منشاه راجع ل اا الثقافه المجتمعيه وراجع كمان الي,,0.268182,low
fd724c9d-f5f4-4607-b824-93991ec4a1df,mediaspeech,../data/mediaspeech_ar/AR/fd724c9d-f5f4-4607-b824-93991ec4a1df.flac,,ان الاداره الامريكيه اصبحت بطه مقطوعه الارجل بسبب الازمه الاقتصاديه التي تعيشها الولايات المتحده وصلت الفكره والازمات الاجتماعيه التي تعاني منها الان لذلك لا اعتقد ان هنالك امكانيه للوصول الي مفاوضات ولكن الضغط,,0.082412,low
bf42eed7-a195-424a-9edb-fd72a5a52834,mediaspeech,../data/mediaspeech_ar/AR/bf42eed7-a195-424a-9edb-fd72a5a52834.flac,,ليبيا غير ذلك لا اعتقد بان اي طرف ان ماها حتي لو كان هناك طرف دولي لا يستطيع ان يجبر الليبيين بالتخلي عن خياراتهم السابقه في اللجوء الي الخيار العسكري وبالتالي فا,,0.041357,low
aead4042-192a-46ea-a8cd-6330463b0ab8,mediaspeech,../data/mediaspeech_ar/AR/aead4042-192a-46ea-a8cd-6330463b0ab8.flac,,فا لا في سخالين ولا في الشرق الاقصي الروسي لا توجد مشاريع مؤكده ولذلك فمن حيث الغاز المسال يمكن ان تسبق الولايات المتحده,,0.171253,low
f2a61da8-436b-4ea9-9bd4-5fbda88919d9,mediaspeech,../data/mediaspeech_ar/AR/f2a61da8-436b-4ea9-9bd4-5fbda88919d9.flac,,الي نشر الجيش لاحكام هذا الانفلات الامني كيف تري تعامل ال الاداره الان او السلطات الان الي الان علي الاقل مع هذه التظاهرات,,0.148899,low
b57a3f85-38dc-4466-bda6-04c6d2146d14,mediaspeech,../data/mediaspeech_ar/AR/b57a3f85-38dc-4466-bda6-04c6d2146d14.flac,,انا الحشد الشعبي الجهاز الامني الرئيسي الذي كافح الارهاب واتحفظ علي الكثير ما طرح وارجو ان تسمح لي في وقت اخر ان ارد عليه لكن في اصل الموضوع حينما نتحدث عن حكومه شرعيه للسيد الكاظمي,,0.036639,low
4fa74d47-f3e0-46f1-a2b8-e7f5a7c10c9a,mediaspeech,../data/mediaspeech_ar/AR/4fa74d47-f3e0-46f1-a2b8-e7f5a7c10c9a.flac,,و ما تشكله من مصدر للطاقه انواعها كثيره و تزيد علي ثلاثمائه نوع بعضها مفيد غذائيا و بعضها مسلي و اقل فائده طبعا للمزيد تنضم الينا في الاستوديو اختصاصيه التغذيه نادين عنداري,,0.00415,low
aeef68ec-7035-4e25-a64d-ce57ddbc758a,mediaspeech,../data/mediaspeech_ar/AR/aeef68ec-7035-4e25-a64d-ce57ddbc758a.flac,,و كذا و كذا و كذا وكذا هل هذا يعني ان هذه الاتفاقات لا تزال محل اختبار حتي يتم تنفيذها و لا ماذا اه طبعا منتظرين بروتوكول للتفعيل ده بس هو الحقيقه اهم حاجه ينص عليها صراحه هو زياده المساحات بالنسبه للاطقم الطبيه و هو شيء محوري جدا,,0.340899,mid
939e1d10-e529-490f-9714-c119cf13a840,mediaspeech,../data/mediaspeech_ar/AR/939e1d10-e529-490f-9714-c119cf13a840.flac,,خليني اسمع حضرتك صوت حضرتك تتحدث عن انه جميع السعوديين متفقون في هذه النقاط استاذ ابو احمد بن القطيف اهلا وسهلا بحضرتك اهلا وسهلا سلام عليكم ما راي حضرتك في هذا الطرح,,0.382353,mid
70ec73f1-ad6f-4ea9-8883-868bc240528a,mediaspeech,../data/mediaspeech_ar/AR/70ec73f1-ad6f-4ea9-8883-868bc240528a.flac,,نري و نلاحظ الحالات في مثل تلك الاماكن مثل افغانستان و العراق في مختلف الدول و بالتبع في الماضي نحن شاهدنا هذه المساله في فيتنام هذا هو,,-0.001048,low
445c1431-0906-45b4-993a-0cbedb026bb4,mediaspeech,../data/mediaspeech_ar/AR/445c1431-0906-45b4-993a-0cbedb026bb4.flac,,استثناءات اا من الولايات المتحده الامريكيه واستطاعت جلب الكهرباء و اا مواد غذائيه ومواد طبيه من ايران وبالتالي لبنان يحتاج الي هذه الاستثناءات لكن اليوم من الملفت نحن نعيش في مرحله,,0.022269,low
b353efb6-3a08-4ce9-bef8-98f7efb573b9,mediaspeech,../data/mediaspeech_ar/AR/b353efb6-3a08-4ce9-bef8-98f7efb573b9.flac,,صار عندنا مساحات اوسع نحن بحاجه لزراعه نسبه كبيره من القمح و خاصه القمح الطري و القمح الاسمر ان كان للخبز او للبرغل و ما شابه,,0.121267,low
89f012fe-11a4-4464-96f7-61075eb71be2,mediaspeech,../data/mediaspeech_ar/AR/89f012fe-11a4-4464-96f7-61075eb71be2.flac,,وحده في صفوف الاوروبيين ولكن الجهود التي بذلتها المانيا اه روسيا تعتقد انه هذه الجهود مهمه جدا فمن ناحيه سياسيه هناك محاولات جديه مشكله,,-0.001064,low
a044c336-827a-40cc-9701-22e2ea9f75fd,mediaspeech,../data/mediaspeech_ar/AR/a044c336-827a-40cc-9701-22e2ea9f75fd.flac,,اا لتحقيق نتائج اا معينه اا وبالتالي الدوله التي تحافظ علي افراد اا شعبها والدوله التي تحقق العدل والمساواه داخل افراد المجتمع والدوله التي,,0.005705,low
110c5aa5-feb3-4c2a-96d1-d61be2a30ed5,mediaspeech,../data/mediaspeech_ar/AR/110c5aa5-feb3-4c2a-96d1-d61be2a30ed5.flac,,يتم استغلالها و استخدامها و لكن هي ايضا ليست فعاله بالشكل الكبير اللهم الا اذا اصابت مواقع تتعلق بالسيطره علي اسلحه تطلق من اماكن معينه,,0.006998,low
2eb15afc-9737-468a-ab75-921f0bf02db4,mediaspeech,../data/mediaspeech_ar/AR/2eb15afc-9737-468a-ab75-921f0bf02db4.flac,,بان توقع علي ما ما لا تقبله نعم مم استاذ هاني هل هل بالفعل واشنطن وربما الاطراف الاخري التي كانت من المفترض ان تلعب دور مراقب تدخلت بشكل مباشر يعني اثيوبيا تتهم,,-0.000904,low
55218c6b-1c3a-4a6a-bdd8-f93f631b2908,mediaspeech,../data/mediaspeech_ar/AR/55218c6b-1c3a-4a6a-bdd8-f93f631b2908.flac,,سوريا و هو ما حدث بعد اسابيع فقط دون ان يكون للعقوبات الاوروبيه الاحاديه اي اثر فعلي و ذلك ما تعول عليه طهران التي تعودت مرارا بالرد علي اي تحرك,,-0.002595,low
295b06e1-2458-4bd1-8d74-8249bb429cee,mediaspeech,../data/mediaspeech_ar/AR/295b06e1-2458-4bd1-8d74-8249bb429cee.flac,,ربع وبصير تحت رقابه كل البنوك السعوديه كل المحللين المفكرين السعوديين بل كل البنوك العالميه وكل مراكز الدراسات والتخطيط في العالم سوف تراقب ارامكو بشكل مكثف فاصبح عندك رقابه عاليه جدا وهو ما لا يتم,,0.070347,low
e542ac3f-cdd1-491d-8175-3f779a9c7cce,mediaspeech,../data/mediaspeech_ar/AR/e542ac3f-cdd1-491d-8175-3f779a9c7cce.flac,,اا في هذه التغريده اثباتات ان هذا ما يحصل هذا اتهام كبير عندما تاتين و تتهمين لجنه الانتخابات المركزيه او اولئك القيمين مثلا في,,0.024241,low
f11f8e0b-fd9c-476a-a1ba-b319e6de9640,mediaspeech,../data/mediaspeech_ar/AR/f11f8e0b-fd9c-476a-a1ba-b319e6de9640.flac,,وخرجنا وخرجنا لانه هذا الشعب هو عطول ايمانه اا بهذا الوطن كبير ايمانه بربه كبير اا شعب ومجتمع والمجتمعات اللبنانيه مجتمعات طيبه تؤمن,,0.40331,mid
fc1be374-301f-4112-b6e8-bee92f82e0d5,mediaspeech,../data/mediaspeech_ar/AR/fc1be374-301f-4112-b6e8-bee92f82e0d5.flac,,يتطابق مع السياسه الامريكيه نحن نتحدث عن الناس الذين يحققون اام جرائم الحرب فلذلك نحن نريد عن سبيل المثال مختلف المنظمات و المؤسسات الحقوقيه تجري التحقيق,,-0.003583,low
92096383-8e20-4471-94a7-5891167561ce,mediaspeech,../data/mediaspeech_ar/AR/92096383-8e20-4471-94a7-5891167561ce.flac,,الموضوع هو محاوله الاطاحه بترامب هو محاوله توريطه في مشاكل خطيره بس حضرتك تتحدث وكان اا فلويد هو اول اسود يموت في الولايات المتحده العام الماضي لدينا ما يزيد عن الف,,0.153102,low
c6712f66-2bde-44ea-b430-c311a326e045,mediaspeech,../data/mediaspeech_ar/AR/c6712f66-2bde-44ea-b430-c311a326e045.flac,,حوالي اثنين مليار عامل في مليار و ستمائه مليون عامل بيعمل بشكل غير منظم و في منطقتنا ايضا في عندنا اعداد كبيره من العمال غير منظمه العمل العربي,,0.280809,low
617b935d-76ad-425b-8fa9-006d73e13470,mediaspeech,../data/mediaspeech_ar/AR/617b935d-76ad-425b-8fa9-006d73e13470.flac,,هذا المنطق المثالي عمر عمر زياد قبل ان ننهي البرنامج يعني حصلت عده اكثر من ظاهره ضد الطلاب الافارقه في تونس خاصه من الكوت ديفوار من اكثر هل,,0.019101,low
dff99a34-8e85-454e-9eeb-1c64ff9c02dd,mediaspeech,../data/mediaspeech_ar/AR/dff99a34-8e85-454e-9eeb-1c64ff9c02dd.flac,,وجهات النظر اليوم زياره واضحه جدا لرئيس البرلمان الليبي الي الجزائر لقاءه بالرئيس بالامس تصريحات ايضا للرئيس تبون كان واضحا فيها يقول,,0.014875,low
a80357fe-2000-43b5-99e9-96958777c831,mediaspeech,../data/mediaspeech_ar/AR/a80357fe-2000-43b5-99e9-96958777c831.flac,,من خمسه وثلاثين مليار خلال الفصل الاول اذا كان اذا كان علي اساس سته وعشرين دولار كمعدل عام انا اتكلم علما ان اعرف انه كان في بدايه,,0.026164,low
6a293afe-9c19-4228-98b4-f682be28adb0,mediaspeech,../data/mediaspeech_ar/AR/6a293afe-9c19-4228-98b4-f682be28adb0.flac,,ان لا تستخدم هذه التطبيقات في الاخذ معلومات من من هاتفي اا هناك في دول غربيه ممكن انا اقاضي اي اي اي مصلحه او اي حكومه,,0.152687,low
4e63f239-44a5-4ba2-ba6f-012dd7b5772d,mediaspeech,../data/mediaspeech_ar/AR/4e63f239-44a5-4ba2-ba6f-012dd7b5772d.flac,,تشفي تصريحات مسؤولي الاداره الامريكيه بمواجهه محتمله وسط وعيد و تهديد وتاكيد علي عزم لا يتزحزح في ايصال الصادرات النفطيه الايرانيه للصفر باي ثمن,,-0.002857,low
1b660ad6-3562-4f50-8aaf-bf662d3e2c3b,mediaspeech,../data/mediaspeech_ar/AR/1b660ad6-3562-4f50-8aaf-bf662d3e2c3b.flac,,من قبل علي القطاعات الاخري الحمايه الجويه التي يمكن ان تقوم باستطلاع الاهداف الجويه واسقاط تلك الاهداف في حاله التناقل,,-0.004835,low
b953eb7e-80be-4d06-ab24-e1b11c59e187,mediaspeech,../data/mediaspeech_ar/AR/b953eb7e-80be-4d06-ab24-e1b11c59e187.flac,,اسمع الحقيقه لاعالجها وليس ان اسمع المديح لتبقي الحقيقه السيئه وتكبر وتصبح مشكله فبالعكس وكنت انا يعني دائما احضي بالتعلم من حكمته,,0.059478,low
879eb565-65d8-4e14-a5c2-681be44d68d0,mediaspeech,../data/mediaspeech_ar/AR/879eb565-65d8-4e14-a5c2-681be44d68d0.flac,,والنصف الثاني ان يسلم الجنوب للاخوان المسلمين فكان لزاما علينا ان نخوض معركه زي هذي ونثبت للاخوان صدقنا ما كنا نشير له,,0.357461,mid
5f98a8ee-e1d3-4c45-a769-f3e3e6e41a43,mediaspeech,../data/mediaspeech_ar/AR/5f98a8ee-e1d3-4c45-a769-f3e3e6e41a43.flac,,في ابريل الماضي معدلات اصبحت مرشحه لزياده خلال الاشهر القادمه في ظل استمرار تداعيات كورونا علي العديد من قطاعات الاقتصاد سيما قطاعات السياحه والترفيه والتي توقف,,0.011557,low
4b2a7f14-9058-4cc4-a946-310a38a354c1,mediaspeech,../data/mediaspeech_ar/AR/4b2a7f14-9058-4cc4-a946-310a38a354c1.flac,,الحروق السيبرانيه او حتي يعني اليوم وسائل الاعلام الامريكيه او الحرب الاقتصاديه او غيرها كل ما بوسعهم الامريكيون يفعلونه لا نستطيع,,0.001751,low
ffe8a4af-6abd-4d79-acda-f9faa270a476,mediaspeech,../data/mediaspeech_ar/AR/ffe8a4af-6abd-4d79-acda-f9faa270a476.flac,,العماله الزائده للامانه الصحفيه اختفي معظم هذه المظاهر الاعلاميه كتابه وبثا بعدما بدا توجها رسميا نحو التهدئه محامون تخصصوا في رفع دعاوي المنتقدين في الدوله قدموا بلاغا,,0.014994,low
925d63ae-7419-4631-bb1b-f1d2d8d1bee7,mediaspeech,../data/mediaspeech_ar/AR/925d63ae-7419-4631-bb1b-f1d2d8d1bee7.flac,,البطوله ما راح تفيد بين السعوديه والبحرين نفس الشيء ويعطيهم العافيه ما قصروا اتخيلوا علي انهم فايزين لانهم فايزين بدور المجموعات هذا كبير شيء كبير و غلط وعندك مشكله بكل لعيبه السعوديه سواء حتي الناشئين,,0.768115,high
90755218-e695-41eb-954b-ad254c4f694f,mediaspeech,../data/mediaspeech_ar/AR/90755218-e695-41eb-954b-ad254c4f694f.flac,,من منع القوات الامريكيه ولاسيما سيطرتها علي الاجواء القوات العسكريه من تنفيذ واجباتها ورئيس الحكومه السابق السيد عادل عبد المهدي تحدث عن انتهاك في سياده العراق بطيران واحتلال,,-0.005514,low
651292e9-463a-4b2e-a708-b70d2422b84f,mediaspeech,../data/mediaspeech_ar/AR/651292e9-463a-4b2e-a708-b70d2422b84f.flac,,وكشفت عن موهبه لدي الالاف من المحبوسين في شققيهم فبمساعده ادوات منزليه بسيطه تتخيل نفسك فنانا عالميا مشهورا وستنسي الفيروس مؤقتا,,0.004562,low
dd3be6e8-cd49-4b21-89a0-b06f4f1565f0,mediaspeech,../data/mediaspeech_ar/AR/dd3be6e8-cd49-4b21-89a0-b06f4f1565f0.flac,,تداعيات اكبر من بعد خمستاش حزيران عندما يبدا التطبيق الفعلي وهنا الخطوره الكبيره هل ستقبل الدوله اللبنانيه والحكومه اللبنانيه بتطبيق قانون قيصر وتسكير الحدود مع سوريا,,0.009855,low
99d479b1-7750-41a3-91f6-12e610cf424b,mediaspeech,../data/mediaspeech_ar/AR/99d479b1-7750-41a3-91f6-12e610cf424b.flac,,ولكن عموما الشركات اللي لسه ناشئه رواد الاعمال هل كلهم هل كل القطاعات اتاثرت و لا في قطاعات ثانيه اشتغ يعني اديني صوره اوسع شويه من فكره التوصيل هو طبعا هو في قطاعات واضحه جدا تاثرت,,0.769474,high
8e722453-d130-40cc-86d6-31ba652a8770,mediaspeech,../data/mediaspeech_ar/AR/8e722453-d130-40cc-86d6-31ba652a8770.flac,,وبين الف وميتين كيلو متر حضاره مشتركه وهنالك معتقدات مشتركه وعشائر مشتركه ومزيج من الكردي وحتي جنوب العراق مزيج مشترك هذه في انعكاسات جدا,,0.153483,low
9ea40471-1a4f-475e-afae-d29daad167c4,mediaspeech,../data/mediaspeech_ar/AR/9ea40471-1a4f-475e-afae-d29daad167c4.flac,,مصلحه الابحاث و كل طاقات وزاره الزراعه قد وضعت بتصرف هودي الخبراء والعلماء اللي هن عندهم بيع طويل بهذا الامر وبدانا نحن بتطوير العمليه ليس,,0.211921,low
b66e0cde-d102-4c7d-ac16-8bfab767fad6,mediaspeech,../data/mediaspeech_ar/AR/b66e0cde-d102-4c7d-ac16-8bfab767fad6.flac,,فاعمال التخريب اللي بيعملوها جماعات البيض الناس ما بتشوفها في التليفزيون دايما حتي الميديا بتركز علي التخريب اللي بيحصل في ال في الحارات بتاعه السود لكن في فيديوهات كتيره جدا لجماعات بيض هي,,0.925531,high
ca4d886d-1f08-43ad-bf81-4cc7f733e915,mediaspeech,../data/mediaspeech_ar/AR/ca4d886d-1f08-43ad-bf81-4cc7f733e915.flac,,اا ال السيادي الغذائيه اللي بدانا نشتغل عليها نحن كوزاره زراعه نحن مع منظمه اف سي ا بدانا باعداد مشروع لانتاج البذور و نحن بخلال,,0.217358,low
82b39e0b-637a-4fa3-9e21-8eb9b0543e7d,mediaspeech,../data/mediaspeech_ar/AR/82b39e0b-637a-4fa3-9e21-8eb9b0543e7d.flac,,الشعب المصري يعني في وقت الشدائد بتلاقيه كله كتله واحده وكله متعاون اا لكن هنقول طيب يا دكتوره شاديه لماذا نقابه الاطباء تعلن اا تكرارا عن ارقام مختلفه عن ارقام وزاره الصحه فيما يتعلق,,0.699387,high
dacc0959-52c1-4d3a-887b-1ee9299dedb2,mediaspeech,../data/mediaspeech_ar/AR/dacc0959-52c1-4d3a-887b-1ee9299dedb2.flac,,مختلف بلدان العالم وتحديدا منطقه الشرق الاوسط التي والحمد لله تحفل بهذه الانتهاكات اا هنالك تقرير مهم اصدرته منظمه العفو الدولي دوليه يتحدث عن ان,,0.029309,low
a972a973-13af-4366-9883-01daf21a7e80,mediaspeech,../data/mediaspeech_ar/AR/a972a973-13af-4366-9883-01daf21a7e80.flac,,منطقه تعتقد احنا احنا بنتكلم في ايه بنتكلم في يعني حوار ومفاوضات بالوكاله مع ايران انت عايز تقول لي ان الكاظيمي ده بيمثل العراق هو ده اعتقد يعني ده,,0.830836,high
e11bc7ae-18fc-44ca-a41e-3ecb4a1e3dbe,mediaspeech,../data/mediaspeech_ar/AR/e11bc7ae-18fc-44ca-a41e-3ecb4a1e3dbe.flac,,لعنف من طرف شرطه بالمقارنه مع البيض فهذه هي الاحصاءات واضحه ولكن دعونا ننتقل الي مختلف المشكلات الاخري فهناك مسائل علي سبيل المثال هي تسمي ب,,0.005225,low
59c8f2ce-4351-4037-9ae3-787934911847,mediaspeech,../data/mediaspeech_ar/AR/59c8f2ce-4351-4037-9ae3-787934911847.flac,,منطقه واصل الارهاب هو الجانب الامريكي يعني علي اقل تقدير اجهزتنا الامنيه تلقت سبعه وعشرين ضربه جويه من تاريخ سبعه ثمانيه الفين وسبعتعش الي حد ثلاثه واحد الفين وعشرين,,0.089971,low
044b0863-7146-4ea5-afe1-069a1703e1b8,mediaspeech,../data/mediaspeech_ar/AR/044b0863-7146-4ea5-afe1-069a1703e1b8.flac,,كان يتحدث كلما تحدث يتحدث بفوقي وتحيز شديد تجاهل تماما القضيه الاساسيه القضيه العنصريه وقضيه فلويد و كان كل تركيزه مهووس الي حد كبير بالحل الامني,,0.109311,low
6880c178-87ae-41a2-aa11-59a8942c9c29,mediaspeech,../data/mediaspeech_ar/AR/6880c178-87ae-41a2-aa11-59a8942c9c29.flac,,في سعر صرف الليره له اسباب عديده ولكن اذا اردنا فقط ان نتوقف عند كلام دوله رئيس مجلس الوزراء السيد حسان دياب في بيانه او في خطابه بالامس ورسالته,,0.039885,low
f5acfcda-c09b-4c9f-9c36-58247bc89edb,mediaspeech,../data/mediaspeech_ar/AR/f5acfcda-c09b-4c9f-9c36-58247bc89edb.flac,,وبالتالي الان عندما يمهد لانصاره الهزيمه في محاور جنوب طرابلس يقول انسحاب تكتيكي هو ليس انسحاب هو هو فرار وهروب تحت ضربات الابطال في الميدان خير,,-0.002586,low
5e1a11de-51e0-4993-833b-3a979eac86e1,mediaspeech,../data/mediaspeech_ar/AR/5e1a11de-51e0-4993-833b-3a979eac86e1.flac,,دائما يحتوي ما بين طياته علي الكثير من العبارات العنصريه حتي عندما يحاول ان يغلف الامر بطريقه جيده يعني عندما يقول نحن في الولايات المتحده نحب,,-0.00125,low
c25f01e0-c7e1-4f49-bc03-9fef1c0f8270,mediaspeech,../data/mediaspeech_ar/AR/c25f01e0-c7e1-4f49-bc03-9fef1c0f8270.flac,,المشاريع في اثناء الازمات يعني كانت نوعا ما عندها نوع من التحضير بتحط دائما مثل خطط طوارئ لكن لما نجي للشركات الصغيره وحتي شركات متوسطه لم يكن لديها اي نوع,,0.324126,low
316cda2c-a9a3-4292-954b-63bf1cfd6e7a,mediaspeech,../data/mediaspeech_ar/AR/316cda2c-a9a3-4292-954b-63bf1cfd6e7a.flac,,اااا فلازم يصير ده ما ضل ما احنا بنتكلم عن الوضع الحالي في المجتمع اللي احنا فيه لازم يصير فيه استنتاخ او في,,0.932706,high
7ffa7ead-1a97-4d31-9dd9-ab5bf3e18997,mediaspeech,../data/mediaspeech_ar/AR/7ffa7ead-1a97-4d31-9dd9-ab5bf3e18997.flac,,للحديث عن الموضوع معنا من برلين ثريا مقيت وهي باحثه في علم الاجتماع معنا من تونس زياد رويني وهو منسق عام جمعيه منامتي ضد العنصريه ومعنا من عمان عمر,,0.003171,low
a393bdc0-ef33-44ff-9e24-4e04dbec0b5b,mediaspeech,../data/mediaspeech_ar/AR/a393bdc0-ef33-44ff-9e24-4e04dbec0b5b.flac,,استاذي تراجع كبير جدا ملحوظ و يحدث خلال فتره قصيره عده اشهر والزياده ايضا ملحوظه علي الجانب القطري تحدث في نفس الفتره يعني هذا,,0.001208,low
88f00153-7c0f-4374-b6f5-3b628ff1ba9a,mediaspeech,../data/mediaspeech_ar/AR/88f00153-7c0f-4374-b6f5-3b628ff1ba9a.flac,,ثم الغضب الذي يعم الشارع الامريكي احتجاجا علي مقتل جورج فلويد علي يد الشرطه الامريكيه يتمدد الي خارج الحدود الامريكيه فدول اوروبيه واسيويه عده تشهد تظاهرات واحتجا,,0.008226,low
f5e98729-188e-4912-80f0-7362dc9a81bd,mediaspeech,../data/mediaspeech_ar/AR/f5e98729-188e-4912-80f0-7362dc9a81bd.flac,,من خلال هذا الرؤيه ففوائد ارامكو عديده غير الشفافيه فوائد طرح ارامكو طرح ارامكو غير شفافيه واحد اثنين فوائدها علي السوق السعودي انت لما تطرح شركه بحجم اكثر من سبعه تريليون ريال سعودي,,0.00082,low
0b5f9a0e-0817-4911-8009-cc4443b86bf4,mediaspeech,../data/mediaspeech_ar/AR/0b5f9a0e-0817-4911-8009-cc4443b86bf4.flac,,بيكون اتضحت الرؤيه بشكل اكبر جدا لذلك لن يتم اي تحرير قوي في اسعار الطاقه الا مع وجود اا برنامج واضح لضم فئات لضم فئات محدوده الدخل نعم نعم متوسط,,0.10817,low
26656107-6052-4331-b712-f09884f1315e,mediaspeech,../data/mediaspeech_ar/AR/26656107-6052-4331-b712-f09884f1315e.flac,,تعليماتها في المنطقه اذا انا اعتقد لدي ايران البدائل الكثيره وحلفاء ايران لديهم البدائل الكثيره ويعرفوا كيف يردوا علي هذه البلطجيه الامريكيه ان كان سياسيا دبلوماسيا او امنيا,,0.130283,low
ad5f1436-4372-43e4-b3df-40aecb637ed7,mediaspeech,../data/mediaspeech_ar/AR/ad5f1436-4372-43e4-b3df-40aecb637ed7.flac,,موجب لوجود مثل هذا التطبيق او لوجود هذا الوصول لهذه البيانات كما تفضل زميلي احمد قال قبل قليل بانه ما هو ضروري كيف نقيس الضروريه هل جهازك الذكي جهازك,,0.001274,low
12456941-f721-4ff4-99c8-8d12673dcb04,mediaspeech,../data/mediaspeech_ar/AR/12456941-f721-4ff4-99c8-8d12673dcb04.flac,,اجتماعيا وقانونيا معين واذا ما كانت الولايات المتحده لديها مشاكل في المنظومه القيميه السياسيه الغير ديمقراطيه من حيث من حيث تزييف سجل الناخ,,0.001232,low
5611e14a-4b52-4ae7-8c94-557e8e8496dc,mediaspeech,../data/mediaspeech_ar/AR/5611e14a-4b52-4ae7-8c94-557e8e8496dc.flac,,الخطه والموازنه بمجلس النواب اهلا بك يا سياده النائب اهلا بك يا استاذه نسمه كل سنه وحضرتك طيبه ومشاهدينك بخير اشكرك يا فندم في البدايه هل كان مجلس النواب علي علم مسبق بمحطه تحصيل الرسوم في هذا المكان علي طريق السويس,,0.147185,low
f6b6c592-3703-45d3-8896-4c802d05320b,mediaspeech,../data/mediaspeech_ar/AR/f6b6c592-3703-45d3-8896-4c802d05320b.flac,,كامله من هذه المنظومات اليك سيد فيكتور السؤال الاخير و بالعوده الي سوريا السريعه نذكر المشاهدين ان في اربعه عشر نيسان ابريل عام الفين و ثمانيه عشر عندما وجه الاساطيل الامريكيه,,0.065046,low
94c87349-6e61-4c40-bfc8-fe5530108bf9,mediaspeech,../data/mediaspeech_ar/AR/94c87349-6e61-4c40-bfc8-fe5530108bf9.flac,,وانقلبت مرارا وتكرارا هي الحرب في سواء كانت في سوريا كما شاهدنا بحلقاتها المستمره وايضا في ليبيا وبالتالي وهم وهم النصر والمصالح التي لم تتبلور بعض لم يتم تقاسم الكعكه بشكل واضح,,-0.003236,low
b2c433ef-fc06-4346-9cd2-8f5d9f41c028,mediaspeech,../data/mediaspeech_ar/AR/b2c433ef-fc06-4346-9cd2-8f5d9f41c028.flac,,شرعيه اداره ميناء عدن واداره بقيه الموانئ بحيث تتدفق المساعدات الانسانيه وتدفق ال ال ال ال ال النفط والمشتقات النفطيه لدعم السلطه بالتالي الحديث عن,,-0.001893,low
7f044449-5ca8-470a-80ff-8b81b86d9646,mediaspeech,../data/mediaspeech_ar/AR/7f044449-5ca8-470a-80ff-8b81b86d9646.flac,,لا تعني شيء للديمقراطيه ولا للدوله المدنيه طيب ممكن استسمح حضراتكم ضيوفي والمشاركين جميعا الكرام معي سواسيه في هذه الحلقه انه دعونا من المسميات لسبب بي بي سي صيغتها المعتمده القانونيه هي,,0.098883,low
7ac96ac9-dbff-4877-870a-852431f9058b,mediaspeech,../data/mediaspeech_ar/AR/7ac96ac9-dbff-4877-870a-852431f9058b.flac,,اا رصيدهم المالي و حتي رصيدهم الاخلاقي و ان اا يعني هناك فن بدايه الحرب و هناك فن نهايه الحرب و هذه الدول اا تريد في هذه الاحياء و اعطت عده مؤشرات الي انها تريد ان تتوصل,,-0.000294,low
030fd885-04f7-4522-b618-76d06f05b2b6,mediaspeech,../data/mediaspeech_ar/AR/030fd885-04f7-4522-b618-76d06f05b2b6.flac,,مصطفي الكاظمي وعد لاكثر من مره واكد علي ضروره حصر السلاح بيد الدوله هل تم تحديد الجهات التي تحمل السلاح خارج اطار الدوله بطبيعه الحال هذه التصريحات تشير,,-0.002982,low
15934ffd-a285-459d-a52e-40b71e09dcd2,mediaspeech,../data/mediaspeech_ar/AR/15934ffd-a285-459d-a52e-40b71e09dcd2.flac,,يذهب ل ل ل لانها هذي تقود حرب وبالتالي لالتزامات الحربيه ما الذي يجعلها ما الذي يجعلها يعني تسعي الي ا بناء صوره علاقات عامه في وقت غير اوقات بناء اا يعني صور العلاقات العا,,0.204861,low
4078002d-25b8-4dfa-bc28-46bd2c5c395c,mediaspeech,../data/mediaspeech_ar/AR/4078002d-25b8-4dfa-bc28-46bd2c5c395c.flac,,حكومه الوفاق غير الدستوريه وغير المعتمده والمنتهيه الصلاحيه طلب منها ان تقوم بتفكيك الميليشيات ماذا حصل جلست مع الميليشيات وعملت معها حوارات و اتفقوا ان ان يكون هناك زواج غير شرعي,,0.084907,low
e8ed6a4a-f352-420f-9d9c-360f4ff6a07c,mediaspeech,../data/mediaspeech_ar/AR/e8ed6a4a-f352-420f-9d9c-360f4ff6a07c.flac,,علي سبيل المثال في الكويت يقول الف مثلا اصابه باليوم اكتشفوها اجد ان فيها تسعمائه اصابه غير غير كويتي ومائه اصابه كويتي هناك في في اشكاليه حقيقيه,,0.196768,low
f76ba714-f7cf-484b-9cc9-4bff4396eb7b,mediaspeech,../data/mediaspeech_ar/AR/f76ba714-f7cf-484b-9cc9-4bff4396eb7b.flac,,وهؤلاء قتله وهؤلاء مجرمون ستنتقل المشكله لاوروبا وبالتالي علي الاوروبيين ايضا ان ان يوقفوا هذا هذا التحرك الطائرات اليوم يتمحوا طيب امام العالم كله في في يعني اليوم هم لا يواجهون الليبيين,,0.065109,low
5ef747ef-b96a-48e7-9775-fc478f76b164,mediaspeech,../data/mediaspeech_ar/AR/5ef747ef-b96a-48e7-9775-fc478f76b164.flac,,هناك ي ي يعني اا يدعو للتوريه او للتخفيه عما عما يحصل نعم لبنان امام مرحله عصيبه قانون قيصر له تداعيات سلبيه جدا علي الواقع اللبناني و انا اعتقد ان,,0.081584,low
42c52067-602d-40e0-a79d-1e3011eab4f5,mediaspeech,../data/mediaspeech_ar/AR/42c52067-602d-40e0-a79d-1e3011eab4f5.flac,,بكبير المحللين في الصندوق القومي لامن الطاقه السيد ايجور يوشكوف مرحبا بضيفينا الكريمين معنا اليوم ابدا مع حضرتك استاذ عبدالله الخاطر من الدوحه,,0.017328,low
1b6eb226-83e7-4e14-bae5-cc3748309c35,mediaspeech,../data/mediaspeech_ar/AR/1b6eb226-83e7-4e14-bae5-cc3748309c35.flac,,ونبقي في مصر وقبل الدخول في تطورات هذه الاوضاع في سوق العمل نستطلع ايضا اراء الناس هناك حتي القطاعات اللي ما تاثرتش بصوره مباشره هو شغلها قل يعني نسبه,,0.333367,mid
94508aa7-7dcc-479d-840f-34fa6c883c4f,mediaspeech,../data/mediaspeech_ar/AR/94508aa7-7dcc-479d-840f-34fa6c883c4f.flac,,الانتخابيه الان الرئيس الرئيس الامريكي المرشح في الانتخابات القادمه امامه مشكلتين هل يرضي الشباب الذين يطالبون بالمحه بموضوع,,-0.001603,low
04093338-8f4b-4ddc-94e6-9ff0b502b741,mediaspeech,../data/mediaspeech_ar/AR/04093338-8f4b-4ddc-94e6-9ff0b502b741.flac,,فيما اذا كان فعلا هذا يتاثر انا لم اقل انه لم تتاثر البلاد لا كل العالم تاثر بفيروس كرون لكن انا حددت انا قلت هناك في وانا قلت يعني تصريح كلمه علميه انا قلت,,0.14159,low
6e0aa919-798f-4d69-a9db-d437672f82ef,mediaspeech,../data/mediaspeech_ar/AR/6e0aa919-798f-4d69-a9db-d437672f82ef.flac,,ال ال ال الدعم سوف ياتي لكافه المناطق المسيطر عليها من قبل الحكومه الشرعيه او من الحوثي ولكن نقطه رئيسيه استاذ محمد هل فعلا ستقوم المنظمات التي نحن نعني,,-0.000294,low
f9952350-3832-4f50-a236-77fb685adda7,mediaspeech,../data/mediaspeech_ar/AR/f9952350-3832-4f50-a236-77fb685adda7.flac,,في الواقع رفضوا رفضوا هذا العرض وطالبوا برفع العقوبات قبل تقديم اي مساعدات امريكيه وبالتالي يعني بالرغم من كل القوه الامريكيه في تطبيق العقوبات علي ايران,,0.004503,low
ff310e62-fd29-44ef-9317-c9e4f694f73f,mediaspeech,../data/mediaspeech_ar/AR/ff310e62-fd29-44ef-9317-c9e4f694f73f.flac,,هذا النقاش هو اللي خلي ان الحكومه الالمانيه ان في نهايه شهر مايو انها دفع بها الي تاسيس لجنه حكوميه مختلطه في وتضم يعني تمثيلها كذلك,,0.396294,mid
a419ab4f-cc42-428d-88d6-d3730cfbde71,mediaspeech,../data/mediaspeech_ar/AR/a419ab4f-cc42-428d-88d6-d3730cfbde71.flac,,حضرتك تسميهم اخواننا احنا ناقشنا ومستعدين للجلوس معهم ومع لدينا لجان مشتركه اجتمعت منذ البدايه في الرياض وفي عدن ونتحاور ونتدابر علي مساله المصفوفات,,0.423896,mid
a0fddb35-b689-4b89-934a-781dbb85b178,mediaspeech,../data/mediaspeech_ar/AR/a0fddb35-b689-4b89-934a-781dbb85b178.flac,,يمني ايضا عند تخوم ابين اعتقد ان نحنا بامام مؤتمر يتناقش مواضيع انسانيه بس المعالجات لا تاتي بحل سياسي بهذه الوضعيه التي لا تستجيب الحوثيين الاوروبيين يحافظون عليهم وبعض,,0.327423,low
59b47b53-afa5-4476-bc4c-83f30a06c5e2,mediaspeech,../data/mediaspeech_ar/AR/59b47b53-afa5-4476-bc4c-83f30a06c5e2.flac,,اا كل احترام والتقدير لاخواننا في قوات البيشمركه يعني الذكر في معارك التحرير ايضا كان لهم دور ولمسه وكذلك اعطوا دماء واعطوا شهداء لهذا واجبهم,,0.040106,low
f50d56bb-ba94-47fb-be7a-e69acfee890c,mediaspeech,../data/mediaspeech_ar/AR/f50d56bb-ba94-47fb-be7a-e69acfee890c.flac,,طرفان مترقب من المجتمع الامريكي و ما راح ياثر باي حالي و لكن الشعب الامريكي راح يستغل كم ظرف ليصحح الاخطاء و خاصه اخطاء اخطاء بالمناصات,,0.406417,mid
16897c45-f3e7-4d97-b735-c4f8be95ab1c,mediaspeech,../data/mediaspeech_ar/AR/16897c45-f3e7-4d97-b735-c4f8be95ab1c.flac,,الان بالنسبه الي نفس الشيء اللي قاعد يصير في في الاداره السيئه لترامب ل الكارثه الكبيره امريكا في حاله فوضي الامريكان يسمونها اناركي اند كيوس فوضي واستبداد دكتور يعني,,0.549948,mid
53da5d55-47d0-4948-a1e4-6c75e290cfce,mediaspeech,../data/mediaspeech_ar/AR/53da5d55-47d0-4948-a1e4-6c75e290cfce.flac,,في بيعطو ثقه اتمني اللاعبين انو ما يتاثرو بهادي الل اا ببهزيمه النهائي باانهايه هاذي كره قدم ومباراه نهائيه ولكن لا ينسوا الشي الشي اللي قدموه والشي اللي ما كان اصلا متوقع منهم من الشارع الرياضي,,0.755178,high
63fa6d87-8d9f-4c31-bb7e-2bd8abbbc82d,mediaspeech,../data/mediaspeech_ar/AR/63fa6d87-8d9f-4c31-bb7e-2bd8abbbc82d.flac,,هي التقنيه انتهاكات لخصوصيه الافراد ا ام ماذا ربما يجيبني عن هذا السؤال ضمن اسئله كثيره ضيفي عبر خدمه سكايب من الدار البيضاء السيد احمد بن شمسي,,0.005426,low
5a39ca1c-838c-4525-9c87-41603faf5453,mediaspeech,../data/mediaspeech_ar/AR/5a39ca1c-838c-4525-9c87-41603faf5453.flac,,علي الارض الليبيه و لكن ما تفعله الولايات المتحده الامريكيه عكس ما تفعله روسيا تماما و هذا طبعا ا فلذلك يدعمون التركي من اجل الا تكون و لا تبقي اا هناك,,0.026107,low
e5eab640-3c80-41de-bee4-23fd193c3e3a,mediaspeech,../data/mediaspeech_ar/AR/e5eab640-3c80-41de-bee4-23fd193c3e3a.flac,,الحقيقيه و المحقه الي اهداف ذات غايات تستهدف وحده البلد و تدمير البلد تحت مسميات طائفيه او مذهبيه او حتي اه بالمعطي السياسي اختلافات سياسيه لا يمكن ان ان تنعكس,,0.012545,low
2be23ebc-7440-4fa2-bad9-2002780aabeb,mediaspeech,../data/mediaspeech_ar/AR/2be23ebc-7440-4fa2-bad9-2002780aabeb.flac,,يدفع لها خدمه او لقاء هذه الخدمه لارسلت له فاتوره كبيره جدا لانه يدير سياسته عبر تويتر ولكن اكرر ان تويتر تعمل في سياق سياسي,,0.020217,low
b078b9bd-0c4d-4c9f-993e-28e7778882ad,mediaspeech,../data/mediaspeech_ar/AR/b078b9bd-0c4d-4c9f-993e-28e7778882ad.flac,,عديده في هيكله كثير من القطاعات داخل وزاره الماليه في اعاده هيكله كيفيه اعداد الميزانيه ونعتقد ان هذه سوف ننتهي منها خلال سنتين هل سيؤثر هذا علي,,0.001134,low
b97b6764-f1a8-4a3f-827a-0c6aa8833508,mediaspeech,../data/mediaspeech_ar/AR/b97b6764-f1a8-4a3f-827a-0c6aa8833508.flac,,اللجنه و غيرها الي الجائحه الموجوده لدينا امكانيات بسيطه و لا اريد ان اسيس هذا الغرض فقط من مساله ابلاغ الحوثيين انه وجدنا تقارير متواتره علي وجود حالات و الحوثيون,,0.061596,low
2f6afe3d-5257-4113-843a-5a89785ad473,mediaspeech,../data/mediaspeech_ar/AR/2f6afe3d-5257-4113-843a-5a89785ad473.flac,,للاقتصادات العالميه هبطت اسعار البورصات و انخفض سعر النفط لمستويات قياسيه بل فرضت اكثر من مائه دوله قيود علي حركه الطيران اا دفعت اا هذه الكارثه العلماء حول,,-0.003586,low
5097d279-4996-4d6d-b105-ba1c740350d7,mediaspeech,../data/mediaspeech_ar/AR/5097d279-4996-4d6d-b105-ba1c740350d7.flac,,شجاعه ان توصل الناقلات الخمسه الي كراكاس بقوه بعدم الالتفات الي التهديدات الامريكيه انا اعتقد ما يحصل من عقوبات جديده هو تصدير,,0.052886,low
49d8493d-8519-40d9-8518-28c5ebf3dc51,mediaspeech,../data/mediaspeech_ar/AR/49d8493d-8519-40d9-8518-28c5ebf3dc51.flac,,داخل المدن السعوديه نقلت الصندوق و نعتقد ان تطويرها اراضي اراضي عاليه الثمن و نعتقد ان تطويرها سوف يحل جزء من مشاكل و ازمات اللي موجوده عندنا في مدن سواء في مجمعات التجاريه او في مجمعات المال و الاعمال او,,0.052365,low
18a25bd8-11fc-456a-8f62-2a20d230f3b5,mediaspeech,../data/mediaspeech_ar/AR/18a25bd8-11fc-456a-8f62-2a20d230f3b5.flac,,ملف الاقتصادي والتنميه في هذه مهم جدا المباحثات يعني ما الذي تسعي بغداد للحصول عليه في هذه او في هذا الملف مهم جدا مهم جدا هذا السؤال وهو ما طرح من بدايه الموضوع انه المسار,,-0.001756,low
4270f3ea-d248-46fe-9f9e-a3c99d48fd60,mediaspeech,../data/mediaspeech_ar/AR/4270f3ea-d248-46fe-9f9e-a3c99d48fd60.flac,,شهر ابريل واثرت تداعيات هذه الازمه علي سوق العمل خاصه في القطاعات الاكثر تضررا كالسياحه والترفيه,,4e-05,low
84a5c9b0-7dde-4551-bdea-e3ab9f03f0aa,mediaspeech,../data/mediaspeech_ar/AR/84a5c9b0-7dde-4551-bdea-e3ab9f03f0aa.flac,,خارجيه اللي هو ال ال ال البورماجان كريسشن من المسيحيين المتشددين وزير الماليه يعني الذي واتي من القطاع المصرفي البنك ال البنكي وزير العدل الذي طرده,,0.49806,mid
368b48a4-4a9f-4274-83bc-2406ff256f61,mediaspeech,../data/mediaspeech_ar/AR/368b48a4-4a9f-4274-83bc-2406ff256f61.flac,,النساء خاصه مع يعني مشكله نقص الفيتامين دال محترين قول لا انا احتاج اني اتعرض للشمس بحيث اني اخذ الفيتامين دال نقص عوض نقص فيتامين دال لا نقص فيتامين دال ممكن يعوض بطرق كثيره مش شرط انه يكون الشمس,,0.436663,mid
c84bb359-1d52-4a45-b097-987f6610e5c0,mediaspeech,../data/mediaspeech_ar/AR/c84bb359-1d52-4a45-b097-987f6610e5c0.flac,,القوه في بدايه الحرب كانت تميل لطرف يعني خليفه حفتر وما يسميه الجيش الليبي يعني ااا طبعا بعض تم الاتفاق وتوقيع الاتفاقيه العسكريه مع تركيا انقلبت موازين القوه بتدخل الطيران المسير التركي مع القوات الموجوده علي الارض,,0.007803,low
43463a5b-26a9-4c7c-8d53-d3fd29c0b782,mediaspeech,../data/mediaspeech_ar/AR/43463a5b-26a9-4c7c-8d53-d3fd29c0b782.flac,,قمنا ب ب بدعم من الامارات ب ب ب نعم بتحرير الحديده قبل ان نذهب الي السويد كان لهم خطوات كبيره في مكافحه الارهاب بما في ذلك تحرير المكلا في الفين و خمسه عشر,,0.031038,low
28ef9ec9-d7f7-4875-82e6-ebfc7531e6ae,mediaspeech,../data/mediaspeech_ar/AR/28ef9ec9-d7f7-4875-82e6-ebfc7531e6ae.flac,,المعلومات و الاتصالات في الاردن يا دكتور بشار اهلا بحضرتك كما فهمت ان الجمعيه واحده من الجهات التي طورت اصلا هذا التطبيق و استمعت لدينا قائمه طويله تحتاج لساعات لمناقشه مخاوف مواط,,0.014298,low
5766bab1-67bb-4d93-ae04-8540a9646111,mediaspeech,../data/mediaspeech_ar/AR/5766bab1-67bb-4d93-ae04-8540a9646111.flac,,ير من القوات الامنيه العراقيه هل هي لا زالت بحاجه الي التدريب والي التسليح خلال الفتره القادمه احنا مهم جدا اليوم ان تكون عندنا منظومه عسكريه وبناء قدراتها وفق احدث الاسلحه,,0.116287,low
f1a1f8fc-6e97-445c-84f7-07da6df88406,mediaspeech,../data/mediaspeech_ar/AR/f1a1f8fc-6e97-445c-84f7-07da6df88406.flac,,بين حتي وصل عدد اه طبعا تصفهم النقابه بالشهداء القتلي من ال الضحايا كورونا من الاطقم الطبيه الي تسعه عشره طبيبا انذاك في الرابعه والعشرين من مايو هذه المصطلحات المستخدمه في البيان تشي بانه,,0.092673,low
2b7e6919-f096-401d-ab1c-24661623f454,mediaspeech,../data/mediaspeech_ar/AR/2b7e6919-f096-401d-ab1c-24661623f454.flac,,فا طبعا هو يعني ممكن الشيخ اعتبر انه هي اللي فعلته ما فعلته هو طبعا مثل الوباء علي حسب وصفه يعني حقوق اه هو هو قال انا مالي انا مالي ضد حقوق المراه بس اللي هي عملته هذا الشي عم بيحرض علي,,0.732903,high
d6d90b00-d546-4032-a4da-ed667e844a67,mediaspeech,../data/mediaspeech_ar/AR/d6d90b00-d546-4032-a4da-ed667e844a67.flac,,يطالب فيه الشارع السوري باجراءات حكوميه صارمه يقول رئيس مجلس الوزراء عماد خميس ان سعر صرف الليره تاثر مؤخرا بتشديد العقوبات الخارجيه والاوضاع في بعض الدول المجاوره وزياده استهلاك,,0.033329,low
c47af10c-16e6-4515-b804-8c97c2183894,mediaspeech,../data/mediaspeech_ar/AR/c47af10c-16e6-4515-b804-8c97c2183894.flac,,من باريس الباحث في الفلسفه السياسيه دكتور رامي الخليفه العلي و من دمشق الاكاديمي و الخبير الاقتصادي الدكتور حيان سليمان و من بيروت الباحث و الخبير الاقتصادي زياد ناصر الدين شكرا جزيلا لكم,,-0.002031,low
dc133edb-b2ea-4116-a5cd-f7c8382b56e3,mediaspeech,../data/mediaspeech_ar/AR/dc133edb-b2ea-4116-a5cd-f7c8382b56e3.flac,,وطن العراقي اكيد يعني احنا البشمركه لا ننسي اتذكر اني في خطه فرض القانون في بغداد جاءتنا قطاعات من بشمركه يعني كانت موجوده,,0.316739,low
9b1899d3-749f-4622-b03f-45d81dcdc72a,mediaspeech,../data/mediaspeech_ar/AR/9b1899d3-749f-4622-b03f-45d81dcdc72a.flac,,يمكن اول مره سلمان يلعبها بهذه الطريقه العاده هويسجل ويحصل في عالم الكره صحيح شي طبيعي لا تنسي انه البنجي كان في وقت مبكر يعني في فرصه انه المنتخب يرجع وشوفنا المنتخب الشوط الاول,,0.499808,mid
3d41877f-d89a-4985-9890-9eccf0d21ec0,mediaspeech,../data/mediaspeech_ar/AR/3d41877f-d89a-4985-9890-9eccf0d21ec0.flac,,اليوم بتعرف انتا اليوم زراعه القنب الهندي ستكون في منطقه بعلبك الهرمل كلنا منعرف انو معظم الاراضي غير ممسوحه بهيدي المنطئه من دور ما مسحت الاراضي اا بظل الانتداب الفرنسي لم تمسح,,0.73313,high
0f2000ed-88e4-4e74-a34e-91ec5adb1148,mediaspeech,../data/mediaspeech_ar/AR/0f2000ed-88e4-4e74-a34e-91ec5adb1148.flac,,المقبل انهيار العمله الان علي انه هنالك عوامل خارجيه تساعد تيارا معارضا الان وتساعد مزاجا اقليميا او دوليا دوليا علي الاصح من بعض العواصم الدوليه,,0.000774,low
051922ab-bf6b-45f9-8171-d96f5f194726,mediaspeech,../data/mediaspeech_ar/AR/051922ab-bf6b-45f9-8171-d96f5f194726.flac,,اكتوبر تشرين من السنه الماضيه اه ما نراه اليوم هو امتداد له ام شيء منفصل لان هنالك من يصور الامر علي ان ما يجري الان في الشارع حاله منفصله في عجاله من فضلك,,0.004118,low
11e6265d-5b3f-4f07-9f05-be6af29112fb,mediaspeech,../data/mediaspeech_ar/AR/11e6265d-5b3f-4f07-9f05-be6af29112fb.flac,,الله عن ترامب فقط لانه بحاجه الي كتاب موسوعي بسبب يعني النهج الغير تقليدي الذي يتبعه سواء في الشان الداخلي والشان الخارجي والذي يؤثر و بكثير,,0.079631,low
3d937dd0-5ada-445c-a860-6cc99a99b117,mediaspeech,../data/mediaspeech_ar/AR/3d937dd0-5ada-445c-a860-6cc99a99b117.flac,,اقتصاديه معنا بمشروع الاستراتيجيه وايضا سيكون في اليوم التاني بعشره الشهر سيكون كمان لقاء مشابه مع بالجامعه اللبنانيه كماني مع كل,,0.194833,low
