clip_id,source_id,clip_index,genre,dialect_region,url,window_start,window_end,clip_start_in_video,clip_end_in_video
news_01__clip0000.wav,news_01,0,news,MSA,https://www.youtube.com/watch?v=TXmeVPZvKq8,00:00:30,00:10:30,00:00:30,00:00:45
news_01__clip0001.wav,news_01,1,news,MSA,https://www.youtube.com/watch?v=TXmeVPZvKq8,00:00:30,00:10:30,00:00:45,00:01:00
news_01__clip0002.wav,news_01,2,news,MSA,https://www.youtube.com/watch?v=TXmeVPZvKq8,00:00:30,00:10:30,00:01:00,00:01:15
news_01__clip0003.wav,news_01,3,news,MSA,https://www.youtube.com/watch?v=TXmeVPZvKq8,00:00:30,00:10:30,00:01:15,00:01:30
news_01__clip0004.wav,news_01,4,news,MSA,https://www.youtube.com/watch?v=TXmeVPZvKq8,00:00:30,00:10:30,00:01:30,00:01:45
news_01__clip0005.wav,news_01,5,news,MSA,https://www.youtube.com/watch?v=TXmeVPZvKq8,00:00:30,00:10:30,00:01:45,00:02:00
news_01__clip0006.wav,news_01,6,news,MSA,https://www.youtube.com/watch?v=TXmeVPZvKq8,00:00:30,00:10:30,00:02:00,00:02:15
news_01__clip0007.wav,news_01,7,news,MSA,https://www.youtube.com/watch?v=TXmeVPZvKq8,00:00:30,00:10:30,00:02:15,00:02:30
news_01__clip0008.wav,news_01,8,news,MSA,https://www.youtube.com/watch?v=TXmeVPZvKq8,00:00:30,00:10:30,00:02:30,00:02:45
news_01__clip0009.wav,news_01,9,news,MSA,https://www.youtube.com/watch?v=TXmeVPZvKq8,00:00:30,00:10:30,00:02:45,00:03:00
news_01__clip0010.wav,news_01,10,news,MSA,https://www.youtube.com/watch?v=TXmeVPZvKq8,00:00:30,00:10:30,00:03:00,00:03:15
news_01__clip0011.wav,news_01,11,news,MSA,https://www.youtube.com/watch?v=TXmeVPZvKq8,00:00:30,00:10:30,00:03:15,00:03:30
news_01__clip0012.wav,news_01,12,news,MSA,https://www.youtube.com/watch?v=TXmeVPZvKq8,00:00:30,00:10:30,00:03:30,00:03:45
news_01__clip0013.wav,news_01,13,news,MSA,https://www.youtube.com/watch?v=TXmeVPZvKq8,00:00:30,00:10:30,00:03:45,00:04:00
news_01__clip0014.wav,news_01,14,news,MSA,https://www.youtube.com/watch?v=TXmeVPZvKq8,00:00:30,00:10:30,00:04:00,00:04:15
news_01__clip0015.wav,news_01,15,news,MSA,https://www.youtube.com/watch?v=TXmeVPZvKq8,00:00:30,00:10:30,00:04:15,00:04:30
news_01__clip0016.wav,news_01,16,news,MSA,https://www.youtube.com/watch?v=TXmeVPZvKq8,00:00:30,00:10:30,00:04:30,00:04:45
news_01__clip0017.wav,news_01,17,news,MSA,https://www.youtube.com/watch?v=TXmeVPZvKq8,00:00:30,00:10:30,00:04:45,00:05:00
news_01__clip0018.wav,news_01,18,news,MSA,https://www.youtube.com/watch?v=TXmeVPZvKq8,00:00:30,00:10:30,00:05:00,00:05:15
news_01__clip0019.wav,news_01,19,news,MSA,https://www.youtube.com/watch?v=TXmeVPZvKq8,00:00:30,00:10:30,00:05:15,00:05:30
news_01__clip0020.wav,news_01,20,news,MSA,https://www.youtube.com/watch?v=TXmeVPZvKq8,00:00:30,00:10:30,00:05:30,00:05:45
news_01__clip0021.wav,news_01,21,news,MSA,https://www.youtube.com/watch?v=TXmeVPZvKq8,00:00:30,00:10:30,00:05:45,00:06:00
news_01__clip0022.wav,news_01,22,news,MSA,https://www.youtube.com/watch?v=TXmeVPZvKq8,00:00:30,00:10:30,00:06:00,00:06:15
news_01__clip0023.wav,news_01,23,news,MSA,https://www.youtube.com/watch?v=TXmeVPZvKq8,00:00:30,00:10:30,00:06:15,00:06:30
news_01__clip0024.wav,news_01,24,news,MSA,https://www.youtube.com/watch?v=TXmeVPZvKq8,00:00:30,00:10:30,00:06:30,00:06:45
news_01__clip0025.wav,news_01,25,news,MSA,https://www.youtube.com/watch?v=TXmeVPZvKq8,00:00:30,00:10:30,00:06:45,00:07:00
news_02__clip0000.wav,news_02,0,news,MSA,https://www.youtube.com/watch?v=mRP5nzHRFvQ,00:00:30,00:10:30,00:00:30,00:00:45
news_02__clip0001.wav,news_02,1,news,MSA,https://www.youtube.com/watch?v=mRP5nzHRFvQ,00:00:30,00:10:30,00:00:45,00:01:00
news_02__clip0002.wav,news_02,2,news,MSA,https://www.youtube.com/watch?v=mRP5nzHRFvQ,00:00:30,00:10:30,00:01:00,00:01:15
news_02__clip0003.wav,news_02,3,news,MSA,https://www.youtube.com/watch?v=mRP5nzHRFvQ,00:00:30,00:10:30,00:01:15,00:01:30
news_02__clip0004.wav,news_02,4,news,MSA,https://www.youtube.com/watch?v=mRP5nzHRFvQ,00:00:30,00:10:30,00:01:30,00:01:45
news_02__clip0005.wav,news_02,5,news,MSA,https://www.youtube.com/watch?v=mRP5nzHRFvQ,00:00:30,00:10:30,00:01:45,00:02:00
news_02__clip0006.wav,news_02,6,news,MSA,https://www.youtube.com/watch?v=mRP5nzHRFvQ,00:00:30,00:10:30,00:02:00,00:02:15
news_02__clip0007.wav,news_02,7,news,MSA,https://www.youtube.com/watch?v=mRP5nzHRFvQ,00:00:30,00:10:30,00:02:15,00:02:30
news_02__clip0008.wav,news_02,8,news,MSA,https://www.youtube.com/watch?v=mRP5nzHRFvQ,00:00:30,00:10:30,00:02:30,00:02:45
news_02__clip0009.wav,news_02,9,news,MSA,https://www.youtube.com/watch?v=mRP5nzHRFvQ,00:00:30,00:10:30,00:02:45,00:03:00
news_02__clip0010.wav,news_02,10,news,MSA,https://www.youtube.com/watch?v=mRP5nzHRFvQ,00:00:30,00:10:30,00:03:00,00:03:15
news_02__clip0011.wav,news_02,11,news,MSA,https://www.youtube.com/watch?v=mRP5nzHRFvQ,00:00:30,00:10:30,00:03:15,00:03:30
news_02__clip0012.wav,news_02,12,news,MSA,https://www.youtube.com/watch?v=mRP5nzHRFvQ,00:00:30,00:10:30,00:03:30,00:03:45
news_02__clip0013.wav,news_02,13,news,MSA,https://www.youtube.com/watch?v=mRP5nzHRFvQ,00:00:30,00:10:30,00:03:45,00:04:00
news_02__clip0014.wav,news_02,14,news,MSA,https://www.youtube.com/watch?v=mRP5nzHRFvQ,00:00:30,00:10:30,00:04:00,00:04:15
news_02__clip0015.wav,news_02,15,news,MSA,https://www.youtube.com/watch?v=mRP5nzHRFvQ,00:00:30,00:10:30,00:04:15,00:04:30
news_02__clip0016.wav,news_02,16,news,MSA,https://www.youtube.com/watch?v=mRP5nzHRFvQ,00:00:30,00:10:30,00:04:30,00:04:45
news_02__clip0017.wav,news_02,17,news,MSA,https://www.youtube.com/watch?v=mRP5nzHRFvQ,00:00:30,00:10:30,00:04:45,00:05:00
news_02__clip0018.wav,news_02,18,news,MSA,https://www.youtube.com/watch?v=mRP5nzHRFvQ,00:00:30,00:10:30,00:05:00,00:05:15
news_02__clip0019.wav,news_02,19,news,MSA,https://www.youtube.com/watch?v=mRP5nzHRFvQ,00:00:30,00:10:30,00:05:15,00:05:30
news_02__clip0020.wav,news_02,20,news,MSA,https://www.youtube.com/watch?v=mRP5nzHRFvQ,00:00:30,00:10:30,00:05:30,00:05:45
news_02__clip0021.wav,news_02,21,news,MSA,https://www.youtube.com/watch?v=mRP5nzHRFvQ,00:00:30,00:10:30,00:05:45,00:06:00
news_02__clip0022.wav,news_02,22,news,MSA,https://www.youtube.com/watch?v=mRP5nzHRFvQ,00:00:30,00:10:30,00:06:00,00:06:15
news_02__clip0023.wav,news_02,23,news,MSA,https://www.youtube.com/watch?v=mRP5nzHRFvQ,00:00:30,00:10:30,00:06:15,00:06:30
news_02__clip0024.wav,news_02,24,news,MSA,https://www.youtube.com/watch?v=mRP5nzHRFvQ,00:00:30,00:10:30,00:06:30,00:06:45
news_02__clip0025.wav,news_02,25,news,MSA,https://www.youtube.com/watch?v=mRP5nzHRFvQ,00:00:30,00:10:30,00:06:45,00:07:00
news_02__clip0026.wav,news_02,26,news,MSA,https://www.youtube.com/watch?v=mRP5nzHRFvQ,00:00:30,00:10:30,00:07:00,00:07:15
news_02__clip0027.wav,news_02,27,news,MSA,https://www.youtube.com/watch?v=mRP5nzHRFvQ,00:00:30,00:10:30,00:07:15,00:07:30
news_03__clip0000.wav,news_03,0,news,MSA,https://www.youtube.com/watch?v=rjNAnL_Qfe4,00:00:30,00:10:30,00:00:30,00:00:45
news_03__clip0001.wav,news_03,1,news,MSA,https://www.youtube.com/watch?v=rjNAnL_Qfe4,00:00:30,00:10:30,00:00:45,00:01:00
news_03__clip0002.wav,news_03,2,news,MSA,https://www.youtube.com/watch?v=rjNAnL_Qfe4,00:00:30,00:10:30,00:01:00,00:01:15
news_03__clip0003.wav,news_03,3,news,MSA,https://www.youtube.com/watch?v=rjNAnL_Qfe4,00:00:30,00:10:30,00:01:15,00:01:30
news_03__clip0004.wav,news_03,4,news,MSA,https://www.youtube.com/watch?v=rjNAnL_Qfe4,00:00:30,00:10:30,00:01:30,00:01:45
news_03__clip0005.wav,news_03,5,news,MSA,https://www.youtube.com/watch?v=rjNAnL_Qfe4,00:00:30,00:10:30,00:01:45,00:02:00
news_03__clip0006.wav,news_03,6,news,MSA,https://www.youtube.com/watch?v=rjNAnL_Qfe4,00:00:30,00:10:30,00:02:00,00:02:15
news_03__clip0007.wav,news_03,7,news,MSA,https://www.youtube.com/watch?v=rjNAnL_Qfe4,00:00:30,00:10:30,00:02:15,00:02:30
news_03__clip0008.wav,news_03,8,news,MSA,https://www.youtube.com/watch?v=rjNAnL_Qfe4,00:00:30,00:10:30,00:02:30,00:02:45
news_03__clip0009.wav,news_03,9,news,MSA,https://www.youtube.com/watch?v=rjNAnL_Qfe4,00:00:30,00:10:30,00:02:45,00:03:00
news_03__clip0010.wav,news_03,10,news,MSA,https://www.youtube.com/watch?v=rjNAnL_Qfe4,00:00:30,00:10:30,00:03:00,00:03:15
news_03__clip0011.wav,news_03,11,news,MSA,https://www.youtube.com/watch?v=rjNAnL_Qfe4,00:00:30,00:10:30,00:03:15,00:03:30
news_03__clip0012.wav,news_03,12,news,MSA,https://www.youtube.com/watch?v=rjNAnL_Qfe4,00:00:30,00:10:30,00:03:30,00:03:45
news_03__clip0013.wav,news_03,13,news,MSA,https://www.youtube.com/watch?v=rjNAnL_Qfe4,00:00:30,00:10:30,00:03:45,00:04:00
news_03__clip0014.wav,news_03,14,news,MSA,https://www.youtube.com/watch?v=rjNAnL_Qfe4,00:00:30,00:10:30,00:04:00,00:04:15
news_03__clip0015.wav,news_03,15,news,MSA,https://www.youtube.com/watch?v=rjNAnL_Qfe4,00:00:30,00:10:30,00:04:15,00:04:30
news_03__clip0016.wav,news_03,16,news,MSA,https://www.youtube.com/watch?v=rjNAnL_Qfe4,00:00:30,00:10:30,00:04:30,00:04:45
news_03__clip0017.wav,news_03,17,news,MSA,https://www.youtube.com/watch?v=rjNAnL_Qfe4,00:00:30,00:10:30,00:04:45,00:05:00
news_03__clip0018.wav,news_03,18,news,MSA,https://www.youtube.com/watch?v=rjNAnL_Qfe4,00:00:30,00:10:30,00:05:00,00:05:15
news_03__clip0019.wav,news_03,19,news,MSA,https://www.youtube.com/watch?v=rjNAnL_Qfe4,00:00:30,00:10:30,00:05:15,00:05:30
news_03__clip0020.wav,news_03,20,news,MSA,https://www.youtube.com/watch?v=rjNAnL_Qfe4,00:00:30,00:10:30,00:05:30,00:05:45
news_03__clip0021.wav,news_03,21,news,MSA,https://www.youtube.com/watch?v=rjNAnL_Qfe4,00:00:30,00:10:30,00:05:45,00:06:00
news_03__clip0022.wav,news_03,22,news,MSA,https://www.youtube.com/watch?v=rjNAnL_Qfe4,00:00:30,00:10:30,00:06:00,00:06:15
news_03__clip0023.wav,news_03,23,news,MSA,https://www.youtube.com/watch?v=rjNAnL_Qfe4,00:00:30,00:10:30,00:06:15,00:06:30
news_03__clip0024.wav,news_03,24,news,MSA,https://www.youtube.com/watch?v=rjNAnL_Qfe4,00:00:30,00:10:30,00:06:30,00:06:45
news_03__clip0025.wav,news_03,25,news,MSA,https://www.youtube.com/watch?v=rjNAnL_Qfe4,00:00:30,00:10:30,00:06:45,00:07:00
news_03__clip0026.wav,news_03,26,news,MSA,https://www.youtube.com/watch?v=rjNAnL_Qfe4,00:00:30,00:10:30,00:07:00,00:07:15
news_03__clip0027.wav,news_03,27,news,MSA,https://www.youtube.com/watch?v=rjNAnL_Qfe4,00:00:30,00:10:30,00:07:15,00:07:30
news_03__clip0028.wav,news_03,28,news,MSA,https://www.youtube.com/watch?v=rjNAnL_Qfe4,00:00:30,00:10:30,00:07:30,00:07:45
news_03__clip0029.wav,news_03,29,news,MSA,https://www.youtube.com/watch?v=rjNAnL_Qfe4,00:00:30,00:10:30,00:07:45,00:08:00
news_03__clip0030.wav,news_03,30,news,MSA,https://www.youtube.com/watch?v=rjNAnL_Qfe4,00:00:30,00:10:30,00:08:00,00:08:15
news_03__clip0031.wav,news_03,31,news,MSA,https://www.youtube.com/watch?v=rjNAnL_Qfe4,00:00:30,00:10:30,00:08:15,00:08:30
news_03__clip0032.wav,news_03,32,news,MSA,https://www.youtube.com/watch?v=rjNAnL_Qfe4,00:00:30,00:10:30,00:08:30,00:08:45
news_03__clip0033.wav,news_03,33,news,MSA,https://www.youtube.com/watch?v=rjNAnL_Qfe4,00:00:30,00:10:30,00:08:45,00:09:00
news_03__clip0034.wav,news_03,34,news,MSA,https://www.youtube.com/watch?v=rjNAnL_Qfe4,00:00:30,00:10:30,00:09:00,00:09:15
news_03__clip0035.wav,news_03,35,news,MSA,https://www.youtube.com/watch?v=rjNAnL_Qfe4,00:00:30,00:10:30,00:09:15,00:09:30
news_03__clip0036.wav,news_03,36,news,MSA,https://www.youtube.com/watch?v=rjNAnL_Qfe4,00:00:30,00:10:30,00:09:30,00:09:45
news_03__clip0037.wav,news_03,37,news,MSA,https://www.youtube.com/watch?v=rjNAnL_Qfe4,00:00:30,00:10:30,00:09:45,00:10:00
news_03__clip0038.wav,news_03,38,news,MSA,https://www.youtube.com/watch?v=rjNAnL_Qfe4,00:00:30,00:10:30,00:10:00,00:10:15
news_03__clip0039.wav,news_03,39,news,MSA,https://www.youtube.com/watch?v=rjNAnL_Qfe4,00:00:30,00:10:30,00:10:15,00:10:30
news_04__clip0000.wav,news_04,0,news,MSA,https://www.youtube.com/watch?v=O_sq3kuVx9I,00:00:30,00:10:30,00:00:30,00:00:45
news_04__clip0001.wav,news_04,1,news,MSA,https://www.youtube.com/watch?v=O_sq3kuVx9I,00:00:30,00:10:30,00:00:45,00:01:00
news_04__clip0002.wav,news_04,2,news,MSA,https://www.youtube.com/watch?v=O_sq3kuVx9I,00:00:30,00:10:30,00:01:00,00:01:15
news_04__clip0003.wav,news_04,3,news,MSA,https://www.youtube.com/watch?v=O_sq3kuVx9I,00:00:30,00:10:30,00:01:15,00:01:30
news_04__clip0004.wav,news_04,4,news,MSA,https://www.youtube.com/watch?v=O_sq3kuVx9I,00:00:30,00:10:30,00:01:30,00:01:45
news_04__clip0005.wav,news_04,5,news,MSA,https://www.youtube.com/watch?v=O_sq3kuVx9I,00:00:30,00:10:30,00:01:45,00:02:00
news_04__clip0006.wav,news_04,6,news,MSA,https://www.youtube.com/watch?v=O_sq3kuVx9I,00:00:30,00:10:30,00:02:00,00:02:15
news_04__clip0007.wav,news_04,7,news,MSA,https://www.youtube.com/watch?v=O_sq3kuVx9I,00:00:30,00:10:30,00:02:15,00:02:30
news_04__clip0008.wav,news_04,8,news,MSA,https://www.youtube.com/watch?v=O_sq3kuVx9I,00:00:30,00:10:30,00:02:30,00:02:45
news_04__clip0009.wav,news_04,9,news,MSA,https://www.youtube.com/watch?v=O_sq3kuVx9I,00:00:30,00:10:30,00:02:45,00:03:00
news_04__clip0010.wav,news_04,10,news,MSA,https://www.youtube.com/watch?v=O_sq3kuVx9I,00:00:30,00:10:30,00:03:00,00:03:15
news_04__clip0011.wav,news_04,11,news,MSA,https://www.youtube.com/watch?v=O_sq3kuVx9I,00:00:30,00:10:30,00:03:15,00:03:30
news_04__clip0012.wav,news_04,12,news,MSA,https://www.youtube.com/watch?v=O_sq3kuVx9I,00:00:30,00:10:30,00:03:30,00:03:45
news_04__clip0013.wav,news_04,13,news,MSA,https://www.youtube.com/watch?v=O_sq3kuVx9I,00:00:30,00:10:30,00:03:45,00:04:00
news_04__clip0014.wav,news_04,14,news,MSA,https://www.youtube.com/watch?v=O_sq3kuVx9I,00:00:30,00:10:30,00:04:00,00:04:15
news_04__clip0015.wav,news_04,15,news,MSA,https://www.youtube.com/watch?v=O_sq3kuVx9I,00:00:30,00:10:30,00:04:15,00:04:30
news_04__clip0016.wav,news_04,16,news,MSA,https://www.youtube.com/watch?v=O_sq3kuVx9I,00:00:30,00:10:30,00:04:30,00:04:45
news_04__clip0017.wav,news_04,17,news,MSA,https://www.youtube.com/watch?v=O_sq3kuVx9I,00:00:30,00:10:30,00:04:45,00:05:00
news_04__clip0018.wav,news_04,18,news,MSA,https://www.youtube.com/watch?v=O_sq3kuVx9I,00:00:30,00:10:30,00:05:00,00:05:15
news_04__clip0019.wav,news_04,19,news,MSA,https://www.youtube.com/watch?v=O_sq3kuVx9I,00:00:30,00:10:30,00:05:15,00:05:30
news_04__clip0020.wav,news_04,20,news,MSA,https://www.youtube.com/watch?v=O_sq3kuVx9I,00:00:30,00:10:30,00:05:30,00:05:45
news_04__clip0021.wav,news_04,21,news,MSA,https://www.youtube.com/watch?v=O_sq3kuVx9I,00:00:30,00:10:30,00:05:45,00:06:00
news_04__clip0022.wav,news_04,22,news,MSA,https://www.youtube.com/watch?v=O_sq3kuVx9I,00:00:30,00:10:30,00:06:00,00:06:15
news_04__clip0023.wav,news_04,23,news,MSA,https://www.youtube.com/watch?v=O_sq3kuVx9I,00:00:30,00:10:30,00:06:15,00:06:30
news_04__clip0024.wav,news_04,24,news,MSA,https://www.youtube.com/watch?v=O_sq3kuVx9I,00:00:30,00:10:30,00:06:30,00:06:45
news_04__clip0025.wav,news_04,25,news,MSA,https://www.youtube.com/watch?v=O_sq3kuVx9I,00:00:30,00:10:30,00:06:45,00:07:00
news_04__clip0026.wav,news_04,26,news,MSA,https://www.youtube.com/watch?v=O_sq3kuVx9I,00:00:30,00:10:30,00:07:00,00:07:15
news_04__clip0027.wav,news_04,27,news,MSA,https://www.youtube.com/watch?v=O_sq3kuVx9I,00:00:30,00:10:30,00:07:15,00:07:30
news_04__clip0028.wav,news_04,28,news,MSA,https://www.youtube.com/watch?v=O_sq3kuVx9I,00:00:30,00:10:30,00:07:30,00:07:45
news_04__clip0029.wav,news_04,29,news,MSA,https://www.youtube.com/watch?v=O_sq3kuVx9I,00:00:30,00:10:30,00:07:45,00:08:00
news_04__clip0030.wav,news_04,30,news,MSA,https://www.youtube.com/watch?v=O_sq3kuVx9I,00:00:30,00:10:30,00:08:00,00:08:15
news_04__clip0031.wav,news_04,31,news,MSA,https://www.youtube.com/watch?v=O_sq3kuVx9I,00:00:30,00:10:30,00:08:15,00:08:30
news_04__clip0032.wav,news_04,32,news,MSA,https://www.youtube.com/watch?v=O_sq3kuVx9I,00:00:30,00:10:30,00:08:30,00:08:45
news_04__clip0033.wav,news_04,33,news,MSA,https://www.youtube.com/watch?v=O_sq3kuVx9I,00:00:30,00:10:30,00:08:45,00:09:00
news_04__clip0034.wav,news_04,34,news,MSA,https://www.youtube.com/watch?v=O_sq3kuVx9I,00:00:30,00:10:30,00:09:00,00:09:15
news_04__clip0035.wav,news_04,35,news,MSA,https://www.youtube.com/watch?v=O_sq3kuVx9I,00:00:30,00:10:30,00:09:15,00:09:30
news_04__clip0036.wav,news_04,36,news,MSA,https://www.youtube.com/watch?v=O_sq3kuVx9I,00:00:30,00:10:30,00:09:30,00:09:45
news_04__clip0037.wav,news_04,37,news,MSA,https://www.youtube.com/watch?v=O_sq3kuVx9I,00:00:30,00:10:30,00:09:45,00:10:00
news_04__clip0038.wav,news_04,38,news,MSA,https://www.youtube.com/watch?v=O_sq3kuVx9I,00:00:30,00:10:30,00:10:00,00:10:15
news_04__clip0039.wav,news_04,39,news,MSA,https://www.youtube.com/watch?v=O_sq3kuVx9I,00:00:30,00:10:30,00:10:15,00:10:30
religious_01__clip0000.wav,religious_01,0,religious,Formal recited register,https://youtu.be/NBEmiMVt_eA?si=qbf4BtiHxAsbyCGq,00:00:30,00:10:30,00:00:30,00:00:45
religious_01__clip0001.wav,religious_01,1,religious,Formal recited register,https://youtu.be/NBEmiMVt_eA?si=qbf4BtiHxAsbyCGq,00:00:30,00:10:30,00:00:45,00:01:00
religious_01__clip0002.wav,religious_01,2,religious,Formal recited register,https://youtu.be/NBEmiMVt_eA?si=qbf4BtiHxAsbyCGq,00:00:30,00:10:30,00:01:00,00:01:15
religious_01__clip0003.wav,religious_01,3,religious,Formal recited register,https://youtu.be/NBEmiMVt_eA?si=qbf4BtiHxAsbyCGq,00:00:30,00:10:30,00:01:15,00:01:30
religious_01__clip0004.wav,religious_01,4,religious,Formal recited register,https://youtu.be/NBEmiMVt_eA?si=qbf4BtiHxAsbyCGq,00:00:30,00:10:30,00:01:30,00:01:45
religious_01__clip0005.wav,religious_01,5,religious,Formal recited register,https://youtu.be/NBEmiMVt_eA?si=qbf4BtiHxAsbyCGq,00:00:30,00:10:30,00:01:45,00:02:00
religious_01__clip0006.wav,religious_01,6,religious,Formal recited register,https://youtu.be/NBEmiMVt_eA?si=qbf4BtiHxAsbyCGq,00:00:30,00:10:30,00:02:00,00:02:15
religious_01__clip0007.wav,religious_01,7,religious,Formal recited register,https://youtu.be/NBEmiMVt_eA?si=qbf4BtiHxAsbyCGq,00:00:30,00:10:30,00:02:15,00:02:30
religious_01__clip0008.wav,religious_01,8,religious,Formal recited register,https://youtu.be/NBEmiMVt_eA?si=qbf4BtiHxAsbyCGq,00:00:30,00:10:30,00:02:30,00:02:45
religious_01__clip0009.wav,religious_01,9,religious,Formal recited register,https://youtu.be/NBEmiMVt_eA?si=qbf4BtiHxAsbyCGq,00:00:30,00:10:30,00:02:45,00:03:00
religious_01__clip0010.wav,religious_01,10,religious,Formal recited register,https://youtu.be/NBEmiMVt_eA?si=qbf4BtiHxAsbyCGq,00:00:30,00:10:30,00:03:00,00:03:15
religious_01__clip0011.wav,religious_01,11,religious,Formal recited register,https://youtu.be/NBEmiMVt_eA?si=qbf4BtiHxAsbyCGq,00:00:30,00:10:30,00:03:15,00:03:30
religious_01__clip0012.wav,religious_01,12,religious,Formal recited register,https://youtu.be/NBEmiMVt_eA?si=qbf4BtiHxAsbyCGq,00:00:30,00:10:30,00:03:30,00:03:45
religious_01__clip0013.wav,religious_01,13,religious,Formal recited register,https://youtu.be/NBEmiMVt_eA?si=qbf4BtiHxAsbyCGq,00:00:30,00:10:30,00:03:45,00:04:00
religious_01__clip0014.wav,religious_01,14,religious,Formal recited register,https://youtu.be/NBEmiMVt_eA?si=qbf4BtiHxAsbyCGq,00:00:30,00:10:30,00:04:00,00:04:15
religious_01__clip0015.wav,religious_01,15,religious,Formal recited register,https://youtu.be/NBEmiMVt_eA?si=qbf4BtiHxAsbyCGq,00:00:30,00:10:30,00:04:15,00:04:30
religious_01__clip0016.wav,religious_01,16,religious,Formal recited register,https://youtu.be/NBEmiMVt_eA?si=qbf4BtiHxAsbyCGq,00:00:30,00:10:30,00:04:30,00:04:45
religious_01__clip0017.wav,religious_01,17,religious,Formal recited register,https://youtu.be/NBEmiMVt_eA?si=qbf4BtiHxAsbyCGq,00:00:30,00:10:30,00:04:45,00:05:00
religious_01__clip0018.wav,religious_01,18,religious,Formal recited register,https://youtu.be/NBEmiMVt_eA?si=qbf4BtiHxAsbyCGq,00:00:30,00:10:30,00:05:00,00:05:15
religious_01__clip0019.wav,religious_01,19,religious,Formal recited register,https://youtu.be/NBEmiMVt_eA?si=qbf4BtiHxAsbyCGq,00:00:30,00:10:30,00:05:15,00:05:30
religious_01__clip0020.wav,religious_01,20,religious,Formal recited register,https://youtu.be/NBEmiMVt_eA?si=qbf4BtiHxAsbyCGq,00:00:30,00:10:30,00:05:30,00:05:45
religious_01__clip0021.wav,religious_01,21,religious,Formal recited register,https://youtu.be/NBEmiMVt_eA?si=qbf4BtiHxAsbyCGq,00:00:30,00:10:30,00:05:45,00:06:00
religious_01__clip0022.wav,religious_01,22,religious,Formal recited register,https://youtu.be/NBEmiMVt_eA?si=qbf4BtiHxAsbyCGq,00:00:30,00:10:30,00:06:00,00:06:15
religious_01__clip0023.wav,religious_01,23,religious,Formal recited register,https://youtu.be/NBEmiMVt_eA?si=qbf4BtiHxAsbyCGq,00:00:30,00:10:30,00:06:15,00:06:30
religious_01__clip0024.wav,religious_01,24,religious,Formal recited register,https://youtu.be/NBEmiMVt_eA?si=qbf4BtiHxAsbyCGq,00:00:30,00:10:30,00:06:30,00:06:45
religious_01__clip0025.wav,religious_01,25,religious,Formal recited register,https://youtu.be/NBEmiMVt_eA?si=qbf4BtiHxAsbyCGq,00:00:30,00:10:30,00:06:45,00:07:00
religious_01__clip0026.wav,religious_01,26,religious,Formal recited register,https://youtu.be/NBEmiMVt_eA?si=qbf4BtiHxAsbyCGq,00:00:30,00:10:30,00:07:00,00:07:15
religious_01__clip0027.wav,religious_01,27,religious,Formal recited register,https://youtu.be/NBEmiMVt_eA?si=qbf4BtiHxAsbyCGq,00:00:30,00:10:30,00:07:15,00:07:30
religious_01__clip0028.wav,religious_01,28,religious,Formal recited register,https://youtu.be/NBEmiMVt_eA?si=qbf4BtiHxAsbyCGq,00:00:30,00:10:30,00:07:30,00:07:45
religious_01__clip0029.wav,religious_01,29,religious,Formal recited register,https://youtu.be/NBEmiMVt_eA?si=qbf4BtiHxAsbyCGq,00:00:30,00:10:30,00:07:45,00:08:00
religious_01__clip0030.wav,religious_01,30,religious,Formal recited register,https://youtu.be/NBEmiMVt_eA?si=qbf4BtiHxAsbyCGq,00:00:30,00:10:30,00:08:00,00:08:15
religious_01__clip0031.wav,religious_01,31,religious,Formal recited register,https://youtu.be/NBEmiMVt_eA?si=qbf4BtiHxAsbyCGq,00:00:30,00:10:30,00:08:15,00:08:30
religious_01__clip0032.wav,religious_01,32,religious,Formal recited register,https://youtu.be/NBEmiMVt_eA?si=qbf4BtiHxAsbyCGq,00:00:30,00:10:30,00:08:30,00:08:45
religious_01__clip0033.wav,religious_01,33,religious,Formal recited register,https://youtu.be/NBEmiMVt_eA?si=qbf4BtiHxAsbyCGq,00:00:30,00:10:30,00:08:45,00:09:00
religious_01__clip0034.wav,religious_01,34,religious,Formal recited register,https://youtu.be/NBEmiMVt_eA?si=qbf4BtiHxAsbyCGq,00:00:30,00:10:30,00:09:00,00:09:15
religious_01__clip0035.wav,religious_01,35,religious,Formal recited register,https://youtu.be/NBEmiMVt_eA?si=qbf4BtiHxAsbyCGq,00:00:30,00:10:30,00:09:15,00:09:30
religious_01__clip0036.wav,religious_01,36,religious,Formal recited register,https://youtu.be/NBEmiMVt_eA?si=qbf4BtiHxAsbyCGq,00:00:30,00:10:30,00:09:30,00:09:45
religious_01__clip0037.wav,religious_01,37,religious,Formal recited register,https://youtu.be/NBEmiMVt_eA?si=qbf4BtiHxAsbyCGq,00:00:30,00:10:30,00:09:45,00:10:00
religious_01__clip0038.wav,religious_01,38,religious,Formal recited register,https://youtu.be/NBEmiMVt_eA?si=qbf4BtiHxAsbyCGq,00:00:30,00:10:30,00:10:00,00:10:15
religious_01__clip0039.wav,religious_01,39,religious,Formal recited register,https://youtu.be/NBEmiMVt_eA?si=qbf4BtiHxAsbyCGq,00:00:30,00:10:30,00:10:15,00:10:30
religious_02__clip0000.wav,religious_02,0,religious,Formal recited register,https://youtu.be/2Kp_TeO0KpA?si=oW8EwQk4_bO4uNIF,00:00:30,00:10:30,00:00:30,00:00:45
religious_02__clip0001.wav,religious_02,1,religious,Formal recited register,https://youtu.be/2Kp_TeO0KpA?si=oW8EwQk4_bO4uNIF,00:00:30,00:10:30,00:00:45,00:01:00
religious_02__clip0002.wav,religious_02,2,religious,Formal recited register,https://youtu.be/2Kp_TeO0KpA?si=oW8EwQk4_bO4uNIF,00:00:30,00:10:30,00:01:00,00:01:15
religious_02__clip0003.wav,religious_02,3,religious,Formal recited register,https://youtu.be/2Kp_TeO0KpA?si=oW8EwQk4_bO4uNIF,00:00:30,00:10:30,00:01:15,00:01:30
religious_02__clip0004.wav,religious_02,4,religious,Formal recited register,https://youtu.be/2Kp_TeO0KpA?si=oW8EwQk4_bO4uNIF,00:00:30,00:10:30,00:01:30,00:01:45
religious_02__clip0005.wav,religious_02,5,religious,Formal recited register,https://youtu.be/2Kp_TeO0KpA?si=oW8EwQk4_bO4uNIF,00:00:30,00:10:30,00:01:45,00:02:00
religious_02__clip0006.wav,religious_02,6,religious,Formal recited register,https://youtu.be/2Kp_TeO0KpA?si=oW8EwQk4_bO4uNIF,00:00:30,00:10:30,00:02:00,00:02:15
religious_02__clip0007.wav,religious_02,7,religious,Formal recited register,https://youtu.be/2Kp_TeO0KpA?si=oW8EwQk4_bO4uNIF,00:00:30,00:10:30,00:02:15,00:02:30
religious_02__clip0008.wav,religious_02,8,religious,Formal recited register,https://youtu.be/2Kp_TeO0KpA?si=oW8EwQk4_bO4uNIF,00:00:30,00:10:30,00:02:30,00:02:45
religious_02__clip0009.wav,religious_02,9,religious,Formal recited register,https://youtu.be/2Kp_TeO0KpA?si=oW8EwQk4_bO4uNIF,00:00:30,00:10:30,00:02:45,00:03:00
religious_02__clip0010.wav,religious_02,10,religious,Formal recited register,https://youtu.be/2Kp_TeO0KpA?si=oW8EwQk4_bO4uNIF,00:00:30,00:10:30,00:03:00,00:03:15
religious_02__clip0011.wav,religious_02,11,religious,Formal recited register,https://youtu.be/2Kp_TeO0KpA?si=oW8EwQk4_bO4uNIF,00:00:30,00:10:30,00:03:15,00:03:30
religious_02__clip0012.wav,religious_02,12,religious,Formal recited register,https://youtu.be/2Kp_TeO0KpA?si=oW8EwQk4_bO4uNIF,00:00:30,00:10:30,00:03:30,00:03:45
religious_02__clip0013.wav,religious_02,13,religious,Formal recited register,https://youtu.be/2Kp_TeO0KpA?si=oW8EwQk4_bO4uNIF,00:00:30,00:10:30,00:03:45,00:04:00
religious_02__clip0014.wav,religious_02,14,religious,Formal recited register,https://youtu.be/2Kp_TeO0KpA?si=oW8EwQk4_bO4uNIF,00:00:30,00:10:30,00:04:00,00:04:15
religious_02__clip0015.wav,religious_02,15,religious,Formal recited register,https://youtu.be/2Kp_TeO0KpA?si=oW8EwQk4_bO4uNIF,00:00:30,00:10:30,00:04:15,00:04:30
religious_02__clip0016.wav,religious_02,16,religious,Formal recited register,https://youtu.be/2Kp_TeO0KpA?si=oW8EwQk4_bO4uNIF,00:00:30,00:10:30,00:04:30,00:04:45
religious_02__clip0017.wav,religious_02,17,religious,Formal recited register,https://youtu.be/2Kp_TeO0KpA?si=oW8EwQk4_bO4uNIF,00:00:30,00:10:30,00:04:45,00:05:00
religious_02__clip0018.wav,religious_02,18,religious,Formal recited register,https://youtu.be/2Kp_TeO0KpA?si=oW8EwQk4_bO4uNIF,00:00:30,00:10:30,00:05:00,00:05:15
religious_02__clip0019.wav,religious_02,19,religious,Formal recited register,https://youtu.be/2Kp_TeO0KpA?si=oW8EwQk4_bO4uNIF,00:00:30,00:10:30,00:05:15,00:05:30
religious_02__clip0020.wav,religious_02,20,religious,Formal recited register,https://youtu.be/2Kp_TeO0KpA?si=oW8EwQk4_bO4uNIF,00:00:30,00:10:30,00:05:30,00:05:45
religious_02__clip0021.wav,religious_02,21,religious,Formal recited register,https://youtu.be/2Kp_TeO0KpA?si=oW8EwQk4_bO4uNIF,00:00:30,00:10:30,00:05:45,00:06:00
religious_02__clip0022.wav,religious_02,22,religious,Formal recited register,https://youtu.be/2Kp_TeO0KpA?si=oW8EwQk4_bO4uNIF,00:00:30,00:10:30,00:06:00,00:06:15
religious_02__clip0023.wav,religious_02,23,religious,Formal recited register,https://youtu.be/2Kp_TeO0KpA?si=oW8EwQk4_bO4uNIF,00:00:30,00:10:30,00:06:15,00:06:30
religious_02__clip0024.wav,religious_02,24,religious,Formal recited register,https://youtu.be/2Kp_TeO0KpA?si=oW8EwQk4_bO4uNIF,00:00:30,00:10:30,00:06:30,00:06:45
religious_02__clip0025.wav,religious_02,25,religious,Formal recited register,https://youtu.be/2Kp_TeO0KpA?si=oW8EwQk4_bO4uNIF,00:00:30,00:10:30,00:06:45,00:07:00
religious_02__clip0026.wav,religious_02,26,religious,Formal recited register,https://youtu.be/2Kp_TeO0KpA?si=oW8EwQk4_bO4uNIF,00:00:30,00:10:30,00:07:00,00:07:15
religious_02__clip0027.wav,religious_02,27,religious,Formal recited register,https://youtu.be/2Kp_TeO0KpA?si=oW8EwQk4_bO4uNIF,00:00:30,00:10:30,00:07:15,00:07:30
religious_02__clip0028.wav,religious_02,28,religious,Formal recited register,https://youtu.be/2Kp_TeO0KpA?si=oW8EwQk4_bO4uNIF,00:00:30,00:10:30,00:07:30,00:07:45
religious_02__clip0029.wav,religious_02,29,religious,Formal recited register,https://youtu.be/2Kp_TeO0KpA?si=oW8EwQk4_bO4uNIF,00:00:30,00:10:30,00:07:45,00:08:00
religious_02__clip0030.wav,religious_02,30,religious,Formal recited register,https://youtu.be/2Kp_TeO0KpA?si=oW8EwQk4_bO4uNIF,00:00:30,00:10:30,00:08:00,00:08:15
religious_02__clip0031.wav,religious_02,31,religious,Formal recited register,https://youtu.be/2Kp_TeO0KpA?si=oW8EwQk4_bO4uNIF,00:00:30,00:10:30,00:08:15,00:08:30
religious_02__clip0032.wav,religious_02,32,religious,Formal recited register,https://youtu.be/2Kp_TeO0KpA?si=oW8EwQk4_bO4uNIF,00:00:30,00:10:30,00:08:30,00:08:45
religious_02__clip0033.wav,religious_02,33,religious,Formal recited register,https://youtu.be/2Kp_TeO0KpA?si=oW8EwQk4_bO4uNIF,00:00:30,00:10:30,00:08:45,00:09:00
religious_02__clip0034.wav,religious_02,34,religious,Formal recited register,https://youtu.be/2Kp_TeO0KpA?si=oW8EwQk4_bO4uNIF,00:00:30,00:10:30,00:09:00,00:09:15
religious_02__clip0035.wav,religious_02,35,religious,Formal recited register,https://youtu.be/2Kp_TeO0KpA?si=oW8EwQk4_bO4uNIF,00:00:30,00:10:30,00:09:15,00:09:30
religious_02__clip0036.wav,religious_02,36,religious,Formal recited register,https://youtu.be/2Kp_TeO0KpA?si=oW8EwQk4_bO4uNIF,00:00:30,00:10:30,00:09:30,00:09:45
religious_02__clip0037.wav,religious_02,37,religious,Formal recited register,https://youtu.be/2Kp_TeO0KpA?si=oW8EwQk4_bO4uNIF,00:00:30,00:10:30,00:09:45,00:10:00
religious_02__clip0038.wav,religious_02,38,religious,Formal recited register,https://youtu.be/2Kp_TeO0KpA?si=oW8EwQk4_bO4uNIF,00:00:30,00:10:30,00:10:00,00:10:15
religious_02__clip0039.wav,religious_02,39,religious,Formal recited register,https://youtu.be/2Kp_TeO0KpA?si=oW8EwQk4_bO4uNIF,00:00:30,00:10:30,00:10:15,00:10:30
religious_03__clip0000.wav,religious_03,0,religious,Formal recited register,https://youtu.be/tXdOF6zn0sQ?si=ZlZSJtY-tiQYdnXi,00:00:30,00:10:30,00:00:30,00:00:45
religious_03__clip0001.wav,religious_03,1,religious,Formal recited register,https://youtu.be/tXdOF6zn0sQ?si=ZlZSJtY-tiQYdnXi,00:00:30,00:10:30,00:00:45,00:01:00
religious_03__clip0002.wav,religious_03,2,religious,Formal recited register,https://youtu.be/tXdOF6zn0sQ?si=ZlZSJtY-tiQYdnXi,00:00:30,00:10:30,00:01:00,00:01:15
religious_03__clip0003.wav,religious_03,3,religious,Formal recited register,https://youtu.be/tXdOF6zn0sQ?si=ZlZSJtY-tiQYdnXi,00:00:30,00:10:30,00:01:15,00:01:30
religious_03__clip0004.wav,religious_03,4,religious,Formal recited register,https://youtu.be/tXdOF6zn0sQ?si=ZlZSJtY-tiQYdnXi,00:00:30,00:10:30,00:01:30,00:01:45
religious_03__clip0005.wav,religious_03,5,religious,Formal recited register,https://youtu.be/tXdOF6zn0sQ?si=ZlZSJtY-tiQYdnXi,00:00:30,00:10:30,00:01:45,00:02:00
religious_03__clip0006.wav,religious_03,6,religious,Formal recited register,https://youtu.be/tXdOF6zn0sQ?si=ZlZSJtY-tiQYdnXi,00:00:30,00:10:30,00:02:00,00:02:15
religious_03__clip0007.wav,religious_03,7,religious,Formal recited register,https://youtu.be/tXdOF6zn0sQ?si=ZlZSJtY-tiQYdnXi,00:00:30,00:10:30,00:02:15,00:02:30
religious_03__clip0008.wav,religious_03,8,religious,Formal recited register,https://youtu.be/tXdOF6zn0sQ?si=ZlZSJtY-tiQYdnXi,00:00:30,00:10:30,00:02:30,00:02:45
religious_03__clip0009.wav,religious_03,9,religious,Formal recited register,https://youtu.be/tXdOF6zn0sQ?si=ZlZSJtY-tiQYdnXi,00:00:30,00:10:30,00:02:45,00:03:00
religious_03__clip0010.wav,religious_03,10,religious,Formal recited register,https://youtu.be/tXdOF6zn0sQ?si=ZlZSJtY-tiQYdnXi,00:00:30,00:10:30,00:03:00,00:03:15
religious_03__clip0011.wav,religious_03,11,religious,Formal recited register,https://youtu.be/tXdOF6zn0sQ?si=ZlZSJtY-tiQYdnXi,00:00:30,00:10:30,00:03:15,00:03:30
religious_03__clip0012.wav,religious_03,12,religious,Formal recited register,https://youtu.be/tXdOF6zn0sQ?si=ZlZSJtY-tiQYdnXi,00:00:30,00:10:30,00:03:30,00:03:45
religious_03__clip0013.wav,religious_03,13,religious,Formal recited register,https://youtu.be/tXdOF6zn0sQ?si=ZlZSJtY-tiQYdnXi,00:00:30,00:10:30,00:03:45,00:04:00
religious_03__clip0014.wav,religious_03,14,religious,Formal recited register,https://youtu.be/tXdOF6zn0sQ?si=ZlZSJtY-tiQYdnXi,00:00:30,00:10:30,00:04:00,00:04:15
religious_03__clip0015.wav,religious_03,15,religious,Formal recited register,https://youtu.be/tXdOF6zn0sQ?si=ZlZSJtY-tiQYdnXi,00:00:30,00:10:30,00:04:15,00:04:30
religious_03__clip0016.wav,religious_03,16,religious,Formal recited register,https://youtu.be/tXdOF6zn0sQ?si=ZlZSJtY-tiQYdnXi,00:00:30,00:10:30,00:04:30,00:04:45
religious_03__clip0017.wav,religious_03,17,religious,Formal recited register,https://youtu.be/tXdOF6zn0sQ?si=ZlZSJtY-tiQYdnXi,00:00:30,00:10:30,00:04:45,00:05:00
religious_03__clip0018.wav,religious_03,18,religious,Formal recited register,https://youtu.be/tXdOF6zn0sQ?si=ZlZSJtY-tiQYdnXi,00:00:30,00:10:30,00:05:00,00:05:15
religious_03__clip0019.wav,religious_03,19,religious,Formal recited register,https://youtu.be/tXdOF6zn0sQ?si=ZlZSJtY-tiQYdnXi,00:00:30,00:10:30,00:05:15,00:05:30
religious_03__clip0020.wav,religious_03,20,religious,Formal recited register,https://youtu.be/tXdOF6zn0sQ?si=ZlZSJtY-tiQYdnXi,00:00:30,00:10:30,00:05:30,00:05:45
religious_03__clip0021.wav,religious_03,21,religious,Formal recited register,https://youtu.be/tXdOF6zn0sQ?si=ZlZSJtY-tiQYdnXi,00:00:30,00:10:30,00:05:45,00:06:00
religious_03__clip0022.wav,religious_03,22,religious,Formal recited register,https://youtu.be/tXdOF6zn0sQ?si=ZlZSJtY-tiQYdnXi,00:00:30,00:10:30,00:06:00,00:06:15
religious_03__clip0023.wav,religious_03,23,religious,Formal recited register,https://youtu.be/tXdOF6zn0sQ?si=ZlZSJtY-tiQYdnXi,00:00:30,00:10:30,00:06:15,00:06:30
religious_03__clip0024.wav,religious_03,24,religious,Formal recited register,https://youtu.be/tXdOF6zn0sQ?si=ZlZSJtY-tiQYdnXi,00:00:30,00:10:30,00:06:30,00:06:45
religious_03__clip0025.wav,religious_03,25,religious,Formal recited register,https://youtu.be/tXdOF6zn0sQ?si=ZlZSJtY-tiQYdnXi,00:00:30,00:10:30,00:06:45,00:07:00
religious_03__clip0026.wav,religious_03,26,religious,Formal recited register,https://youtu.be/tXdOF6zn0sQ?si=ZlZSJtY-tiQYdnXi,00:00:30,00:10:30,00:07:00,00:07:15
religious_03__clip0027.wav,religious_03,27,religious,Formal recited register,https://youtu.be/tXdOF6zn0sQ?si=ZlZSJtY-tiQYdnXi,00:00:30,00:10:30,00:07:15,00:07:30
religious_03__clip0028.wav,religious_03,28,religious,Formal recited register,https://youtu.be/tXdOF6zn0sQ?si=ZlZSJtY-tiQYdnXi,00:00:30,00:10:30,00:07:30,00:07:45
religious_03__clip0029.wav,religious_03,29,religious,Formal recited register,https://youtu.be/tXdOF6zn0sQ?si=ZlZSJtY-tiQYdnXi,00:00:30,00:10:30,00:07:45,00:08:00
religious_03__clip0030.wav,religious_03,30,religious,Formal recited register,https://youtu.be/tXdOF6zn0sQ?si=ZlZSJtY-tiQYdnXi,00:00:30,00:10:30,00:08:00,00:08:15
religious_03__clip0031.wav,religious_03,31,religious,Formal recited register,https://youtu.be/tXdOF6zn0sQ?si=ZlZSJtY-tiQYdnXi,00:00:30,00:10:30,00:08:15,00:08:30
religious_03__clip0032.wav,religious_03,32,religious,Formal recited register,https://youtu.be/tXdOF6zn0sQ?si=ZlZSJtY-tiQYdnXi,00:00:30,00:10:30,00:08:30,00:08:45
religious_03__clip0033.wav,religious_03,33,religious,Formal recited register,https://youtu.be/tXdOF6zn0sQ?si=ZlZSJtY-tiQYdnXi,00:00:30,00:10:30,00:08:45,00:09:00
religious_03__clip0034.wav,religious_03,34,religious,Formal recited register,https://youtu.be/tXdOF6zn0sQ?si=ZlZSJtY-tiQYdnXi,00:00:30,00:10:30,00:09:00,00:09:15
religious_03__clip0035.wav,religious_03,35,religious,Formal recited register,https://youtu.be/tXdOF6zn0sQ?si=ZlZSJtY-tiQYdnXi,00:00:30,00:10:30,00:09:15,00:09:30
religious_03__clip0036.wav,religious_03,36,religious,Formal recited register,https://youtu.be/tXdOF6zn0sQ?si=ZlZSJtY-tiQYdnXi,00:00:30,00:10:30,00:09:30,00:09:45
religious_03__clip0037.wav,religious_03,37,religious,Formal recited register,https://youtu.be/tXdOF6zn0sQ?si=ZlZSJtY-tiQYdnXi,00:00:30,00:10:30,00:09:45,00:10:00
religious_03__clip0038.wav,religious_03,38,religious,Formal recited register,https://youtu.be/tXdOF6zn0sQ?si=ZlZSJtY-tiQYdnXi,00:00:30,00:10:30,00:10:00,00:10:15
religious_03__clip0039.wav,religious_03,39,religious,Formal recited register,https://youtu.be/tXdOF6zn0sQ?si=ZlZSJtY-tiQYdnXi,00:00:30,00:10:30,00:10:15,00:10:30
drama_01__clip0000.wav,drama_01,0,drama,Levantine,https://youtu.be/Savl4tXOetM?si=piEWWhAa0fId4iKA,00:00:30,00:10:30,00:00:30,00:00:45
drama_01__clip0001.wav,drama_01,1,drama,Levantine,https://youtu.be/Savl4tXOetM?si=piEWWhAa0fId4iKA,00:00:30,00:10:30,00:00:45,00:01:00
drama_01__clip0002.wav,drama_01,2,drama,Levantine,https://youtu.be/Savl4tXOetM?si=piEWWhAa0fId4iKA,00:00:30,00:10:30,00:01:00,00:01:15
drama_01__clip0003.wav,drama_01,3,drama,Levantine,https://youtu.be/Savl4tXOetM?si=piEWWhAa0fId4iKA,00:00:30,00:10:30,00:01:15,00:01:30
drama_01__clip0004.wav,drama_01,4,drama,Levantine,https://youtu.be/Savl4tXOetM?si=piEWWhAa0fId4iKA,00:00:30,00:10:30,00:01:30,00:01:45
drama_01__clip0005.wav,drama_01,5,drama,Levantine,https://youtu.be/Savl4tXOetM?si=piEWWhAa0fId4iKA,00:00:30,00:10:30,00:01:45,00:02:00
drama_01__clip0006.wav,drama_01,6,drama,Levantine,https://youtu.be/Savl4tXOetM?si=piEWWhAa0fId4iKA,00:00:30,00:10:30,00:02:00,00:02:15
drama_01__clip0007.wav,drama_01,7,drama,Levantine,https://youtu.be/Savl4tXOetM?si=piEWWhAa0fId4iKA,00:00:30,00:10:30,00:02:15,00:02:30
drama_01__clip0008.wav,drama_01,8,drama,Levantine,https://youtu.be/Savl4tXOetM?si=piEWWhAa0fId4iKA,00:00:30,00:10:30,00:02:30,00:02:45
drama_01__clip0009.wav,drama_01,9,drama,Levantine,https://youtu.be/Savl4tXOetM?si=piEWWhAa0fId4iKA,00:00:30,00:10:30,00:02:45,00:03:00
drama_01__clip0010.wav,drama_01,10,drama,Levantine,https://youtu.be/Savl4tXOetM?si=piEWWhAa0fId4iKA,00:00:30,00:10:30,00:03:00,00:03:15
drama_01__clip0011.wav,drama_01,11,drama,Levantine,https://youtu.be/Savl4tXOetM?si=piEWWhAa0fId4iKA,00:00:30,00:10:30,00:03:15,00:03:30
drama_01__clip0012.wav,drama_01,12,drama,Levantine,https://youtu.be/Savl4tXOetM?si=piEWWhAa0fId4iKA,00:00:30,00:10:30,00:03:30,00:03:45
drama_01__clip0013.wav,drama_01,13,drama,Levantine,https://youtu.be/Savl4tXOetM?si=piEWWhAa0fId4iKA,00:00:30,00:10:30,00:03:45,00:04:00
drama_01__clip0014.wav,drama_01,14,drama,Levantine,https://youtu.be/Savl4tXOetM?si=piEWWhAa0fId4iKA,00:00:30,00:10:30,00:04:00,00:04:15
drama_01__clip0015.wav,drama_01,15,drama,Levantine,https://youtu.be/Savl4tXOetM?si=piEWWhAa0fId4iKA,00:00:30,00:10:30,00:04:15,00:04:30
drama_01__clip0016.wav,drama_01,16,drama,Levantine,https://youtu.be/Savl4tXOetM?si=piEWWhAa0fId4iKA,00:00:30,00:10:30,00:04:30,00:04:45
drama_01__clip0017.wav,drama_01,17,drama,Levantine,https://youtu.be/Savl4tXOetM?si=piEWWhAa0fId4iKA,00:00:30,00:10:30,00:04:45,00:05:00
drama_01__clip0018.wav,drama_01,18,drama,Levantine,https://youtu.be/Savl4tXOetM?si=piEWWhAa0fId4iKA,00:00:30,00:10:30,00:05:00,00:05:15
drama_01__clip0019.wav,drama_01,19,drama,Levantine,https://youtu.be/Savl4tXOetM?si=piEWWhAa0fId4iKA,00:00:30,00:10:30,00:05:15,00:05:30
drama_01__clip0020.wav,drama_01,20,drama,Levantine,https://youtu.be/Savl4tXOetM?si=piEWWhAa0fId4iKA,00:00:30,00:10:30,00:05:30,00:05:45
drama_01__clip0021.wav,drama_01,21,drama,Levantine,https://youtu.be/Savl4tXOetM?si=piEWWhAa0fId4iKA,00:00:30,00:10:30,00:05:45,00:06:00
drama_01__clip0022.wav,drama_01,22,drama,Levantine,https://youtu.be/Savl4tXOetM?si=piEWWhAa0fId4iKA,00:00:30,00:10:30,00:06:00,00:06:15
drama_01__clip0023.wav,drama_01,23,drama,Levantine,https://youtu.be/Savl4tXOetM?si=piEWWhAa0fId4iKA,00:00:30,00:10:30,00:06:15,00:06:30
drama_01__clip0024.wav,drama_01,24,drama,Levantine,https://youtu.be/Savl4tXOetM?si=piEWWhAa0fId4iKA,00:00:30,00:10:30,00:06:30,00:06:45
drama_01__clip0025.wav,drama_01,25,drama,Levantine,https://youtu.be/Savl4tXOetM?si=piEWWhAa0fId4iKA,00:00:30,00:10:30,00:06:45,00:07:00
drama_01__clip0026.wav,drama_01,26,drama,Levantine,https://youtu.be/Savl4tXOetM?si=piEWWhAa0fId4iKA,00:00:30,00:10:30,00:07:00,00:07:15
drama_01__clip0027.wav,drama_01,27,drama,Levantine,https://youtu.be/Savl4tXOetM?si=piEWWhAa0fId4iKA,00:00:30,00:10:30,00:07:15,00:07:30
drama_01__clip0028.wav,drama_01,28,drama,Levantine,https://youtu.be/Savl4tXOetM?si=piEWWhAa0fId4iKA,00:00:30,00:10:30,00:07:30,00:07:45
drama_01__clip0029.wav,drama_01,29,drama,Levantine,https://youtu.be/Savl4tXOetM?si=piEWWhAa0fId4iKA,00:00:30,00:10:30,00:07:45,00:08:00
drama_01__clip0030.wav,drama_01,30,drama,Levantine,https://youtu.be/Savl4tXOetM?si=piEWWhAa0fId4iKA,00:00:30,00:10:30,00:08:00,00:08:15
drama_01__clip0031.wav,drama_01,31,drama,Levantine,https://youtu.be/Savl4tXOetM?si=piEWWhAa0fId4iKA,00:00:30,00:10:30,00:08:15,00:08:30
drama_01__clip0032.wav,drama_01,32,drama,Levantine,https://youtu.be/Savl4tXOetM?si=piEWWhAa0fId4iKA,00:00:30,00:10:30,00:08:30,00:08:45
drama_01__clip0033.wav,drama_01,33,drama,Levantine,https://youtu.be/Savl4tXOetM?si=piEWWhAa0fId4iKA,00:00:30,00:10:30,00:08:45,00:09:00
drama_01__clip0034.wav,drama_01,34,drama,Levantine,https://youtu.be/Savl4tXOetM?si=piEWWhAa0fId4iKA,00:00:30,00:10:30,00:09:00,00:09:15
drama_01__clip0035.wav,drama_01,35,drama,Levantine,https://youtu.be/Savl4tXOetM?si=piEWWhAa0fId4iKA,00:00:30,00:10:30,00:09:15,00:09:30
drama_01__clip0036.wav,drama_01,36,drama,Levantine,https://youtu.be/Savl4tXOetM?si=piEWWhAa0fId4iKA,00:00:30,00:10:30,00:09:30,00:09:45
drama_01__clip0037.wav,drama_01,37,drama,Levantine,https://youtu.be/Savl4tXOetM?si=piEWWhAa0fId4iKA,00:00:30,00:10:30,00:09:45,00:10:00
drama_01__clip0038.wav,drama_01,38,drama,Levantine,https://youtu.be/Savl4tXOetM?si=piEWWhAa0fId4iKA,00:00:30,00:10:30,00:10:00,00:10:15
drama_01__clip0039.wav,drama_01,39,drama,Levantine,https://youtu.be/Savl4tXOetM?si=piEWWhAa0fId4iKA,00:00:30,00:10:30,00:10:15,00:10:30
drama_02__clip0000.wav,drama_02,0,drama,Gulf,https://youtu.be/BhKkurOzfUE?si=MLN2OXqsk1kfWXmH,00:00:30,00:10:30,00:00:30,00:00:45
drama_02__clip0001.wav,drama_02,1,drama,Gulf,https://youtu.be/BhKkurOzfUE?si=MLN2OXqsk1kfWXmH,00:00:30,00:10:30,00:00:45,00:01:00
drama_02__clip0002.wav,drama_02,2,drama,Gulf,https://youtu.be/BhKkurOzfUE?si=MLN2OXqsk1kfWXmH,00:00:30,00:10:30,00:01:00,00:01:15
drama_02__clip0003.wav,drama_02,3,drama,Gulf,https://youtu.be/BhKkurOzfUE?si=MLN2OXqsk1kfWXmH,00:00:30,00:10:30,00:01:15,00:01:30
drama_02__clip0004.wav,drama_02,4,drama,Gulf,https://youtu.be/BhKkurOzfUE?si=MLN2OXqsk1kfWXmH,00:00:30,00:10:30,00:01:30,00:01:45
drama_02__clip0005.wav,drama_02,5,drama,Gulf,https://youtu.be/BhKkurOzfUE?si=MLN2OXqsk1kfWXmH,00:00:30,00:10:30,00:01:45,00:02:00
drama_02__clip0006.wav,drama_02,6,drama,Gulf,https://youtu.be/BhKkurOzfUE?si=MLN2OXqsk1kfWXmH,00:00:30,00:10:30,00:02:00,00:02:15
drama_02__clip0007.wav,drama_02,7,drama,Gulf,https://youtu.be/BhKkurOzfUE?si=MLN2OXqsk1kfWXmH,00:00:30,00:10:30,00:02:15,00:02:30
drama_02__clip0008.wav,drama_02,8,drama,Gulf,https://youtu.be/BhKkurOzfUE?si=MLN2OXqsk1kfWXmH,00:00:30,00:10:30,00:02:30,00:02:45
drama_02__clip0009.wav,drama_02,9,drama,Gulf,https://youtu.be/BhKkurOzfUE?si=MLN2OXqsk1kfWXmH,00:00:30,00:10:30,00:02:45,00:03:00
drama_02__clip0010.wav,drama_02,10,drama,Gulf,https://youtu.be/BhKkurOzfUE?si=MLN2OXqsk1kfWXmH,00:00:30,00:10:30,00:03:00,00:03:15
drama_02__clip0011.wav,drama_02,11,drama,Gulf,https://youtu.be/BhKkurOzfUE?si=MLN2OXqsk1kfWXmH,00:00:30,00:10:30,00:03:15,00:03:30
drama_02__clip0012.wav,drama_02,12,drama,Gulf,https://youtu.be/BhKkurOzfUE?si=MLN2OXqsk1kfWXmH,00:00:30,00:10:30,00:03:30,00:03:45
drama_02__clip0013.wav,drama_02,13,drama,Gulf,https://youtu.be/BhKkurOzfUE?si=MLN2OXqsk1kfWXmH,00:00:30,00:10:30,00:03:45,00:04:00
drama_02__clip0014.wav,drama_02,14,drama,Gulf,https://youtu.be/BhKkurOzfUE?si=MLN2OXqsk1kfWXmH,00:00:30,00:10:30,00:04:00,00:04:15
drama_02__clip0015.wav,drama_02,15,drama,Gulf,https://youtu.be/BhKkurOzfUE?si=MLN2OXqsk1kfWXmH,00:00:30,00:10:30,00:04:15,00:04:30
drama_02__clip0016.wav,drama_02,16,drama,Gulf,https://youtu.be/BhKkurOzfUE?si=MLN2OXqsk1kfWXmH,00:00:30,00:10:30,00:04:30,00:04:45
drama_02__clip0017.wav,drama_02,17,drama,Gulf,https://youtu.be/BhKkurOzfUE?si=MLN2OXqsk1kfWXmH,00:00:30,00:10:30,00:04:45,00:05:00
drama_02__clip0018.wav,drama_02,18,drama,Gulf,https://youtu.be/BhKkurOzfUE?si=MLN2OXqsk1kfWXmH,00:00:30,00:10:30,00:05:00,00:05:15
drama_02__clip0019.wav,drama_02,19,drama,Gulf,https://youtu.be/BhKkurOzfUE?si=MLN2OXqsk1kfWXmH,00:00:30,00:10:30,00:05:15,00:05:30
drama_02__clip0020.wav,drama_02,20,drama,Gulf,https://youtu.be/BhKkurOzfUE?si=MLN2OXqsk1kfWXmH,00:00:30,00:10:30,00:05:30,00:05:45
drama_02__clip0021.wav,drama_02,21,drama,Gulf,https://youtu.be/BhKkurOzfUE?si=MLN2OXqsk1kfWXmH,00:00:30,00:10:30,00:05:45,00:06:00
drama_02__clip0022.wav,drama_02,22,drama,Gulf,https://youtu.be/BhKkurOzfUE?si=MLN2OXqsk1kfWXmH,00:00:30,00:10:30,00:06:00,00:06:15
drama_02__clip0023.wav,drama_02,23,drama,Gulf,https://youtu.be/BhKkurOzfUE?si=MLN2OXqsk1kfWXmH,00:00:30,00:10:30,00:06:15,00:06:30
drama_02__clip0024.wav,drama_02,24,drama,Gulf,https://youtu.be/BhKkurOzfUE?si=MLN2OXqsk1kfWXmH,00:00:30,00:10:30,00:06:30,00:06:45
drama_02__clip0025.wav,drama_02,25,drama,Gulf,https://youtu.be/BhKkurOzfUE?si=MLN2OXqsk1kfWXmH,00:00:30,00:10:30,00:06:45,00:07:00
drama_02__clip0026.wav,drama_02,26,drama,Gulf,https://youtu.be/BhKkurOzfUE?si=MLN2OXqsk1kfWXmH,00:00:30,00:10:30,00:07:00,00:07:15
drama_02__clip0027.wav,drama_02,27,drama,Gulf,https://youtu.be/BhKkurOzfUE?si=MLN2OXqsk1kfWXmH,00:00:30,00:10:30,00:07:15,00:07:30
drama_02__clip0028.wav,drama_02,28,drama,Gulf,https://youtu.be/BhKkurOzfUE?si=MLN2OXqsk1kfWXmH,00:00:30,00:10:30,00:07:30,00:07:45
drama_02__clip0029.wav,drama_02,29,drama,Gulf,https://youtu.be/BhKkurOzfUE?si=MLN2OXqsk1kfWXmH,00:00:30,00:10:30,00:07:45,00:08:00
drama_02__clip0030.wav,drama_02,30,drama,Gulf,https://youtu.be/BhKkurOzfUE?si=MLN2OXqsk1kfWXmH,00:00:30,00:10:30,00:08:00,00:08:15
drama_02__clip0031.wav,drama_02,31,drama,Gulf,https://youtu.be/BhKkurOzfUE?si=MLN2OXqsk1kfWXmH,00:00:30,00:10:30,00:08:15,00:08:30
drama_02__clip0032.wav,drama_02,32,drama,Gulf,https://youtu.be/BhKkurOzfUE?si=MLN2OXqsk1kfWXmH,00:00:30,00:10:30,00:08:30,00:08:45
drama_02__clip0033.wav,drama_02,33,drama,Gulf,https://youtu.be/BhKkurOzfUE?si=MLN2OXqsk1kfWXmH,00:00:30,00:10:30,00:08:45,00:09:00
drama_02__clip0034.wav,drama_02,34,drama,Gulf,https://youtu.be/BhKkurOzfUE?si=MLN2OXqsk1kfWXmH,00:00:30,00:10:30,00:09:00,00:09:15
drama_02__clip0035.wav,drama_02,35,drama,Gulf,https://youtu.be/BhKkurOzfUE?si=MLN2OXqsk1kfWXmH,00:00:30,00:10:30,00:09:15,00:09:30
drama_02__clip0036.wav,drama_02,36,drama,Gulf,https://youtu.be/BhKkurOzfUE?si=MLN2OXqsk1kfWXmH,00:00:30,00:10:30,00:09:30,00:09:45
drama_02__clip0037.wav,drama_02,37,drama,Gulf,https://youtu.be/BhKkurOzfUE?si=MLN2OXqsk1kfWXmH,00:00:30,00:10:30,00:09:45,00:10:00
drama_02__clip0038.wav,drama_02,38,drama,Gulf,https://youtu.be/BhKkurOzfUE?si=MLN2OXqsk1kfWXmH,00:00:30,00:10:30,00:10:00,00:10:15
drama_02__clip0039.wav,drama_02,39,drama,Gulf,https://youtu.be/BhKkurOzfUE?si=MLN2OXqsk1kfWXmH,00:00:30,00:10:30,00:10:15,00:10:30
drama_03__clip0000.wav,drama_03,0,drama,Kuwaiti,https://www.youtube.com/watch?v=_9LHd93WxS8,00:00:30,00:10:30,00:00:30,00:00:45
drama_03__clip0001.wav,drama_03,1,drama,Kuwaiti,https://www.youtube.com/watch?v=_9LHd93WxS8,00:00:30,00:10:30,00:00:45,00:01:00
drama_03__clip0002.wav,drama_03,2,drama,Kuwaiti,https://www.youtube.com/watch?v=_9LHd93WxS8,00:00:30,00:10:30,00:01:00,00:01:15
drama_03__clip0003.wav,drama_03,3,drama,Kuwaiti,https://www.youtube.com/watch?v=_9LHd93WxS8,00:00:30,00:10:30,00:01:15,00:01:30
drama_03__clip0004.wav,drama_03,4,drama,Kuwaiti,https://www.youtube.com/watch?v=_9LHd93WxS8,00:00:30,00:10:30,00:01:30,00:01:45
drama_03__clip0005.wav,drama_03,5,drama,Kuwaiti,https://www.youtube.com/watch?v=_9LHd93WxS8,00:00:30,00:10:30,00:01:45,00:02:00
drama_03__clip0006.wav,drama_03,6,drama,Kuwaiti,https://www.youtube.com/watch?v=_9LHd93WxS8,00:00:30,00:10:30,00:02:00,00:02:15
drama_03__clip0007.wav,drama_03,7,drama,Kuwaiti,https://www.youtube.com/watch?v=_9LHd93WxS8,00:00:30,00:10:30,00:02:15,00:02:30
drama_03__clip0008.wav,drama_03,8,drama,Kuwaiti,https://www.youtube.com/watch?v=_9LHd93WxS8,00:00:30,00:10:30,00:02:30,00:02:45
drama_03__clip0009.wav,drama_03,9,drama,Kuwaiti,https://www.youtube.com/watch?v=_9LHd93WxS8,00:00:30,00:10:30,00:02:45,00:03:00
drama_03__clip0010.wav,drama_03,10,drama,Kuwaiti,https://www.youtube.com/watch?v=_9LHd93WxS8,00:00:30,00:10:30,00:03:00,00:03:15
drama_03__clip0011.wav,drama_03,11,drama,Kuwaiti,https://www.youtube.com/watch?v=_9LHd93WxS8,00:00:30,00:10:30,00:03:15,00:03:30
drama_03__clip0012.wav,drama_03,12,drama,Kuwaiti,https://www.youtube.com/watch?v=_9LHd93WxS8,00:00:30,00:10:30,00:03:30,00:03:45
drama_03__clip0013.wav,drama_03,13,drama,Kuwaiti,https://www.youtube.com/watch?v=_9LHd93WxS8,00:00:30,00:10:30,00:03:45,00:04:00
drama_03__clip0014.wav,drama_03,14,drama,Kuwaiti,https://www.youtube.com/watch?v=_9LHd93WxS8,00:00:30,00:10:30,00:04:00,00:04:15
drama_03__clip0015.wav,drama_03,15,drama,Kuwaiti,https://www.youtube.com/watch?v=_9LHd93WxS8,00:00:30,00:10:30,00:04:15,00:04:30
drama_03__clip0016.wav,drama_03,16,drama,Kuwaiti,https://www.youtube.com/watch?v=_9LHd93WxS8,00:00:30,00:10:30,00:04:30,00:04:45
drama_03__clip0017.wav,drama_03,17,drama,Kuwaiti,https://www.youtube.com/watch?v=_9LHd93WxS8,00:00:30,00:10:30,00:04:45,00:05:00
drama_03__clip0018.wav,drama_03,18,drama,Kuwaiti,https://www.youtube.com/watch?v=_9LHd93WxS8,00:00:30,00:10:30,00:05:00,00:05:15
drama_03__clip0019.wav,drama_03,19,drama,Kuwaiti,https://www.youtube.com/watch?v=_9LHd93WxS8,00:00:30,00:10:30,00:05:15,00:05:30
drama_03__clip0020.wav,drama_03,20,drama,Kuwaiti,https://www.youtube.com/watch?v=_9LHd93WxS8,00:00:30,00:10:30,00:05:30,00:05:45
drama_03__clip0021.wav,drama_03,21,drama,Kuwaiti,https://www.youtube.com/watch?v=_9LHd93WxS8,00:00:30,00:10:30,00:05:45,00:06:00
drama_03__clip0022.wav,drama_03,22,drama,Kuwaiti,https://www.youtube.com/watch?v=_9LHd93WxS8,00:00:30,00:10:30,00:06:00,00:06:15
drama_03__clip0023.wav,drama_03,23,drama,Kuwaiti,https://www.youtube.com/watch?v=_9LHd93WxS8,00:00:30,00:10:30,00:06:15,00:06:30
drama_03__clip0024.wav,drama_03,24,drama,Kuwaiti,https://www.youtube.com/watch?v=_9LHd93WxS8,00:00:30,00:10:30,00:06:30,00:06:45
drama_03__clip0025.wav,drama_03,25,drama,Kuwaiti,https://www.youtube.com/watch?v=_9LHd93WxS8,00:00:30,00:10:30,00:06:45,00:07:00
drama_03__clip0026.wav,drama_03,26,drama,Kuwaiti,https://www.youtube.com/watch?v=_9LHd93WxS8,00:00:30,00:10:30,00:07:00,00:07:15
drama_03__clip0027.wav,drama_03,27,drama,Kuwaiti,https://www.youtube.com/watch?v=_9LHd93WxS8,00:00:30,00:10:30,00:07:15,00:07:30
drama_03__clip0028.wav,drama_03,28,drama,Kuwaiti,https://www.youtube.com/watch?v=_9LHd93WxS8,00:00:30,00:10:30,00:07:30,00:07:45
drama_03__clip0029.wav,drama_03,29,drama,Kuwaiti,https://www.youtube.com/watch?v=_9LHd93WxS8,00:00:30,00:10:30,00:07:45,00:08:00
drama_03__clip0030.wav,drama_03,30,drama,Kuwaiti,https://www.youtube.com/watch?v=_9LHd93WxS8,00:00:30,00:10:30,00:08:00,00:08:15
drama_03__clip0031.wav,drama_03,31,drama,Kuwaiti,https://www.youtube.com/watch?v=_9LHd93WxS8,00:00:30,00:10:30,00:08:15,00:08:30
drama_03__clip0032.wav,drama_03,32,drama,Kuwaiti,https://www.youtube.com/watch?v=_9LHd93WxS8,00:00:30,00:10:30,00:08:30,00:08:45
drama_03__clip0033.wav,drama_03,33,drama,Kuwaiti,https://www.youtube.com/watch?v=_9LHd93WxS8,00:00:30,00:10:30,00:08:45,00:09:00
drama_03__clip0034.wav,drama_03,34,drama,Kuwaiti,https://www.youtube.com/watch?v=_9LHd93WxS8,00:00:30,00:10:30,00:09:00,00:09:15
drama_03__clip0035.wav,drama_03,35,drama,Kuwaiti,https://www.youtube.com/watch?v=_9LHd93WxS8,00:00:30,00:10:30,00:09:15,00:09:30
drama_03__clip0036.wav,drama_03,36,drama,Kuwaiti,https://www.youtube.com/watch?v=_9LHd93WxS8,00:00:30,00:10:30,00:09:30,00:09:45
drama_03__clip0037.wav,drama_03,37,drama,Kuwaiti,https://www.youtube.com/watch?v=_9LHd93WxS8,00:00:30,00:10:30,00:09:45,00:10:00
drama_03__clip0038.wav,drama_03,38,drama,Kuwaiti,https://www.youtube.com/watch?v=_9LHd93WxS8,00:00:30,00:10:30,00:10:00,00:10:15
drama_03__clip0039.wav,drama_03,39,drama,Kuwaiti,https://www.youtube.com/watch?v=_9LHd93WxS8,00:00:30,00:10:30,00:10:15,00:10:30
drama_04__clip0000.wav,drama_04,0,drama,Saudi,https://youtu.be/q21lZnAVRuM?si=BNQ_115WLvXjo7-W,00:00:30,00:10:30,00:00:30,00:00:45
drama_04__clip0001.wav,drama_04,1,drama,Saudi,https://youtu.be/q21lZnAVRuM?si=BNQ_115WLvXjo7-W,00:00:30,00:10:30,00:00:45,00:01:00
drama_04__clip0002.wav,drama_04,2,drama,Saudi,https://youtu.be/q21lZnAVRuM?si=BNQ_115WLvXjo7-W,00:00:30,00:10:30,00:01:00,00:01:15
drama_04__clip0003.wav,drama_04,3,drama,Saudi,https://youtu.be/q21lZnAVRuM?si=BNQ_115WLvXjo7-W,00:00:30,00:10:30,00:01:15,00:01:30
drama_04__clip0004.wav,drama_04,4,drama,Saudi,https://youtu.be/q21lZnAVRuM?si=BNQ_115WLvXjo7-W,00:00:30,00:10:30,00:01:30,00:01:45
drama_04__clip0005.wav,drama_04,5,drama,Saudi,https://youtu.be/q21lZnAVRuM?si=BNQ_115WLvXjo7-W,00:00:30,00:10:30,00:01:45,00:02:00
drama_04__clip0006.wav,drama_04,6,drama,Saudi,https://youtu.be/q21lZnAVRuM?si=BNQ_115WLvXjo7-W,00:00:30,00:10:30,00:02:00,00:02:15
drama_04__clip0007.wav,drama_04,7,drama,Saudi,https://youtu.be/q21lZnAVRuM?si=BNQ_115WLvXjo7-W,00:00:30,00:10:30,00:02:15,00:02:30
drama_04__clip0008.wav,drama_04,8,drama,Saudi,https://youtu.be/q21lZnAVRuM?si=BNQ_115WLvXjo7-W,00:00:30,00:10:30,00:02:30,00:02:45
drama_04__clip0009.wav,drama_04,9,drama,Saudi,https://youtu.be/q21lZnAVRuM?si=BNQ_115WLvXjo7-W,00:00:30,00:10:30,00:02:45,00:03:00
drama_04__clip0010.wav,drama_04,10,drama,Saudi,https://youtu.be/q21lZnAVRuM?si=BNQ_115WLvXjo7-W,00:00:30,00:10:30,00:03:00,00:03:15
drama_04__clip0011.wav,drama_04,11,drama,Saudi,https://youtu.be/q21lZnAVRuM?si=BNQ_115WLvXjo7-W,00:00:30,00:10:30,00:03:15,00:03:30
drama_04__clip0012.wav,drama_04,12,drama,Saudi,https://youtu.be/q21lZnAVRuM?si=BNQ_115WLvXjo7-W,00:00:30,00:10:30,00:03:30,00:03:45
drama_04__clip0013.wav,drama_04,13,drama,Saudi,https://youtu.be/q21lZnAVRuM?si=BNQ_115WLvXjo7-W,00:00:30,00:10:30,00:03:45,00:04:00
drama_04__clip0014.wav,drama_04,14,drama,Saudi,https://youtu.be/q21lZnAVRuM?si=BNQ_115WLvXjo7-W,00:00:30,00:10:30,00:04:00,00:04:15
drama_04__clip0015.wav,drama_04,15,drama,Saudi,https://youtu.be/q21lZnAVRuM?si=BNQ_115WLvXjo7-W,00:00:30,00:10:30,00:04:15,00:04:30
drama_04__clip0016.wav,drama_04,16,drama,Saudi,https://youtu.be/q21lZnAVRuM?si=BNQ_115WLvXjo7-W,00:00:30,00:10:30,00:04:30,00:04:45
drama_04__clip0017.wav,drama_04,17,drama,Saudi,https://youtu.be/q21lZnAVRuM?si=BNQ_115WLvXjo7-W,00:00:30,00:10:30,00:04:45,00:05:00
drama_04__clip0018.wav,drama_04,18,drama,Saudi,https://youtu.be/q21lZnAVRuM?si=BNQ_115WLvXjo7-W,00:00:30,00:10:30,00:05:00,00:05:15
drama_04__clip0019.wav,drama_04,19,drama,Saudi,https://youtu.be/q21lZnAVRuM?si=BNQ_115WLvXjo7-W,00:00:30,00:10:30,00:05:15,00:05:30
drama_04__clip0020.wav,drama_04,20,drama,Saudi,https://youtu.be/q21lZnAVRuM?si=BNQ_115WLvXjo7-W,00:00:30,00:10:30,00:05:30,00:05:45
drama_04__clip0021.wav,drama_04,21,drama,Saudi,https://youtu.be/q21lZnAVRuM?si=BNQ_115WLvXjo7-W,00:00:30,00:10:30,00:05:45,00:06:00
drama_04__clip0022.wav,drama_04,22,drama,Saudi,https://youtu.be/q21lZnAVRuM?si=BNQ_115WLvXjo7-W,00:00:30,00:10:30,00:06:00,00:06:15
drama_04__clip0023.wav,drama_04,23,drama,Saudi,https://youtu.be/q21lZnAVRuM?si=BNQ_115WLvXjo7-W,00:00:30,00:10:30,00:06:15,00:06:30
drama_04__clip0024.wav,drama_04,24,drama,Saudi,https://youtu.be/q21lZnAVRuM?si=BNQ_115WLvXjo7-W,00:00:30,00:10:30,00:06:30,00:06:45
drama_04__clip0025.wav,drama_04,25,drama,Saudi,https://youtu.be/q21lZnAVRuM?si=BNQ_115WLvXjo7-W,00:00:30,00:10:30,00:06:45,00:07:00
drama_04__clip0026.wav,drama_04,26,drama,Saudi,https://youtu.be/q21lZnAVRuM?si=BNQ_115WLvXjo7-W,00:00:30,00:10:30,00:07:00,00:07:15
drama_04__clip0027.wav,drama_04,27,drama,Saudi,https://youtu.be/q21lZnAVRuM?si=BNQ_115WLvXjo7-W,00:00:30,00:10:30,00:07:15,00:07:30
drama_04__clip0028.wav,drama_04,28,drama,Saudi,https://youtu.be/q21lZnAVRuM?si=BNQ_115WLvXjo7-W,00:00:30,00:10:30,00:07:30,00:07:45
drama_04__clip0029.wav,drama_04,29,drama,Saudi,https://youtu.be/q21lZnAVRuM?si=BNQ_115WLvXjo7-W,00:00:30,00:10:30,00:07:45,00:08:00
drama_04__clip0030.wav,drama_04,30,drama,Saudi,https://youtu.be/q21lZnAVRuM?si=BNQ_115WLvXjo7-W,00:00:30,00:10:30,00:08:00,00:08:15
drama_04__clip0031.wav,drama_04,31,drama,Saudi,https://youtu.be/q21lZnAVRuM?si=BNQ_115WLvXjo7-W,00:00:30,00:10:30,00:08:15,00:08:30
drama_04__clip0032.wav,drama_04,32,drama,Saudi,https://youtu.be/q21lZnAVRuM?si=BNQ_115WLvXjo7-W,00:00:30,00:10:30,00:08:30,00:08:45
drama_04__clip0033.wav,drama_04,33,drama,Saudi,https://youtu.be/q21lZnAVRuM?si=BNQ_115WLvXjo7-W,00:00:30,00:10:30,00:08:45,00:09:00
drama_04__clip0034.wav,drama_04,34,drama,Saudi,https://youtu.be/q21lZnAVRuM?si=BNQ_115WLvXjo7-W,00:00:30,00:10:30,00:09:00,00:09:15
drama_04__clip0035.wav,drama_04,35,drama,Saudi,https://youtu.be/q21lZnAVRuM?si=BNQ_115WLvXjo7-W,00:00:30,00:10:30,00:09:15,00:09:30
drama_04__clip0036.wav,drama_04,36,drama,Saudi,https://youtu.be/q21lZnAVRuM?si=BNQ_115WLvXjo7-W,00:00:30,00:10:30,00:09:30,00:09:45
drama_04__clip0037.wav,drama_04,37,drama,Saudi,https://youtu.be/q21lZnAVRuM?si=BNQ_115WLvXjo7-W,00:00:30,00:10:30,00:09:45,00:10:00
drama_04__clip0038.wav,drama_04,38,drama,Saudi,https://youtu.be/q21lZnAVRuM?si=BNQ_115WLvXjo7-W,00:00:30,00:10:30,00:10:00,00:10:15
drama_04__clip0039.wav,drama_04,39,drama,Saudi,https://youtu.be/q21lZnAVRuM?si=BNQ_115WLvXjo7-W,00:00:30,00:10:30,00:10:15,00:10:30
drama_05__clip0000.wav,drama_05,0,drama,Egyptian,https://www.youtube.com/watch?v=CVdgG9EeR8A&list=PLj133TOhaCmeDhukjUGta7PlJQ2lguo24&index=4,00:00:30,00:10:30,00:00:30,00:00:45
drama_05__clip0001.wav,drama_05,1,drama,Egyptian,https://www.youtube.com/watch?v=CVdgG9EeR8A&list=PLj133TOhaCmeDhukjUGta7PlJQ2lguo24&index=4,00:00:30,00:10:30,00:00:45,00:01:00
drama_05__clip0002.wav,drama_05,2,drama,Egyptian,https://www.youtube.com/watch?v=CVdgG9EeR8A&list=PLj133TOhaCmeDhukjUGta7PlJQ2lguo24&index=4,00:00:30,00:10:30,00:01:00,00:01:15
drama_05__clip0003.wav,drama_05,3,drama,Egyptian,https://www.youtube.com/watch?v=CVdgG9EeR8A&list=PLj133TOhaCmeDhukjUGta7PlJQ2lguo24&index=4,00:00:30,00:10:30,00:01:15,00:01:30
drama_05__clip0004.wav,drama_05,4,drama,Egyptian,https://www.youtube.com/watch?v=CVdgG9EeR8A&list=PLj133TOhaCmeDhukjUGta7PlJQ2lguo24&index=4,00:00:30,00:10:30,00:01:30,00:01:45
drama_05__clip0005.wav,drama_05,5,drama,Egyptian,https://www.youtube.com/watch?v=CVdgG9EeR8A&list=PLj133TOhaCmeDhukjUGta7PlJQ2lguo24&index=4,00:00:30,00:10:30,00:01:45,00:02:00
drama_05__clip0006.wav,drama_05,6,drama,Egyptian,https://www.youtube.com/watch?v=CVdgG9EeR8A&list=PLj133TOhaCmeDhukjUGta7PlJQ2lguo24&index=4,00:00:30,00:10:30,00:02:00,00:02:15
drama_05__clip0007.wav,drama_05,7,drama,Egyptian,https://www.youtube.com/watch?v=CVdgG9EeR8A&list=PLj133TOhaCmeDhukjUGta7PlJQ2lguo24&index=4,00:00:30,00:10:30,00:02:15,00:02:30
drama_05__clip0008.wav,drama_05,8,drama,Egyptian,https://www.youtube.com/watch?v=CVdgG9EeR8A&list=PLj133TOhaCmeDhukjUGta7PlJQ2lguo24&index=4,00:00:30,00:10:30,00:02:30,00:02:45
drama_05__clip0009.wav,drama_05,9,drama,Egyptian,https://www.youtube.com/watch?v=CVdgG9EeR8A&list=PLj133TOhaCmeDhukjUGta7PlJQ2lguo24&index=4,00:00:30,00:10:30,00:02:45,00:03:00
drama_05__clip0010.wav,drama_05,10,drama,Egyptian,https://www.youtube.com/watch?v=CVdgG9EeR8A&list=PLj133TOhaCmeDhukjUGta7PlJQ2lguo24&index=4,00:00:30,00:10:30,00:03:00,00:03:15
drama_05__clip0011.wav,drama_05,11,drama,Egyptian,https://www.youtube.com/watch?v=CVdgG9EeR8A&list=PLj133TOhaCmeDhukjUGta7PlJQ2lguo24&index=4,00:00:30,00:10:30,00:03:15,00:03:30
drama_05__clip0012.wav,drama_05,12,drama,Egyptian,https://www.youtube.com/watch?v=CVdgG9EeR8A&list=PLj133TOhaCmeDhukjUGta7PlJQ2lguo24&index=4,00:00:30,00:10:30,00:03:30,00:03:45
drama_05__clip0013.wav,drama_05,13,drama,Egyptian,https://www.youtube.com/watch?v=CVdgG9EeR8A&list=PLj133TOhaCmeDhukjUGta7PlJQ2lguo24&index=4,00:00:30,00:10:30,00:03:45,00:04:00
drama_05__clip0014.wav,drama_05,14,drama,Egyptian,https://www.youtube.com/watch?v=CVdgG9EeR8A&list=PLj133TOhaCmeDhukjUGta7PlJQ2lguo24&index=4,00:00:30,00:10:30,00:04:00,00:04:15
drama_05__clip0015.wav,drama_05,15,drama,Egyptian,https://www.youtube.com/watch?v=CVdgG9EeR8A&list=PLj133TOhaCmeDhukjUGta7PlJQ2lguo24&index=4,00:00:30,00:10:30,00:04:15,00:04:30
drama_05__clip0016.wav,drama_05,16,drama,Egyptian,https://www.youtube.com/watch?v=CVdgG9EeR8A&list=PLj133TOhaCmeDhukjUGta7PlJQ2lguo24&index=4,00:00:30,00:10:30,00:04:30,00:04:45
drama_05__clip0017.wav,drama_05,17,drama,Egyptian,https://www.youtube.com/watch?v=CVdgG9EeR8A&list=PLj133TOhaCmeDhukjUGta7PlJQ2lguo24&index=4,00:00:30,00:10:30,00:04:45,00:05:00
drama_05__clip0018.wav,drama_05,18,drama,Egyptian,https://www.youtube.com/watch?v=CVdgG9EeR8A&list=PLj133TOhaCmeDhukjUGta7PlJQ2lguo24&index=4,00:00:30,00:10:30,00:05:00,00:05:15
drama_05__clip0019.wav,drama_05,19,drama,Egyptian,https://www.youtube.com/watch?v=CVdgG9EeR8A&list=PLj133TOhaCmeDhukjUGta7PlJQ2lguo24&index=4,00:00:30,00:10:30,00:05:15,00:05:30
drama_05__clip0020.wav,drama_05,20,drama,Egyptian,https://www.youtube.com/watch?v=CVdgG9EeR8A&list=PLj133TOhaCmeDhukjUGta7PlJQ2lguo24&index=4,00:00:30,00:10:30,00:05:30,00:05:45
drama_05__clip0021.wav,drama_05,21,drama,Egyptian,https://www.youtube.com/watch?v=CVdgG9EeR8A&list=PLj133TOhaCmeDhukjUGta7PlJQ2lguo24&index=4,00:00:30,00:10:30,00:05:45,00:06:00
drama_05__clip0022.wav,drama_05,22,drama,Egyptian,https://www.youtube.com/watch?v=CVdgG9EeR8A&list=PLj133TOhaCmeDhukjUGta7PlJQ2lguo24&index=4,00:00:30,00:10:30,00:06:00,00:06:15
drama_05__clip0023.wav,drama_05,23,drama,Egyptian,https://www.youtube.com/watch?v=CVdgG9EeR8A&list=PLj133TOhaCmeDhukjUGta7PlJQ2lguo24&index=4,00:00:30,00:10:30,00:06:15,00:06:30
drama_05__clip0024.wav,drama_05,24,drama,Egyptian,https://www.youtube.com/watch?v=CVdgG9EeR8A&list=PLj133TOhaCmeDhukjUGta7PlJQ2lguo24&index=4,00:00:30,00:10:30,00:06:30,00:06:45
drama_05__clip0025.wav,drama_05,25,drama,Egyptian,https://www.youtube.com/watch?v=CVdgG9EeR8A&list=PLj133TOhaCmeDhukjUGta7PlJQ2lguo24&index=4,00:00:30,00:10:30,00:06:45,00:07:00
drama_05__clip0026.wav,drama_05,26,drama,Egyptian,https://www.youtube.com/watch?v=CVdgG9EeR8A&list=PLj133TOhaCmeDhukjUGta7PlJQ2lguo24&index=4,00:00:30,00:10:30,00:07:00,00:07:15
drama_05__clip0027.wav,drama_05,27,drama,Egyptian,https://www.youtube.com/watch?v=CVdgG9EeR8A&list=PLj133TOhaCmeDhukjUGta7PlJQ2lguo24&index=4,00:00:30,00:10:30,00:07:15,00:07:30
drama_05__clip0028.wav,drama_05,28,drama,Egyptian,https://www.youtube.com/watch?v=CVdgG9EeR8A&list=PLj133TOhaCmeDhukjUGta7PlJQ2lguo24&index=4,00:00:30,00:10:30,00:07:30,00:07:45
drama_05__clip0029.wav,drama_05,29,drama,Egyptian,https://www.youtube.com/watch?v=CVdgG9EeR8A&list=PLj133TOhaCmeDhukjUGta7PlJQ2lguo24&index=4,00:00:30,00:10:30,00:07:45,00:08:00
drama_05__clip0030.wav,drama_05,30,drama,Egyptian,https://www.youtube.com/watch?v=CVdgG9EeR8A&list=PLj133TOhaCmeDhukjUGta7PlJQ2lguo24&index=4,00:00:30,00:10:30,00:08:00,00:08:15
drama_05__clip0031.wav,drama_05,31,drama,Egyptian,https://www.youtube.com/watch?v=CVdgG9EeR8A&list=PLj133TOhaCmeDhukjUGta7PlJQ2lguo24&index=4,00:00:30,00:10:30,00:08:15,00:08:30
drama_05__clip0032.wav,drama_05,32,drama,Egyptian,https://www.youtube.com/watch?v=CVdgG9EeR8A&list=PLj133TOhaCmeDhukjUGta7PlJQ2lguo24&index=4,00:00:30,00:10:30,00:08:30,00:08:45
drama_05__clip0033.wav,drama_05,33,drama,Egyptian,https://www.youtube.com/watch?v=CVdgG9EeR8A&list=PLj133TOhaCmeDhukjUGta7PlJQ2lguo24&index=4,00:00:30,00:10:30,00:08:45,00:09:00
drama_05__clip0034.wav,drama_05,34,drama,Egyptian,https://www.youtube.com/watch?v=CVdgG9EeR8A&list=PLj133TOhaCmeDhukjUGta7PlJQ2lguo24&index=4,00:00:30,00:10:30,00:09:00,00:09:15
drama_05__clip0035.wav,drama_05,35,drama,Egyptian,https://www.youtube.com/watch?v=CVdgG9EeR8A&list=PLj133TOhaCmeDhukjUGta7PlJQ2lguo24&index=4,00:00:30,00:10:30,00:09:15,00:09:30
drama_05__clip0036.wav,drama_05,36,drama,Egyptian,https://www.youtube.com/watch?v=CVdgG9EeR8A&list=PLj133TOhaCmeDhukjUGta7PlJQ2lguo24&index=4,00:00:30,00:10:30,00:09:30,00:09:45
drama_05__clip0037.wav,drama_05,37,drama,Egyptian,https://www.youtube.com/watch?v=CVdgG9EeR8A&list=PLj133TOhaCmeDhukjUGta7PlJQ2lguo24&index=4,00:00:30,00:10:30,00:09:45,00:10:00
drama_05__clip0038.wav,drama_05,38,drama,Egyptian,https://www.youtube.com/watch?v=CVdgG9EeR8A&list=PLj133TOhaCmeDhukjUGta7PlJQ2lguo24&index=4,00:00:30,00:10:30,00:10:00,00:10:15
drama_05__clip0039.wav,drama_05,39,drama,Egyptian,https://www.youtube.com/watch?v=CVdgG9EeR8A&list=PLj133TOhaCmeDhukjUGta7PlJQ2lguo24&index=4,00:00:30,00:10:30,00:10:15,00:10:30
talkshow_01__clip0000.wav,talkshow_01,0,talkshow,Saudi,https://youtu.be/BfnJ-be4a8Y?si=XOAP821p66-6fsBe,00:00:30,00:10:30,00:00:30,00:00:45
talkshow_01__clip0001.wav,talkshow_01,1,talkshow,Saudi,https://youtu.be/BfnJ-be4a8Y?si=XOAP821p66-6fsBe,00:00:30,00:10:30,00:00:45,00:01:00
talkshow_01__clip0002.wav,talkshow_01,2,talkshow,Saudi,https://youtu.be/BfnJ-be4a8Y?si=XOAP821p66-6fsBe,00:00:30,00:10:30,00:01:00,00:01:15
talkshow_01__clip0003.wav,talkshow_01,3,talkshow,Saudi,https://youtu.be/BfnJ-be4a8Y?si=XOAP821p66-6fsBe,00:00:30,00:10:30,00:01:15,00:01:30
talkshow_01__clip0004.wav,talkshow_01,4,talkshow,Saudi,https://youtu.be/BfnJ-be4a8Y?si=XOAP821p66-6fsBe,00:00:30,00:10:30,00:01:30,00:01:45
talkshow_01__clip0005.wav,talkshow_01,5,talkshow,Saudi,https://youtu.be/BfnJ-be4a8Y?si=XOAP821p66-6fsBe,00:00:30,00:10:30,00:01:45,00:02:00
talkshow_01__clip0006.wav,talkshow_01,6,talkshow,Saudi,https://youtu.be/BfnJ-be4a8Y?si=XOAP821p66-6fsBe,00:00:30,00:10:30,00:02:00,00:02:15
talkshow_01__clip0007.wav,talkshow_01,7,talkshow,Saudi,https://youtu.be/BfnJ-be4a8Y?si=XOAP821p66-6fsBe,00:00:30,00:10:30,00:02:15,00:02:30
talkshow_01__clip0008.wav,talkshow_01,8,talkshow,Saudi,https://youtu.be/BfnJ-be4a8Y?si=XOAP821p66-6fsBe,00:00:30,00:10:30,00:02:30,00:02:45
talkshow_01__clip0009.wav,talkshow_01,9,talkshow,Saudi,https://youtu.be/BfnJ-be4a8Y?si=XOAP821p66-6fsBe,00:00:30,00:10:30,00:02:45,00:03:00
talkshow_01__clip0010.wav,talkshow_01,10,talkshow,Saudi,https://youtu.be/BfnJ-be4a8Y?si=XOAP821p66-6fsBe,00:00:30,00:10:30,00:03:00,00:03:15
talkshow_01__clip0011.wav,talkshow_01,11,talkshow,Saudi,https://youtu.be/BfnJ-be4a8Y?si=XOAP821p66-6fsBe,00:00:30,00:10:30,00:03:15,00:03:30
talkshow_01__clip0012.wav,talkshow_01,12,talkshow,Saudi,https://youtu.be/BfnJ-be4a8Y?si=XOAP821p66-6fsBe,00:00:30,00:10:30,00:03:30,00:03:45
talkshow_01__clip0013.wav,talkshow_01,13,talkshow,Saudi,https://youtu.be/BfnJ-be4a8Y?si=XOAP821p66-6fsBe,00:00:30,00:10:30,00:03:45,00:04:00
talkshow_01__clip0014.wav,talkshow_01,14,talkshow,Saudi,https://youtu.be/BfnJ-be4a8Y?si=XOAP821p66-6fsBe,00:00:30,00:10:30,00:04:00,00:04:15
talkshow_01__clip0015.wav,talkshow_01,15,talkshow,Saudi,https://youtu.be/BfnJ-be4a8Y?si=XOAP821p66-6fsBe,00:00:30,00:10:30,00:04:15,00:04:30
talkshow_01__clip0016.wav,talkshow_01,16,talkshow,Saudi,https://youtu.be/BfnJ-be4a8Y?si=XOAP821p66-6fsBe,00:00:30,00:10:30,00:04:30,00:04:45
talkshow_01__clip0017.wav,talkshow_01,17,talkshow,Saudi,https://youtu.be/BfnJ-be4a8Y?si=XOAP821p66-6fsBe,00:00:30,00:10:30,00:04:45,00:05:00
talkshow_01__clip0018.wav,talkshow_01,18,talkshow,Saudi,https://youtu.be/BfnJ-be4a8Y?si=XOAP821p66-6fsBe,00:00:30,00:10:30,00:05:00,00:05:15
talkshow_01__clip0019.wav,talkshow_01,19,talkshow,Saudi,https://youtu.be/BfnJ-be4a8Y?si=XOAP821p66-6fsBe,00:00:30,00:10:30,00:05:15,00:05:30
talkshow_01__clip0020.wav,talkshow_01,20,talkshow,Saudi,https://youtu.be/BfnJ-be4a8Y?si=XOAP821p66-6fsBe,00:00:30,00:10:30,00:05:30,00:05:45
talkshow_01__clip0021.wav,talkshow_01,21,talkshow,Saudi,https://youtu.be/BfnJ-be4a8Y?si=XOAP821p66-6fsBe,00:00:30,00:10:30,00:05:45,00:06:00
talkshow_01__clip0022.wav,talkshow_01,22,talkshow,Saudi,https://youtu.be/BfnJ-be4a8Y?si=XOAP821p66-6fsBe,00:00:30,00:10:30,00:06:00,00:06:15
talkshow_01__clip0023.wav,talkshow_01,23,talkshow,Saudi,https://youtu.be/BfnJ-be4a8Y?si=XOAP821p66-6fsBe,00:00:30,00:10:30,00:06:15,00:06:30
talkshow_01__clip0024.wav,talkshow_01,24,talkshow,Saudi,https://youtu.be/BfnJ-be4a8Y?si=XOAP821p66-6fsBe,00:00:30,00:10:30,00:06:30,00:06:45
talkshow_01__clip0025.wav,talkshow_01,25,talkshow,Saudi,https://youtu.be/BfnJ-be4a8Y?si=XOAP821p66-6fsBe,00:00:30,00:10:30,00:06:45,00:07:00
talkshow_01__clip0026.wav,talkshow_01,26,talkshow,Saudi,https://youtu.be/BfnJ-be4a8Y?si=XOAP821p66-6fsBe,00:00:30,00:10:30,00:07:00,00:07:15
talkshow_01__clip0027.wav,talkshow_01,27,talkshow,Saudi,https://youtu.be/BfnJ-be4a8Y?si=XOAP821p66-6fsBe,00:00:30,00:10:30,00:07:15,00:07:30
talkshow_01__clip0028.wav,talkshow_01,28,talkshow,Saudi,https://youtu.be/BfnJ-be4a8Y?si=XOAP821p66-6fsBe,00:00:30,00:10:30,00:07:30,00:07:45
talkshow_01__clip0029.wav,talkshow_01,29,talkshow,Saudi,https://youtu.be/BfnJ-be4a8Y?si=XOAP821p66-6fsBe,00:00:30,00:10:30,00:07:45,00:08:00
talkshow_01__clip0030.wav,talkshow_01,30,talkshow,Saudi,https://youtu.be/BfnJ-be4a8Y?si=XOAP821p66-6fsBe,00:00:30,00:10:30,00:08:00,00:08:15
talkshow_01__clip0031.wav,talkshow_01,31,talkshow,Saudi,https://youtu.be/BfnJ-be4a8Y?si=XOAP821p66-6fsBe,00:00:30,00:10:30,00:08:15,00:08:30
talkshow_01__clip0032.wav,talkshow_01,32,talkshow,Saudi,https://youtu.be/BfnJ-be4a8Y?si=XOAP821p66-6fsBe,00:00:30,00:10:30,00:08:30,00:08:45
talkshow_01__clip0033.wav,talkshow_01,33,talkshow,Saudi,https://youtu.be/BfnJ-be4a8Y?si=XOAP821p66-6fsBe,00:00:30,00:10:30,00:08:45,00:09:00
talkshow_01__clip0034.wav,talkshow_01,34,talkshow,Saudi,https://youtu.be/BfnJ-be4a8Y?si=XOAP821p66-6fsBe,00:00:30,00:10:30,00:09:00,00:09:15
talkshow_01__clip0035.wav,talkshow_01,35,talkshow,Saudi,https://youtu.be/BfnJ-be4a8Y?si=XOAP821p66-6fsBe,00:00:30,00:10:30,00:09:15,00:09:30
talkshow_01__clip0036.wav,talkshow_01,36,talkshow,Saudi,https://youtu.be/BfnJ-be4a8Y?si=XOAP821p66-6fsBe,00:00:30,00:10:30,00:09:30,00:09:45
talkshow_01__clip0037.wav,talkshow_01,37,talkshow,Saudi,https://youtu.be/BfnJ-be4a8Y?si=XOAP821p66-6fsBe,00:00:30,00:10:30,00:09:45,00:10:00
talkshow_01__clip0038.wav,talkshow_01,38,talkshow,Saudi,https://youtu.be/BfnJ-be4a8Y?si=XOAP821p66-6fsBe,00:00:30,00:10:30,00:10:00,00:10:15
talkshow_01__clip0039.wav,talkshow_01,39,talkshow,Saudi,https://youtu.be/BfnJ-be4a8Y?si=XOAP821p66-6fsBe,00:00:30,00:10:30,00:10:15,00:10:30
talkshow_02__clip0000.wav,talkshow_02,0,talkshow,Lebanese,https://www.youtube.com/watch?v=lTQrCEji3kY,00:00:30,00:10:30,00:00:30,00:00:45
talkshow_02__clip0001.wav,talkshow_02,1,talkshow,Lebanese,https://www.youtube.com/watch?v=lTQrCEji3kY,00:00:30,00:10:30,00:00:45,00:01:00
talkshow_02__clip0002.wav,talkshow_02,2,talkshow,Lebanese,https://www.youtube.com/watch?v=lTQrCEji3kY,00:00:30,00:10:30,00:01:00,00:01:15
talkshow_02__clip0003.wav,talkshow_02,3,talkshow,Lebanese,https://www.youtube.com/watch?v=lTQrCEji3kY,00:00:30,00:10:30,00:01:15,00:01:30
talkshow_02__clip0004.wav,talkshow_02,4,talkshow,Lebanese,https://www.youtube.com/watch?v=lTQrCEji3kY,00:00:30,00:10:30,00:01:30,00:01:45
talkshow_02__clip0005.wav,talkshow_02,5,talkshow,Lebanese,https://www.youtube.com/watch?v=lTQrCEji3kY,00:00:30,00:10:30,00:01:45,00:02:00
talkshow_02__clip0006.wav,talkshow_02,6,talkshow,Lebanese,https://www.youtube.com/watch?v=lTQrCEji3kY,00:00:30,00:10:30,00:02:00,00:02:15
talkshow_02__clip0007.wav,talkshow_02,7,talkshow,Lebanese,https://www.youtube.com/watch?v=lTQrCEji3kY,00:00:30,00:10:30,00:02:15,00:02:30
talkshow_02__clip0008.wav,talkshow_02,8,talkshow,Lebanese,https://www.youtube.com/watch?v=lTQrCEji3kY,00:00:30,00:10:30,00:02:30,00:02:45
talkshow_02__clip0009.wav,talkshow_02,9,talkshow,Lebanese,https://www.youtube.com/watch?v=lTQrCEji3kY,00:00:30,00:10:30,00:02:45,00:03:00
talkshow_02__clip0010.wav,talkshow_02,10,talkshow,Lebanese,https://www.youtube.com/watch?v=lTQrCEji3kY,00:00:30,00:10:30,00:03:00,00:03:15
talkshow_02__clip0011.wav,talkshow_02,11,talkshow,Lebanese,https://www.youtube.com/watch?v=lTQrCEji3kY,00:00:30,00:10:30,00:03:15,00:03:30
talkshow_02__clip0012.wav,talkshow_02,12,talkshow,Lebanese,https://www.youtube.com/watch?v=lTQrCEji3kY,00:00:30,00:10:30,00:03:30,00:03:45
talkshow_02__clip0013.wav,talkshow_02,13,talkshow,Lebanese,https://www.youtube.com/watch?v=lTQrCEji3kY,00:00:30,00:10:30,00:03:45,00:04:00
talkshow_02__clip0014.wav,talkshow_02,14,talkshow,Lebanese,https://www.youtube.com/watch?v=lTQrCEji3kY,00:00:30,00:10:30,00:04:00,00:04:15
talkshow_02__clip0015.wav,talkshow_02,15,talkshow,Lebanese,https://www.youtube.com/watch?v=lTQrCEji3kY,00:00:30,00:10:30,00:04:15,00:04:30
talkshow_02__clip0016.wav,talkshow_02,16,talkshow,Lebanese,https://www.youtube.com/watch?v=lTQrCEji3kY,00:00:30,00:10:30,00:04:30,00:04:45
talkshow_02__clip0017.wav,talkshow_02,17,talkshow,Lebanese,https://www.youtube.com/watch?v=lTQrCEji3kY,00:00:30,00:10:30,00:04:45,00:05:00
talkshow_02__clip0018.wav,talkshow_02,18,talkshow,Lebanese,https://www.youtube.com/watch?v=lTQrCEji3kY,00:00:30,00:10:30,00:05:00,00:05:15
talkshow_02__clip0019.wav,talkshow_02,19,talkshow,Lebanese,https://www.youtube.com/watch?v=lTQrCEji3kY,00:00:30,00:10:30,00:05:15,00:05:30
talkshow_02__clip0020.wav,talkshow_02,20,talkshow,Lebanese,https://www.youtube.com/watch?v=lTQrCEji3kY,00:00:30,00:10:30,00:05:30,00:05:45
talkshow_02__clip0021.wav,talkshow_02,21,talkshow,Lebanese,https://www.youtube.com/watch?v=lTQrCEji3kY,00:00:30,00:10:30,00:05:45,00:06:00
talkshow_02__clip0022.wav,talkshow_02,22,talkshow,Lebanese,https://www.youtube.com/watch?v=lTQrCEji3kY,00:00:30,00:10:30,00:06:00,00:06:15
talkshow_02__clip0023.wav,talkshow_02,23,talkshow,Lebanese,https://www.youtube.com/watch?v=lTQrCEji3kY,00:00:30,00:10:30,00:06:15,00:06:30
talkshow_02__clip0024.wav,talkshow_02,24,talkshow,Lebanese,https://www.youtube.com/watch?v=lTQrCEji3kY,00:00:30,00:10:30,00:06:30,00:06:45
talkshow_02__clip0025.wav,talkshow_02,25,talkshow,Lebanese,https://www.youtube.com/watch?v=lTQrCEji3kY,00:00:30,00:10:30,00:06:45,00:07:00
talkshow_02__clip0026.wav,talkshow_02,26,talkshow,Lebanese,https://www.youtube.com/watch?v=lTQrCEji3kY,00:00:30,00:10:30,00:07:00,00:07:15
talkshow_02__clip0027.wav,talkshow_02,27,talkshow,Lebanese,https://www.youtube.com/watch?v=lTQrCEji3kY,00:00:30,00:10:30,00:07:15,00:07:30
talkshow_02__clip0028.wav,talkshow_02,28,talkshow,Lebanese,https://www.youtube.com/watch?v=lTQrCEji3kY,00:00:30,00:10:30,00:07:30,00:07:45
talkshow_02__clip0029.wav,talkshow_02,29,talkshow,Lebanese,https://www.youtube.com/watch?v=lTQrCEji3kY,00:00:30,00:10:30,00:07:45,00:08:00
talkshow_02__clip0030.wav,talkshow_02,30,talkshow,Lebanese,https://www.youtube.com/watch?v=lTQrCEji3kY,00:00:30,00:10:30,00:08:00,00:08:15
talkshow_02__clip0031.wav,talkshow_02,31,talkshow,Lebanese,https://www.youtube.com/watch?v=lTQrCEji3kY,00:00:30,00:10:30,00:08:15,00:08:30
talkshow_02__clip0032.wav,talkshow_02,32,talkshow,Lebanese,https://www.youtube.com/watch?v=lTQrCEji3kY,00:00:30,00:10:30,00:08:30,00:08:45
talkshow_02__clip0033.wav,talkshow_02,33,talkshow,Lebanese,https://www.youtube.com/watch?v=lTQrCEji3kY,00:00:30,00:10:30,00:08:45,00:09:00
talkshow_02__clip0034.wav,talkshow_02,34,talkshow,Lebanese,https://www.youtube.com/watch?v=lTQrCEji3kY,00:00:30,00:10:30,00:09:00,00:09:15
talkshow_02__clip0035.wav,talkshow_02,35,talkshow,Lebanese,https://www.youtube.com/watch?v=lTQrCEji3kY,00:00:30,00:10:30,00:09:15,00:09:30
talkshow_02__clip0036.wav,talkshow_02,36,talkshow,Lebanese,https://www.youtube.com/watch?v=lTQrCEji3kY,00:00:30,00:10:30,00:09:30,00:09:45
talkshow_02__clip0037.wav,talkshow_02,37,talkshow,Lebanese,https://www.youtube.com/watch?v=lTQrCEji3kY,00:00:30,00:10:30,00:09:45,00:10:00
talkshow_02__clip0038.wav,talkshow_02,38,talkshow,Lebanese,https://www.youtube.com/watch?v=lTQrCEji3kY,00:00:30,00:10:30,00:10:00,00:10:15
talkshow_02__clip0039.wav,talkshow_02,39,talkshow,Lebanese,https://www.youtube.com/watch?v=lTQrCEji3kY,00:00:30,00:10:30,00:10:15,00:10:30
talkshow_03__clip0000.wav,talkshow_03,0,talkshow,Jordanian,https://www.youtube.com/watch?v=v0OBx-YTpaU&list=PLj5BGX9byu2ZwKCCAkqZbkeHekgOlhpO7&index=3,00:00:30,00:10:30,00:00:30,00:00:45
talkshow_03__clip0001.wav,talkshow_03,1,talkshow,Jordanian,https://www.youtube.com/watch?v=v0OBx-YTpaU&list=PLj5BGX9byu2ZwKCCAkqZbkeHekgOlhpO7&index=3,00:00:30,00:10:30,00:00:45,00:01:00
talkshow_03__clip0002.wav,talkshow_03,2,talkshow,Jordanian,https://www.youtube.com/watch?v=v0OBx-YTpaU&list=PLj5BGX9byu2ZwKCCAkqZbkeHekgOlhpO7&index=3,00:00:30,00:10:30,00:01:00,00:01:15
talkshow_03__clip0003.wav,talkshow_03,3,talkshow,Jordanian,https://www.youtube.com/watch?v=v0OBx-YTpaU&list=PLj5BGX9byu2ZwKCCAkqZbkeHekgOlhpO7&index=3,00:00:30,00:10:30,00:01:15,00:01:30
talkshow_03__clip0004.wav,talkshow_03,4,talkshow,Jordanian,https://www.youtube.com/watch?v=v0OBx-YTpaU&list=PLj5BGX9byu2ZwKCCAkqZbkeHekgOlhpO7&index=3,00:00:30,00:10:30,00:01:30,00:01:45
talkshow_03__clip0005.wav,talkshow_03,5,talkshow,Jordanian,https://www.youtube.com/watch?v=v0OBx-YTpaU&list=PLj5BGX9byu2ZwKCCAkqZbkeHekgOlhpO7&index=3,00:00:30,00:10:30,00:01:45,00:02:00
talkshow_03__clip0006.wav,talkshow_03,6,talkshow,Jordanian,https://www.youtube.com/watch?v=v0OBx-YTpaU&list=PLj5BGX9byu2ZwKCCAkqZbkeHekgOlhpO7&index=3,00:00:30,00:10:30,00:02:00,00:02:15
talkshow_03__clip0007.wav,talkshow_03,7,talkshow,Jordanian,https://www.youtube.com/watch?v=v0OBx-YTpaU&list=PLj5BGX9byu2ZwKCCAkqZbkeHekgOlhpO7&index=3,00:00:30,00:10:30,00:02:15,00:02:30
talkshow_03__clip0008.wav,talkshow_03,8,talkshow,Jordanian,https://www.youtube.com/watch?v=v0OBx-YTpaU&list=PLj5BGX9byu2ZwKCCAkqZbkeHekgOlhpO7&index=3,00:00:30,00:10:30,00:02:30,00:02:45
talkshow_03__clip0009.wav,talkshow_03,9,talkshow,Jordanian,https://www.youtube.com/watch?v=v0OBx-YTpaU&list=PLj5BGX9byu2ZwKCCAkqZbkeHekgOlhpO7&index=3,00:00:30,00:10:30,00:02:45,00:03:00
talkshow_03__clip0010.wav,talkshow_03,10,talkshow,Jordanian,https://www.youtube.com/watch?v=v0OBx-YTpaU&list=PLj5BGX9byu2ZwKCCAkqZbkeHekgOlhpO7&index=3,00:00:30,00:10:30,00:03:00,00:03:15
talkshow_03__clip0011.wav,talkshow_03,11,talkshow,Jordanian,https://www.youtube.com/watch?v=v0OBx-YTpaU&list=PLj5BGX9byu2ZwKCCAkqZbkeHekgOlhpO7&index=3,00:00:30,00:10:30,00:03:15,00:03:30
talkshow_03__clip0012.wav,talkshow_03,12,talkshow,Jordanian,https://www.youtube.com/watch?v=v0OBx-YTpaU&list=PLj5BGX9byu2ZwKCCAkqZbkeHekgOlhpO7&index=3,00:00:30,00:10:30,00:03:30,00:03:45
talkshow_03__clip0013.wav,talkshow_03,13,talkshow,Jordanian,https://www.youtube.com/watch?v=v0OBx-YTpaU&list=PLj5BGX9byu2ZwKCCAkqZbkeHekgOlhpO7&index=3,00:00:30,00:10:30,00:03:45,00:04:00
talkshow_03__clip0014.wav,talkshow_03,14,talkshow,Jordanian,https://www.youtube.com/watch?v=v0OBx-YTpaU&list=PLj5BGX9byu2ZwKCCAkqZbkeHekgOlhpO7&index=3,00:00:30,00:10:30,00:04:00,00:04:15
talkshow_03__clip0015.wav,talkshow_03,15,talkshow,Jordanian,https://www.youtube.com/watch?v=v0OBx-YTpaU&list=PLj5BGX9byu2ZwKCCAkqZbkeHekgOlhpO7&index=3,00:00:30,00:10:30,00:04:15,00:04:30
talkshow_03__clip0016.wav,talkshow_03,16,talkshow,Jordanian,https://www.youtube.com/watch?v=v0OBx-YTpaU&list=PLj5BGX9byu2ZwKCCAkqZbkeHekgOlhpO7&index=3,00:00:30,00:10:30,00:04:30,00:04:45
talkshow_03__clip0017.wav,talkshow_03,17,talkshow,Jordanian,https://www.youtube.com/watch?v=v0OBx-YTpaU&list=PLj5BGX9byu2ZwKCCAkqZbkeHekgOlhpO7&index=3,00:00:30,00:10:30,00:04:45,00:05:00
talkshow_03__clip0018.wav,talkshow_03,18,talkshow,Jordanian,https://www.youtube.com/watch?v=v0OBx-YTpaU&list=PLj5BGX9byu2ZwKCCAkqZbkeHekgOlhpO7&index=3,00:00:30,00:10:30,00:05:00,00:05:15
talkshow_03__clip0019.wav,talkshow_03,19,talkshow,Jordanian,https://www.youtube.com/watch?v=v0OBx-YTpaU&list=PLj5BGX9byu2ZwKCCAkqZbkeHekgOlhpO7&index=3,00:00:30,00:10:30,00:05:15,00:05:30
talkshow_03__clip0020.wav,talkshow_03,20,talkshow,Jordanian,https://www.youtube.com/watch?v=v0OBx-YTpaU&list=PLj5BGX9byu2ZwKCCAkqZbkeHekgOlhpO7&index=3,00:00:30,00:10:30,00:05:30,00:05:45
talkshow_03__clip0021.wav,talkshow_03,21,talkshow,Jordanian,https://www.youtube.com/watch?v=v0OBx-YTpaU&list=PLj5BGX9byu2ZwKCCAkqZbkeHekgOlhpO7&index=3,00:00:30,00:10:30,00:05:45,00:06:00
talkshow_03__clip0022.wav,talkshow_03,22,talkshow,Jordanian,https://www.youtube.com/watch?v=v0OBx-YTpaU&list=PLj5BGX9byu2ZwKCCAkqZbkeHekgOlhpO7&index=3,00:00:30,00:10:30,00:06:00,00:06:15
talkshow_03__clip0023.wav,talkshow_03,23,talkshow,Jordanian,https://www.youtube.com/watch?v=v0OBx-YTpaU&list=PLj5BGX9byu2ZwKCCAkqZbkeHekgOlhpO7&index=3,00:00:30,00:10:30,00:06:15,00:06:30
talkshow_03__clip0024.wav,talkshow_03,24,talkshow,Jordanian,https://www.youtube.com/watch?v=v0OBx-YTpaU&list=PLj5BGX9byu2ZwKCCAkqZbkeHekgOlhpO7&index=3,00:00:30,00:10:30,00:06:30,00:06:45
talkshow_03__clip0025.wav,talkshow_03,25,talkshow,Jordanian,https://www.youtube.com/watch?v=v0OBx-YTpaU&list=PLj5BGX9byu2ZwKCCAkqZbkeHekgOlhpO7&index=3,00:00:30,00:10:30,00:06:45,00:07:00
talkshow_03__clip0026.wav,talkshow_03,26,talkshow,Jordanian,https://www.youtube.com/watch?v=v0OBx-YTpaU&list=PLj5BGX9byu2ZwKCCAkqZbkeHekgOlhpO7&index=3,00:00:30,00:10:30,00:07:00,00:07:15
talkshow_04__clip0000.wav,talkshow_04,0,talkshow,Moroccan,https://www.youtube.com/watch?v=DWtbJv5VK9U,00:00:30,00:10:30,00:00:30,00:00:45
talkshow_04__clip0001.wav,talkshow_04,1,talkshow,Moroccan,https://www.youtube.com/watch?v=DWtbJv5VK9U,00:00:30,00:10:30,00:00:45,00:01:00
talkshow_04__clip0002.wav,talkshow_04,2,talkshow,Moroccan,https://www.youtube.com/watch?v=DWtbJv5VK9U,00:00:30,00:10:30,00:01:00,00:01:15
talkshow_04__clip0003.wav,talkshow_04,3,talkshow,Moroccan,https://www.youtube.com/watch?v=DWtbJv5VK9U,00:00:30,00:10:30,00:01:15,00:01:30
talkshow_04__clip0004.wav,talkshow_04,4,talkshow,Moroccan,https://www.youtube.com/watch?v=DWtbJv5VK9U,00:00:30,00:10:30,00:01:30,00:01:45
talkshow_04__clip0005.wav,talkshow_04,5,talkshow,Moroccan,https://www.youtube.com/watch?v=DWtbJv5VK9U,00:00:30,00:10:30,00:01:45,00:02:00
talkshow_04__clip0006.wav,talkshow_04,6,talkshow,Moroccan,https://www.youtube.com/watch?v=DWtbJv5VK9U,00:00:30,00:10:30,00:02:00,00:02:15
talkshow_04__clip0007.wav,talkshow_04,7,talkshow,Moroccan,https://www.youtube.com/watch?v=DWtbJv5VK9U,00:00:30,00:10:30,00:02:15,00:02:30
talkshow_04__clip0008.wav,talkshow_04,8,talkshow,Moroccan,https://www.youtube.com/watch?v=DWtbJv5VK9U,00:00:30,00:10:30,00:02:30,00:02:45
talkshow_04__clip0009.wav,talkshow_04,9,talkshow,Moroccan,https://www.youtube.com/watch?v=DWtbJv5VK9U,00:00:30,00:10:30,00:02:45,00:03:00
talkshow_04__clip0010.wav,talkshow_04,10,talkshow,Moroccan,https://www.youtube.com/watch?v=DWtbJv5VK9U,00:00:30,00:10:30,00:03:00,00:03:15
talkshow_04__clip0011.wav,talkshow_04,11,talkshow,Moroccan,https://www.youtube.com/watch?v=DWtbJv5VK9U,00:00:30,00:10:30,00:03:15,00:03:30
talkshow_04__clip0012.wav,talkshow_04,12,talkshow,Moroccan,https://www.youtube.com/watch?v=DWtbJv5VK9U,00:00:30,00:10:30,00:03:30,00:03:45
talkshow_04__clip0013.wav,talkshow_04,13,talkshow,Moroccan,https://www.youtube.com/watch?v=DWtbJv5VK9U,00:00:30,00:10:30,00:03:45,00:04:00
talkshow_04__clip0014.wav,talkshow_04,14,talkshow,Moroccan,https://www.youtube.com/watch?v=DWtbJv5VK9U,00:00:30,00:10:30,00:04:00,00:04:15
talkshow_04__clip0015.wav,talkshow_04,15,talkshow,Moroccan,https://www.youtube.com/watch?v=DWtbJv5VK9U,00:00:30,00:10:30,00:04:15,00:04:30
talkshow_04__clip0016.wav,talkshow_04,16,talkshow,Moroccan,https://www.youtube.com/watch?v=DWtbJv5VK9U,00:00:30,00:10:30,00:04:30,00:04:45
talkshow_04__clip0017.wav,talkshow_04,17,talkshow,Moroccan,https://www.youtube.com/watch?v=DWtbJv5VK9U,00:00:30,00:10:30,00:04:45,00:05:00
talkshow_04__clip0018.wav,talkshow_04,18,talkshow,Moroccan,https://www.youtube.com/watch?v=DWtbJv5VK9U,00:00:30,00:10:30,00:05:00,00:05:15
talkshow_04__clip0019.wav,talkshow_04,19,talkshow,Moroccan,https://www.youtube.com/watch?v=DWtbJv5VK9U,00:00:30,00:10:30,00:05:15,00:05:30
talkshow_04__clip0020.wav,talkshow_04,20,talkshow,Moroccan,https://www.youtube.com/watch?v=DWtbJv5VK9U,00:00:30,00:10:30,00:05:30,00:05:45
talkshow_04__clip0021.wav,talkshow_04,21,talkshow,Moroccan,https://www.youtube.com/watch?v=DWtbJv5VK9U,00:00:30,00:10:30,00:05:45,00:06:00
talkshow_04__clip0022.wav,talkshow_04,22,talkshow,Moroccan,https://www.youtube.com/watch?v=DWtbJv5VK9U,00:00:30,00:10:30,00:06:00,00:06:15
talkshow_04__clip0023.wav,talkshow_04,23,talkshow,Moroccan,https://www.youtube.com/watch?v=DWtbJv5VK9U,00:00:30,00:10:30,00:06:15,00:06:30
talkshow_04__clip0024.wav,talkshow_04,24,talkshow,Moroccan,https://www.youtube.com/watch?v=DWtbJv5VK9U,00:00:30,00:10:30,00:06:30,00:06:45
talkshow_04__clip0025.wav,talkshow_04,25,talkshow,Moroccan,https://www.youtube.com/watch?v=DWtbJv5VK9U,00:00:30,00:10:30,00:06:45,00:07:00
talkshow_04__clip0026.wav,talkshow_04,26,talkshow,Moroccan,https://www.youtube.com/watch?v=DWtbJv5VK9U,00:00:30,00:10:30,00:07:00,00:07:15
talkshow_04__clip0027.wav,talkshow_04,27,talkshow,Moroccan,https://www.youtube.com/watch?v=DWtbJv5VK9U,00:00:30,00:10:30,00:07:15,00:07:30
talkshow_04__clip0028.wav,talkshow_04,28,talkshow,Moroccan,https://www.youtube.com/watch?v=DWtbJv5VK9U,00:00:30,00:10:30,00:07:30,00:07:45
talkshow_04__clip0029.wav,talkshow_04,29,talkshow,Moroccan,https://www.youtube.com/watch?v=DWtbJv5VK9U,00:00:30,00:10:30,00:07:45,00:08:00
talkshow_04__clip0030.wav,talkshow_04,30,talkshow,Moroccan,https://www.youtube.com/watch?v=DWtbJv5VK9U,00:00:30,00:10:30,00:08:00,00:08:15
talkshow_04__clip0031.wav,talkshow_04,31,talkshow,Moroccan,https://www.youtube.com/watch?v=DWtbJv5VK9U,00:00:30,00:10:30,00:08:15,00:08:30
talkshow_04__clip0032.wav,talkshow_04,32,talkshow,Moroccan,https://www.youtube.com/watch?v=DWtbJv5VK9U,00:00:30,00:10:30,00:08:30,00:08:45
talkshow_04__clip0033.wav,talkshow_04,33,talkshow,Moroccan,https://www.youtube.com/watch?v=DWtbJv5VK9U,00:00:30,00:10:30,00:08:45,00:09:00
talkshow_04__clip0034.wav,talkshow_04,34,talkshow,Moroccan,https://www.youtube.com/watch?v=DWtbJv5VK9U,00:00:30,00:10:30,00:09:00,00:09:15
talkshow_04__clip0035.wav,talkshow_04,35,talkshow,Moroccan,https://www.youtube.com/watch?v=DWtbJv5VK9U,00:00:30,00:10:30,00:09:15,00:09:30
talkshow_04__clip0036.wav,talkshow_04,36,talkshow,Moroccan,https://www.youtube.com/watch?v=DWtbJv5VK9U,00:00:30,00:10:30,00:09:30,00:09:45
talkshow_04__clip0037.wav,talkshow_04,37,talkshow,Moroccan,https://www.youtube.com/watch?v=DWtbJv5VK9U,00:00:30,00:10:30,00:09:45,00:10:00
talkshow_04__clip0038.wav,talkshow_04,38,talkshow,Moroccan,https://www.youtube.com/watch?v=DWtbJv5VK9U,00:00:30,00:10:30,00:10:00,00:10:15
talkshow_04__clip0039.wav,talkshow_04,39,talkshow,Moroccan,https://www.youtube.com/watch?v=DWtbJv5VK9U,00:00:30,00:10:30,00:10:15,00:10:30
podcast_gulf_01__clip0000.wav,podcast_gulf_01,0,podcast_gulf,Saudi,https://youtu.be/HZKdvcoyzwI?si=2BTI3cpe4HQoGibY,00:00:30,00:10:30,00:00:30,00:00:45
podcast_gulf_01__clip0001.wav,podcast_gulf_01,1,podcast_gulf,Saudi,https://youtu.be/HZKdvcoyzwI?si=2BTI3cpe4HQoGibY,00:00:30,00:10:30,00:00:45,00:01:00
podcast_gulf_01__clip0002.wav,podcast_gulf_01,2,podcast_gulf,Saudi,https://youtu.be/HZKdvcoyzwI?si=2BTI3cpe4HQoGibY,00:00:30,00:10:30,00:01:00,00:01:15
podcast_gulf_01__clip0003.wav,podcast_gulf_01,3,podcast_gulf,Saudi,https://youtu.be/HZKdvcoyzwI?si=2BTI3cpe4HQoGibY,00:00:30,00:10:30,00:01:15,00:01:30
podcast_gulf_01__clip0004.wav,podcast_gulf_01,4,podcast_gulf,Saudi,https://youtu.be/HZKdvcoyzwI?si=2BTI3cpe4HQoGibY,00:00:30,00:10:30,00:01:30,00:01:45
podcast_gulf_01__clip0005.wav,podcast_gulf_01,5,podcast_gulf,Saudi,https://youtu.be/HZKdvcoyzwI?si=2BTI3cpe4HQoGibY,00:00:30,00:10:30,00:01:45,00:02:00
podcast_gulf_01__clip0006.wav,podcast_gulf_01,6,podcast_gulf,Saudi,https://youtu.be/HZKdvcoyzwI?si=2BTI3cpe4HQoGibY,00:00:30,00:10:30,00:02:00,00:02:15
podcast_gulf_01__clip0007.wav,podcast_gulf_01,7,podcast_gulf,Saudi,https://youtu.be/HZKdvcoyzwI?si=2BTI3cpe4HQoGibY,00:00:30,00:10:30,00:02:15,00:02:30
podcast_gulf_01__clip0008.wav,podcast_gulf_01,8,podcast_gulf,Saudi,https://youtu.be/HZKdvcoyzwI?si=2BTI3cpe4HQoGibY,00:00:30,00:10:30,00:02:30,00:02:45
podcast_gulf_01__clip0009.wav,podcast_gulf_01,9,podcast_gulf,Saudi,https://youtu.be/HZKdvcoyzwI?si=2BTI3cpe4HQoGibY,00:00:30,00:10:30,00:02:45,00:03:00
podcast_gulf_01__clip0010.wav,podcast_gulf_01,10,podcast_gulf,Saudi,https://youtu.be/HZKdvcoyzwI?si=2BTI3cpe4HQoGibY,00:00:30,00:10:30,00:03:00,00:03:15
podcast_gulf_01__clip0011.wav,podcast_gulf_01,11,podcast_gulf,Saudi,https://youtu.be/HZKdvcoyzwI?si=2BTI3cpe4HQoGibY,00:00:30,00:10:30,00:03:15,00:03:30
podcast_gulf_01__clip0012.wav,podcast_gulf_01,12,podcast_gulf,Saudi,https://youtu.be/HZKdvcoyzwI?si=2BTI3cpe4HQoGibY,00:00:30,00:10:30,00:03:30,00:03:45
podcast_gulf_01__clip0013.wav,podcast_gulf_01,13,podcast_gulf,Saudi,https://youtu.be/HZKdvcoyzwI?si=2BTI3cpe4HQoGibY,00:00:30,00:10:30,00:03:45,00:04:00
podcast_gulf_01__clip0014.wav,podcast_gulf_01,14,podcast_gulf,Saudi,https://youtu.be/HZKdvcoyzwI?si=2BTI3cpe4HQoGibY,00:00:30,00:10:30,00:04:00,00:04:15
podcast_gulf_01__clip0015.wav,podcast_gulf_01,15,podcast_gulf,Saudi,https://youtu.be/HZKdvcoyzwI?si=2BTI3cpe4HQoGibY,00:00:30,00:10:30,00:04:15,00:04:30
podcast_gulf_01__clip0016.wav,podcast_gulf_01,16,podcast_gulf,Saudi,https://youtu.be/HZKdvcoyzwI?si=2BTI3cpe4HQoGibY,00:00:30,00:10:30,00:04:30,00:04:45
podcast_gulf_01__clip0017.wav,podcast_gulf_01,17,podcast_gulf,Saudi,https://youtu.be/HZKdvcoyzwI?si=2BTI3cpe4HQoGibY,00:00:30,00:10:30,00:04:45,00:05:00
podcast_gulf_01__clip0018.wav,podcast_gulf_01,18,podcast_gulf,Saudi,https://youtu.be/HZKdvcoyzwI?si=2BTI3cpe4HQoGibY,00:00:30,00:10:30,00:05:00,00:05:15
podcast_gulf_01__clip0019.wav,podcast_gulf_01,19,podcast_gulf,Saudi,https://youtu.be/HZKdvcoyzwI?si=2BTI3cpe4HQoGibY,00:00:30,00:10:30,00:05:15,00:05:30
podcast_gulf_01__clip0020.wav,podcast_gulf_01,20,podcast_gulf,Saudi,https://youtu.be/HZKdvcoyzwI?si=2BTI3cpe4HQoGibY,00:00:30,00:10:30,00:05:30,00:05:45
podcast_gulf_01__clip0021.wav,podcast_gulf_01,21,podcast_gulf,Saudi,https://youtu.be/HZKdvcoyzwI?si=2BTI3cpe4HQoGibY,00:00:30,00:10:30,00:05:45,00:06:00
podcast_gulf_01__clip0022.wav,podcast_gulf_01,22,podcast_gulf,Saudi,https://youtu.be/HZKdvcoyzwI?si=2BTI3cpe4HQoGibY,00:00:30,00:10:30,00:06:00,00:06:15
podcast_gulf_01__clip0023.wav,podcast_gulf_01,23,podcast_gulf,Saudi,https://youtu.be/HZKdvcoyzwI?si=2BTI3cpe4HQoGibY,00:00:30,00:10:30,00:06:15,00:06:30
podcast_gulf_01__clip0024.wav,podcast_gulf_01,24,podcast_gulf,Saudi,https://youtu.be/HZKdvcoyzwI?si=2BTI3cpe4HQoGibY,00:00:30,00:10:30,00:06:30,00:06:45
podcast_gulf_01__clip0025.wav,podcast_gulf_01,25,podcast_gulf,Saudi,https://youtu.be/HZKdvcoyzwI?si=2BTI3cpe4HQoGibY,00:00:30,00:10:30,00:06:45,00:07:00
podcast_gulf_01__clip0026.wav,podcast_gulf_01,26,podcast_gulf,Saudi,https://youtu.be/HZKdvcoyzwI?si=2BTI3cpe4HQoGibY,00:00:30,00:10:30,00:07:00,00:07:15
podcast_gulf_01__clip0027.wav,podcast_gulf_01,27,podcast_gulf,Saudi,https://youtu.be/HZKdvcoyzwI?si=2BTI3cpe4HQoGibY,00:00:30,00:10:30,00:07:15,00:07:30
podcast_gulf_01__clip0028.wav,podcast_gulf_01,28,podcast_gulf,Saudi,https://youtu.be/HZKdvcoyzwI?si=2BTI3cpe4HQoGibY,00:00:30,00:10:30,00:07:30,00:07:45
podcast_gulf_01__clip0029.wav,podcast_gulf_01,29,podcast_gulf,Saudi,https://youtu.be/HZKdvcoyzwI?si=2BTI3cpe4HQoGibY,00:00:30,00:10:30,00:07:45,00:08:00
podcast_gulf_01__clip0030.wav,podcast_gulf_01,30,podcast_gulf,Saudi,https://youtu.be/HZKdvcoyzwI?si=2BTI3cpe4HQoGibY,00:00:30,00:10:30,00:08:00,00:08:15
podcast_gulf_01__clip0031.wav,podcast_gulf_01,31,podcast_gulf,Saudi,https://youtu.be/HZKdvcoyzwI?si=2BTI3cpe4HQoGibY,00:00:30,00:10:30,00:08:15,00:08:30
podcast_gulf_01__clip0032.wav,podcast_gulf_01,32,podcast_gulf,Saudi,https://youtu.be/HZKdvcoyzwI?si=2BTI3cpe4HQoGibY,00:00:30,00:10:30,00:08:30,00:08:45
podcast_gulf_01__clip0033.wav,podcast_gulf_01,33,podcast_gulf,Saudi,https://youtu.be/HZKdvcoyzwI?si=2BTI3cpe4HQoGibY,00:00:30,00:10:30,00:08:45,00:09:00
podcast_gulf_01__clip0034.wav,podcast_gulf_01,34,podcast_gulf,Saudi,https://youtu.be/HZKdvcoyzwI?si=2BTI3cpe4HQoGibY,00:00:30,00:10:30,00:09:00,00:09:15
podcast_gulf_01__clip0035.wav,podcast_gulf_01,35,podcast_gulf,Saudi,https://youtu.be/HZKdvcoyzwI?si=2BTI3cpe4HQoGibY,00:00:30,00:10:30,00:09:15,00:09:30
podcast_gulf_01__clip0036.wav,podcast_gulf_01,36,podcast_gulf,Saudi,https://youtu.be/HZKdvcoyzwI?si=2BTI3cpe4HQoGibY,00:00:30,00:10:30,00:09:30,00:09:45
podcast_gulf_01__clip0037.wav,podcast_gulf_01,37,podcast_gulf,Saudi,https://youtu.be/HZKdvcoyzwI?si=2BTI3cpe4HQoGibY,00:00:30,00:10:30,00:09:45,00:10:00
podcast_gulf_01__clip0038.wav,podcast_gulf_01,38,podcast_gulf,Saudi,https://youtu.be/HZKdvcoyzwI?si=2BTI3cpe4HQoGibY,00:00:30,00:10:30,00:10:00,00:10:15
podcast_gulf_01__clip0039.wav,podcast_gulf_01,39,podcast_gulf,Saudi,https://youtu.be/HZKdvcoyzwI?si=2BTI3cpe4HQoGibY,00:00:30,00:10:30,00:10:15,00:10:30
podcast_maghrebi_01__clip0000.wav,podcast_maghrebi_01,0,podcast_maghrebi,Moroccan,https://www.youtube.com/live/iigsuJ4YP44?si=u13sGmpWqXXwJLjW,00:00:30,00:10:30,00:00:30,00:00:45
podcast_maghrebi_01__clip0001.wav,podcast_maghrebi_01,1,podcast_maghrebi,Moroccan,https://www.youtube.com/live/iigsuJ4YP44?si=u13sGmpWqXXwJLjW,00:00:30,00:10:30,00:00:45,00:01:00
podcast_maghrebi_01__clip0002.wav,podcast_maghrebi_01,2,podcast_maghrebi,Moroccan,https://www.youtube.com/live/iigsuJ4YP44?si=u13sGmpWqXXwJLjW,00:00:30,00:10:30,00:01:00,00:01:15
podcast_maghrebi_01__clip0003.wav,podcast_maghrebi_01,3,podcast_maghrebi,Moroccan,https://www.youtube.com/live/iigsuJ4YP44?si=u13sGmpWqXXwJLjW,00:00:30,00:10:30,00:01:15,00:01:30
podcast_maghrebi_01__clip0004.wav,podcast_maghrebi_01,4,podcast_maghrebi,Moroccan,https://www.youtube.com/live/iigsuJ4YP44?si=u13sGmpWqXXwJLjW,00:00:30,00:10:30,00:01:30,00:01:45
podcast_maghrebi_01__clip0005.wav,podcast_maghrebi_01,5,podcast_maghrebi,Moroccan,https://www.youtube.com/live/iigsuJ4YP44?si=u13sGmpWqXXwJLjW,00:00:30,00:10:30,00:01:45,00:02:00
podcast_maghrebi_01__clip0006.wav,podcast_maghrebi_01,6,podcast_maghrebi,Moroccan,https://www.youtube.com/live/iigsuJ4YP44?si=u13sGmpWqXXwJLjW,00:00:30,00:10:30,00:02:00,00:02:15
podcast_maghrebi_01__clip0007.wav,podcast_maghrebi_01,7,podcast_maghrebi,Moroccan,https://www.youtube.com/live/iigsuJ4YP44?si=u13sGmpWqXXwJLjW,00:00:30,00:10:30,00:02:15,00:02:30
podcast_maghrebi_01__clip0008.wav,podcast_maghrebi_01,8,podcast_maghrebi,Moroccan,https://www.youtube.com/live/iigsuJ4YP44?si=u13sGmpWqXXwJLjW,00:00:30,00:10:30,00:02:30,00:02:45
podcast_maghrebi_01__clip0009.wav,podcast_maghrebi_01,9,podcast_maghrebi,Moroccan,https://www.youtube.com/live/iigsuJ4YP44?si=u13sGmpWqXXwJLjW,00:00:30,00:10:30,00:02:45,00:03:00
podcast_maghrebi_01__clip0010.wav,podcast_maghrebi_01,10,podcast_maghrebi,Moroccan,https://www.youtube.com/live/iigsuJ4YP44?si=u13sGmpWqXXwJLjW,00:00:30,00:10:30,00:03:00,00:03:15
podcast_maghrebi_01__clip0011.wav,podcast_maghrebi_01,11,podcast_maghrebi,Moroccan,https://www.youtube.com/live/iigsuJ4YP44?si=u13sGmpWqXXwJLjW,00:00:30,00:10:30,00:03:15,00:03:30
podcast_maghrebi_01__clip0012.wav,podcast_maghrebi_01,12,podcast_maghrebi,Moroccan,https://www.youtube.com/live/iigsuJ4YP44?si=u13sGmpWqXXwJLjW,00:00:30,00:10:30,00:03:30,00:03:45
podcast_maghrebi_01__clip0013.wav,podcast_maghrebi_01,13,podcast_maghrebi,Moroccan,https://www.youtube.com/live/iigsuJ4YP44?si=u13sGmpWqXXwJLjW,00:00:30,00:10:30,00:03:45,00:04:00
podcast_maghrebi_01__clip0014.wav,podcast_maghrebi_01,14,podcast_maghrebi,Moroccan,https://www.youtube.com/live/iigsuJ4YP44?si=u13sGmpWqXXwJLjW,00:00:30,00:10:30,00:04:00,00:04:15
podcast_maghrebi_01__clip0015.wav,podcast_maghrebi_01,15,podcast_maghrebi,Moroccan,https://www.youtube.com/live/iigsuJ4YP44?si=u13sGmpWqXXwJLjW,00:00:30,00:10:30,00:04:15,00:04:30
podcast_maghrebi_01__clip0016.wav,podcast_maghrebi_01,16,podcast_maghrebi,Moroccan,https://www.youtube.com/live/iigsuJ4YP44?si=u13sGmpWqXXwJLjW,00:00:30,00:10:30,00:04:30,00:04:45
podcast_maghrebi_01__clip0017.wav,podcast_maghrebi_01,17,podcast_maghrebi,Moroccan,https://www.youtube.com/live/iigsuJ4YP44?si=u13sGmpWqXXwJLjW,00:00:30,00:10:30,00:04:45,00:05:00
podcast_maghrebi_01__clip0018.wav,podcast_maghrebi_01,18,podcast_maghrebi,Moroccan,https://www.youtube.com/live/iigsuJ4YP44?si=u13sGmpWqXXwJLjW,00:00:30,00:10:30,00:05:00,00:05:15
podcast_maghrebi_01__clip0019.wav,podcast_maghrebi_01,19,podcast_maghrebi,Moroccan,https://www.youtube.com/live/iigsuJ4YP44?si=u13sGmpWqXXwJLjW,00:00:30,00:10:30,00:05:15,00:05:30
podcast_maghrebi_01__clip0020.wav,podcast_maghrebi_01,20,podcast_maghrebi,Moroccan,https://www.youtube.com/live/iigsuJ4YP44?si=u13sGmpWqXXwJLjW,00:00:30,00:10:30,00:05:30,00:05:45
podcast_maghrebi_01__clip0021.wav,podcast_maghrebi_01,21,podcast_maghrebi,Moroccan,https://www.youtube.com/live/iigsuJ4YP44?si=u13sGmpWqXXwJLjW,00:00:30,00:10:30,00:05:45,00:06:00
podcast_maghrebi_01__clip0022.wav,podcast_maghrebi_01,22,podcast_maghrebi,Moroccan,https://www.youtube.com/live/iigsuJ4YP44?si=u13sGmpWqXXwJLjW,00:00:30,00:10:30,00:06:00,00:06:15
podcast_maghrebi_01__clip0023.wav,podcast_maghrebi_01,23,podcast_maghrebi,Moroccan,https://www.youtube.com/live/iigsuJ4YP44?si=u13sGmpWqXXwJLjW,00:00:30,00:10:30,00:06:15,00:06:30
podcast_maghrebi_01__clip0024.wav,podcast_maghrebi_01,24,podcast_maghrebi,Moroccan,https://www.youtube.com/live/iigsuJ4YP44?si=u13sGmpWqXXwJLjW,00:00:30,00:10:30,00:06:30,00:06:45
podcast_maghrebi_01__clip0025.wav,podcast_maghrebi_01,25,podcast_maghrebi,Moroccan,https://www.youtube.com/live/iigsuJ4YP44?si=u13sGmpWqXXwJLjW,00:00:30,00:10:30,00:06:45,00:07:00
podcast_maghrebi_01__clip0026.wav,podcast_maghrebi_01,26,podcast_maghrebi,Moroccan,https://www.youtube.com/live/iigsuJ4YP44?si=u13sGmpWqXXwJLjW,00:00:30,00:10:30,00:07:00,00:07:15
podcast_maghrebi_01__clip0027.wav,podcast_maghrebi_01,27,podcast_maghrebi,Moroccan,https://www.youtube.com/live/iigsuJ4YP44?si=u13sGmpWqXXwJLjW,00:00:30,00:10:30,00:07:15,00:07:30
podcast_maghrebi_01__clip0028.wav,podcast_maghrebi_01,28,podcast_maghrebi,Moroccan,https://www.youtube.com/live/iigsuJ4YP44?si=u13sGmpWqXXwJLjW,00:00:30,00:10:30,00:07:30,00:07:45
podcast_maghrebi_01__clip0029.wav,podcast_maghrebi_01,29,podcast_maghrebi,Moroccan,https://www.youtube.com/live/iigsuJ4YP44?si=u13sGmpWqXXwJLjW,00:00:30,00:10:30,00:07:45,00:08:00
podcast_maghrebi_01__clip0030.wav,podcast_maghrebi_01,30,podcast_maghrebi,Moroccan,https://www.youtube.com/live/iigsuJ4YP44?si=u13sGmpWqXXwJLjW,00:00:30,00:10:30,00:08:00,00:08:15
podcast_maghrebi_01__clip0031.wav,podcast_maghrebi_01,31,podcast_maghrebi,Moroccan,https://www.youtube.com/live/iigsuJ4YP44?si=u13sGmpWqXXwJLjW,00:00:30,00:10:30,00:08:15,00:08:30
podcast_maghrebi_01__clip0032.wav,podcast_maghrebi_01,32,podcast_maghrebi,Moroccan,https://www.youtube.com/live/iigsuJ4YP44?si=u13sGmpWqXXwJLjW,00:00:30,00:10:30,00:08:30,00:08:45
podcast_maghrebi_01__clip0033.wav,podcast_maghrebi_01,33,podcast_maghrebi,Moroccan,https://www.youtube.com/live/iigsuJ4YP44?si=u13sGmpWqXXwJLjW,00:00:30,00:10:30,00:08:45,00:09:00
podcast_maghrebi_01__clip0034.wav,podcast_maghrebi_01,34,podcast_maghrebi,Moroccan,https://www.youtube.com/live/iigsuJ4YP44?si=u13sGmpWqXXwJLjW,00:00:30,00:10:30,00:09:00,00:09:15
podcast_maghrebi_01__clip0035.wav,podcast_maghrebi_01,35,podcast_maghrebi,Moroccan,https://www.youtube.com/live/iigsuJ4YP44?si=u13sGmpWqXXwJLjW,00:00:30,00:10:30,00:09:15,00:09:30
podcast_maghrebi_01__clip0036.wav,podcast_maghrebi_01,36,podcast_maghrebi,Moroccan,https://www.youtube.com/live/iigsuJ4YP44?si=u13sGmpWqXXwJLjW,00:00:30,00:10:30,00:09:30,00:09:45
podcast_maghrebi_01__clip0037.wav,podcast_maghrebi_01,37,podcast_maghrebi,Moroccan,https://www.youtube.com/live/iigsuJ4YP44?si=u13sGmpWqXXwJLjW,00:00:30,00:10:30,00:09:45,00:10:00
podcast_maghrebi_01__clip0038.wav,podcast_maghrebi_01,38,podcast_maghrebi,Moroccan,https://www.youtube.com/live/iigsuJ4YP44?si=u13sGmpWqXXwJLjW,00:00:30,00:10:30,00:10:00,00:10:15
podcast_maghrebi_01__clip0039.wav,podcast_maghrebi_01,39,podcast_maghrebi,Moroccan,https://www.youtube.com/live/iigsuJ4YP44?si=u13sGmpWqXXwJLjW,00:00:30,00:10:30,00:10:15,00:10:30
podcast_levant_01__clip0000.wav,podcast_levant_01,0,podcast_levant,Lebanese,https://youtu.be/D6XyQbE7xTM?si=uR8hD8QZx5OvA9zh,00:00:30,00:10:30,00:00:30,00:00:45
podcast_levant_01__clip0001.wav,podcast_levant_01,1,podcast_levant,Lebanese,https://youtu.be/D6XyQbE7xTM?si=uR8hD8QZx5OvA9zh,00:00:30,00:10:30,00:00:45,00:01:00
podcast_levant_01__clip0002.wav,podcast_levant_01,2,podcast_levant,Lebanese,https://youtu.be/D6XyQbE7xTM?si=uR8hD8QZx5OvA9zh,00:00:30,00:10:30,00:01:00,00:01:15
podcast_levant_01__clip0003.wav,podcast_levant_01,3,podcast_levant,Lebanese,https://youtu.be/D6XyQbE7xTM?si=uR8hD8QZx5OvA9zh,00:00:30,00:10:30,00:01:15,00:01:30
podcast_levant_01__clip0004.wav,podcast_levant_01,4,podcast_levant,Lebanese,https://youtu.be/D6XyQbE7xTM?si=uR8hD8QZx5OvA9zh,00:00:30,00:10:30,00:01:30,00:01:45
podcast_levant_01__clip0005.wav,podcast_levant_01,5,podcast_levant,Lebanese,https://youtu.be/D6XyQbE7xTM?si=uR8hD8QZx5OvA9zh,00:00:30,00:10:30,00:01:45,00:02:00
podcast_levant_01__clip0006.wav,podcast_levant_01,6,podcast_levant,Lebanese,https://youtu.be/D6XyQbE7xTM?si=uR8hD8QZx5OvA9zh,00:00:30,00:10:30,00:02:00,00:02:15
podcast_levant_01__clip0007.wav,podcast_levant_01,7,podcast_levant,Lebanese,https://youtu.be/D6XyQbE7xTM?si=uR8hD8QZx5OvA9zh,00:00:30,00:10:30,00:02:15,00:02:30
podcast_levant_01__clip0008.wav,podcast_levant_01,8,podcast_levant,Lebanese,https://youtu.be/D6XyQbE7xTM?si=uR8hD8QZx5OvA9zh,00:00:30,00:10:30,00:02:30,00:02:45
podcast_levant_01__clip0009.wav,podcast_levant_01,9,podcast_levant,Lebanese,https://youtu.be/D6XyQbE7xTM?si=uR8hD8QZx5OvA9zh,00:00:30,00:10:30,00:02:45,00:03:00
podcast_levant_01__clip0010.wav,podcast_levant_01,10,podcast_levant,Lebanese,https://youtu.be/D6XyQbE7xTM?si=uR8hD8QZx5OvA9zh,00:00:30,00:10:30,00:03:00,00:03:15
podcast_levant_01__clip0011.wav,podcast_levant_01,11,podcast_levant,Lebanese,https://youtu.be/D6XyQbE7xTM?si=uR8hD8QZx5OvA9zh,00:00:30,00:10:30,00:03:15,00:03:30
podcast_levant_01__clip0012.wav,podcast_levant_01,12,podcast_levant,Lebanese,https://youtu.be/D6XyQbE7xTM?si=uR8hD8QZx5OvA9zh,00:00:30,00:10:30,00:03:30,00:03:45
podcast_levant_01__clip0013.wav,podcast_levant_01,13,podcast_levant,Lebanese,https://youtu.be/D6XyQbE7xTM?si=uR8hD8QZx5OvA9zh,00:00:30,00:10:30,00:03:45,00:04:00
podcast_levant_01__clip0014.wav,podcast_levant_01,14,podcast_levant,Lebanese,https://youtu.be/D6XyQbE7xTM?si=uR8hD8QZx5OvA9zh,00:00:30,00:10:30,00:04:00,00:04:15
podcast_levant_01__clip0015.wav,podcast_levant_01,15,podcast_levant,Lebanese,https://youtu.be/D6XyQbE7xTM?si=uR8hD8QZx5OvA9zh,00:00:30,00:10:30,00:04:15,00:04:30
podcast_levant_01__clip0016.wav,podcast_levant_01,16,podcast_levant,Lebanese,https://youtu.be/D6XyQbE7xTM?si=uR8hD8QZx5OvA9zh,00:00:30,00:10:30,00:04:30,00:04:45
podcast_levant_01__clip0017.wav,podcast_levant_01,17,podcast_levant,Lebanese,https://youtu.be/D6XyQbE7xTM?si=uR8hD8QZx5OvA9zh,00:00:30,00:10:30,00:04:45,00:05:00
podcast_levant_01__clip0018.wav,podcast_levant_01,18,podcast_levant,Lebanese,https://youtu.be/D6XyQbE7xTM?si=uR8hD8QZx5OvA9zh,00:00:30,00:10:30,00:05:00,00:05:15
podcast_levant_01__clip0019.wav,podcast_levant_01,19,podcast_levant,Lebanese,https://youtu.be/D6XyQbE7xTM?si=uR8hD8QZx5OvA9zh,00:00:30,00:10:30,00:05:15,00:05:30
podcast_levant_01__clip0020.wav,podcast_levant_01,20,podcast_levant,Lebanese,https://youtu.be/D6XyQbE7xTM?si=uR8hD8QZx5OvA9zh,00:00:30,00:10:30,00:05:30,00:05:45
podcast_levant_01__clip0021.wav,podcast_levant_01,21,podcast_levant,Lebanese,https://youtu.be/D6XyQbE7xTM?si=uR8hD8QZx5OvA9zh,00:00:30,00:10:30,00:05:45,00:06:00
podcast_levant_01__clip0022.wav,podcast_levant_01,22,podcast_levant,Lebanese,https://youtu.be/D6XyQbE7xTM?si=uR8hD8QZx5OvA9zh,00:00:30,00:10:30,00:06:00,00:06:15
podcast_levant_01__clip0023.wav,podcast_levant_01,23,podcast_levant,Lebanese,https://youtu.be/D6XyQbE7xTM?si=uR8hD8QZx5OvA9zh,00:00:30,00:10:30,00:06:15,00:06:30
podcast_levant_01__clip0024.wav,podcast_levant_01,24,podcast_levant,Lebanese,https://youtu.be/D6XyQbE7xTM?si=uR8hD8QZx5OvA9zh,00:00:30,00:10:30,00:06:30,00:06:45
podcast_levant_01__clip0025.wav,podcast_levant_01,25,podcast_levant,Lebanese,https://youtu.be/D6XyQbE7xTM?si=uR8hD8QZx5OvA9zh,00:00:30,00:10:30,00:06:45,00:07:00
podcast_levant_01__clip0026.wav,podcast_levant_01,26,podcast_levant,Lebanese,https://youtu.be/D6XyQbE7xTM?si=uR8hD8QZx5OvA9zh,00:00:30,00:10:30,00:07:00,00:07:15
podcast_levant_01__clip0027.wav,podcast_levant_01,27,podcast_levant,Lebanese,https://youtu.be/D6XyQbE7xTM?si=uR8hD8QZx5OvA9zh,00:00:30,00:10:30,00:07:15,00:07:30
podcast_levant_01__clip0028.wav,podcast_levant_01,28,podcast_levant,Lebanese,https://youtu.be/D6XyQbE7xTM?si=uR8hD8QZx5OvA9zh,00:00:30,00:10:30,00:07:30,00:07:45
podcast_levant_01__clip0029.wav,podcast_levant_01,29,podcast_levant,Lebanese,https://youtu.be/D6XyQbE7xTM?si=uR8hD8QZx5OvA9zh,00:00:30,00:10:30,00:07:45,00:08:00
podcast_levant_01__clip0030.wav,podcast_levant_01,30,podcast_levant,Lebanese,https://youtu.be/D6XyQbE7xTM?si=uR8hD8QZx5OvA9zh,00:00:30,00:10:30,00:08:00,00:08:15
podcast_levant_01__clip0031.wav,podcast_levant_01,31,podcast_levant,Lebanese,https://youtu.be/D6XyQbE7xTM?si=uR8hD8QZx5OvA9zh,00:00:30,00:10:30,00:08:15,00:08:30
podcast_levant_01__clip0032.wav,podcast_levant_01,32,podcast_levant,Lebanese,https://youtu.be/D6XyQbE7xTM?si=uR8hD8QZx5OvA9zh,00:00:30,00:10:30,00:08:30,00:08:45
podcast_levant_01__clip0033.wav,podcast_levant_01,33,podcast_levant,Lebanese,https://youtu.be/D6XyQbE7xTM?si=uR8hD8QZx5OvA9zh,00:00:30,00:10:30,00:08:45,00:09:00
podcast_levant_01__clip0034.wav,podcast_levant_01,34,podcast_levant,Lebanese,https://youtu.be/D6XyQbE7xTM?si=uR8hD8QZx5OvA9zh,00:00:30,00:10:30,00:09:00,00:09:15
podcast_levant_01__clip0035.wav,podcast_levant_01,35,podcast_levant,Lebanese,https://youtu.be/D6XyQbE7xTM?si=uR8hD8QZx5OvA9zh,00:00:30,00:10:30,00:09:15,00:09:30
podcast_levant_01__clip0036.wav,podcast_levant_01,36,podcast_levant,Lebanese,https://youtu.be/D6XyQbE7xTM?si=uR8hD8QZx5OvA9zh,00:00:30,00:10:30,00:09:30,00:09:45
podcast_levant_01__clip0037.wav,podcast_levant_01,37,podcast_levant,Lebanese,https://youtu.be/D6XyQbE7xTM?si=uR8hD8QZx5OvA9zh,00:00:30,00:10:30,00:09:45,00:10:00
podcast_levant_01__clip0038.wav,podcast_levant_01,38,podcast_levant,Lebanese,https://youtu.be/D6XyQbE7xTM?si=uR8hD8QZx5OvA9zh,00:00:30,00:10:30,00:10:00,00:10:15
podcast_levant_01__clip0039.wav,podcast_levant_01,39,podcast_levant,Lebanese,https://youtu.be/D6XyQbE7xTM?si=uR8hD8QZx5OvA9zh,00:00:30,00:10:30,00:10:15,00:10:30
podcast_gulf_02__clip0000.wav,podcast_gulf_02,0,podcast_gulf,Kuwaiti,https://www.youtube.com/watch?v=Q3BlMCSbNm0,00:00:30,00:10:30,00:00:30,00:00:45
podcast_gulf_02__clip0001.wav,podcast_gulf_02,1,podcast_gulf,Kuwaiti,https://www.youtube.com/watch?v=Q3BlMCSbNm0,00:00:30,00:10:30,00:00:45,00:01:00
podcast_gulf_02__clip0002.wav,podcast_gulf_02,2,podcast_gulf,Kuwaiti,https://www.youtube.com/watch?v=Q3BlMCSbNm0,00:00:30,00:10:30,00:01:00,00:01:15
podcast_gulf_02__clip0003.wav,podcast_gulf_02,3,podcast_gulf,Kuwaiti,https://www.youtube.com/watch?v=Q3BlMCSbNm0,00:00:30,00:10:30,00:01:15,00:01:30
podcast_gulf_02__clip0004.wav,podcast_gulf_02,4,podcast_gulf,Kuwaiti,https://www.youtube.com/watch?v=Q3BlMCSbNm0,00:00:30,00:10:30,00:01:30,00:01:45
podcast_gulf_02__clip0005.wav,podcast_gulf_02,5,podcast_gulf,Kuwaiti,https://www.youtube.com/watch?v=Q3BlMCSbNm0,00:00:30,00:10:30,00:01:45,00:02:00
podcast_gulf_02__clip0006.wav,podcast_gulf_02,6,podcast_gulf,Kuwaiti,https://www.youtube.com/watch?v=Q3BlMCSbNm0,00:00:30,00:10:30,00:02:00,00:02:15
podcast_gulf_02__clip0007.wav,podcast_gulf_02,7,podcast_gulf,Kuwaiti,https://www.youtube.com/watch?v=Q3BlMCSbNm0,00:00:30,00:10:30,00:02:15,00:02:30
podcast_gulf_02__clip0008.wav,podcast_gulf_02,8,podcast_gulf,Kuwaiti,https://www.youtube.com/watch?v=Q3BlMCSbNm0,00:00:30,00:10:30,00:02:30,00:02:45
podcast_gulf_02__clip0009.wav,podcast_gulf_02,9,podcast_gulf,Kuwaiti,https://www.youtube.com/watch?v=Q3BlMCSbNm0,00:00:30,00:10:30,00:02:45,00:03:00
podcast_gulf_02__clip0010.wav,podcast_gulf_02,10,podcast_gulf,Kuwaiti,https://www.youtube.com/watch?v=Q3BlMCSbNm0,00:00:30,00:10:30,00:03:00,00:03:15
podcast_gulf_02__clip0011.wav,podcast_gulf_02,11,podcast_gulf,Kuwaiti,https://www.youtube.com/watch?v=Q3BlMCSbNm0,00:00:30,00:10:30,00:03:15,00:03:30
podcast_gulf_02__clip0012.wav,podcast_gulf_02,12,podcast_gulf,Kuwaiti,https://www.youtube.com/watch?v=Q3BlMCSbNm0,00:00:30,00:10:30,00:03:30,00:03:45
podcast_gulf_02__clip0013.wav,podcast_gulf_02,13,podcast_gulf,Kuwaiti,https://www.youtube.com/watch?v=Q3BlMCSbNm0,00:00:30,00:10:30,00:03:45,00:04:00
podcast_gulf_02__clip0014.wav,podcast_gulf_02,14,podcast_gulf,Kuwaiti,https://www.youtube.com/watch?v=Q3BlMCSbNm0,00:00:30,00:10:30,00:04:00,00:04:15
podcast_gulf_02__clip0015.wav,podcast_gulf_02,15,podcast_gulf,Kuwaiti,https://www.youtube.com/watch?v=Q3BlMCSbNm0,00:00:30,00:10:30,00:04:15,00:04:30
podcast_gulf_02__clip0016.wav,podcast_gulf_02,16,podcast_gulf,Kuwaiti,https://www.youtube.com/watch?v=Q3BlMCSbNm0,00:00:30,00:10:30,00:04:30,00:04:45
podcast_gulf_02__clip0017.wav,podcast_gulf_02,17,podcast_gulf,Kuwaiti,https://www.youtube.com/watch?v=Q3BlMCSbNm0,00:00:30,00:10:30,00:04:45,00:05:00
podcast_gulf_02__clip0018.wav,podcast_gulf_02,18,podcast_gulf,Kuwaiti,https://www.youtube.com/watch?v=Q3BlMCSbNm0,00:00:30,00:10:30,00:05:00,00:05:15
podcast_gulf_02__clip0019.wav,podcast_gulf_02,19,podcast_gulf,Kuwaiti,https://www.youtube.com/watch?v=Q3BlMCSbNm0,00:00:30,00:10:30,00:05:15,00:05:30
podcast_gulf_02__clip0020.wav,podcast_gulf_02,20,podcast_gulf,Kuwaiti,https://www.youtube.com/watch?v=Q3BlMCSbNm0,00:00:30,00:10:30,00:05:30,00:05:45
podcast_gulf_02__clip0021.wav,podcast_gulf_02,21,podcast_gulf,Kuwaiti,https://www.youtube.com/watch?v=Q3BlMCSbNm0,00:00:30,00:10:30,00:05:45,00:06:00
podcast_gulf_02__clip0022.wav,podcast_gulf_02,22,podcast_gulf,Kuwaiti,https://www.youtube.com/watch?v=Q3BlMCSbNm0,00:00:30,00:10:30,00:06:00,00:06:15
podcast_gulf_02__clip0023.wav,podcast_gulf_02,23,podcast_gulf,Kuwaiti,https://www.youtube.com/watch?v=Q3BlMCSbNm0,00:00:30,00:10:30,00:06:15,00:06:30
podcast_gulf_02__clip0024.wav,podcast_gulf_02,24,podcast_gulf,Kuwaiti,https://www.youtube.com/watch?v=Q3BlMCSbNm0,00:00:30,00:10:30,00:06:30,00:06:45
podcast_gulf_02__clip0025.wav,podcast_gulf_02,25,podcast_gulf,Kuwaiti,https://www.youtube.com/watch?v=Q3BlMCSbNm0,00:00:30,00:10:30,00:06:45,00:07:00
podcast_gulf_02__clip0026.wav,podcast_gulf_02,26,podcast_gulf,Kuwaiti,https://www.youtube.com/watch?v=Q3BlMCSbNm0,00:00:30,00:10:30,00:07:00,00:07:15
podcast_gulf_02__clip0027.wav,podcast_gulf_02,27,podcast_gulf,Kuwaiti,https://www.youtube.com/watch?v=Q3BlMCSbNm0,00:00:30,00:10:30,00:07:15,00:07:30
podcast_gulf_02__clip0028.wav,podcast_gulf_02,28,podcast_gulf,Kuwaiti,https://www.youtube.com/watch?v=Q3BlMCSbNm0,00:00:30,00:10:30,00:07:30,00:07:45
podcast_gulf_02__clip0029.wav,podcast_gulf_02,29,podcast_gulf,Kuwaiti,https://www.youtube.com/watch?v=Q3BlMCSbNm0,00:00:30,00:10:30,00:07:45,00:08:00
podcast_gulf_02__clip0030.wav,podcast_gulf_02,30,podcast_gulf,Kuwaiti,https://www.youtube.com/watch?v=Q3BlMCSbNm0,00:00:30,00:10:30,00:08:00,00:08:15
podcast_gulf_02__clip0031.wav,podcast_gulf_02,31,podcast_gulf,Kuwaiti,https://www.youtube.com/watch?v=Q3BlMCSbNm0,00:00:30,00:10:30,00:08:15,00:08:30
podcast_gulf_02__clip0032.wav,podcast_gulf_02,32,podcast_gulf,Kuwaiti,https://www.youtube.com/watch?v=Q3BlMCSbNm0,00:00:30,00:10:30,00:08:30,00:08:45
podcast_gulf_02__clip0033.wav,podcast_gulf_02,33,podcast_gulf,Kuwaiti,https://www.youtube.com/watch?v=Q3BlMCSbNm0,00:00:30,00:10:30,00:08:45,00:09:00
podcast_gulf_02__clip0034.wav,podcast_gulf_02,34,podcast_gulf,Kuwaiti,https://www.youtube.com/watch?v=Q3BlMCSbNm0,00:00:30,00:10:30,00:09:00,00:09:15
podcast_gulf_02__clip0035.wav,podcast_gulf_02,35,podcast_gulf,Kuwaiti,https://www.youtube.com/watch?v=Q3BlMCSbNm0,00:00:30,00:10:30,00:09:15,00:09:30
podcast_gulf_02__clip0036.wav,podcast_gulf_02,36,podcast_gulf,Kuwaiti,https://www.youtube.com/watch?v=Q3BlMCSbNm0,00:00:30,00:10:30,00:09:30,00:09:45
podcast_gulf_02__clip0037.wav,podcast_gulf_02,37,podcast_gulf,Kuwaiti,https://www.youtube.com/watch?v=Q3BlMCSbNm0,00:00:30,00:10:30,00:09:45,00:10:00
podcast_gulf_02__clip0038.wav,podcast_gulf_02,38,podcast_gulf,Kuwaiti,https://www.youtube.com/watch?v=Q3BlMCSbNm0,00:00:30,00:10:30,00:10:00,00:10:15
podcast_gulf_02__clip0039.wav,podcast_gulf_02,39,podcast_gulf,Kuwaiti,https://www.youtube.com/watch?v=Q3BlMCSbNm0,00:00:30,00:10:30,00:10:15,00:10:30
street_saudi_01__clip0000.wav,street_saudi_01,0,street_interview,Saudi,https://youtu.be/2Gdm3zAJLKc?si=F9fJJy5LHDpK5z07,00:00:30,00:10:30,00:00:30,00:00:45
street_saudi_01__clip0001.wav,street_saudi_01,1,street_interview,Saudi,https://youtu.be/2Gdm3zAJLKc?si=F9fJJy5LHDpK5z07,00:00:30,00:10:30,00:00:45,00:01:00
street_saudi_01__clip0002.wav,street_saudi_01,2,street_interview,Saudi,https://youtu.be/2Gdm3zAJLKc?si=F9fJJy5LHDpK5z07,00:00:30,00:10:30,00:01:00,00:01:15
street_saudi_01__clip0003.wav,street_saudi_01,3,street_interview,Saudi,https://youtu.be/2Gdm3zAJLKc?si=F9fJJy5LHDpK5z07,00:00:30,00:10:30,00:01:15,00:01:30
street_saudi_01__clip0004.wav,street_saudi_01,4,street_interview,Saudi,https://youtu.be/2Gdm3zAJLKc?si=F9fJJy5LHDpK5z07,00:00:30,00:10:30,00:01:30,00:01:45
street_saudi_01__clip0005.wav,street_saudi_01,5,street_interview,Saudi,https://youtu.be/2Gdm3zAJLKc?si=F9fJJy5LHDpK5z07,00:00:30,00:10:30,00:01:45,00:02:00
street_saudi_01__clip0006.wav,street_saudi_01,6,street_interview,Saudi,https://youtu.be/2Gdm3zAJLKc?si=F9fJJy5LHDpK5z07,00:00:30,00:10:30,00:02:00,00:02:15
street_saudi_01__clip0007.wav,street_saudi_01,7,street_interview,Saudi,https://youtu.be/2Gdm3zAJLKc?si=F9fJJy5LHDpK5z07,00:00:30,00:10:30,00:02:15,00:02:30
street_saudi_01__clip0008.wav,street_saudi_01,8,street_interview,Saudi,https://youtu.be/2Gdm3zAJLKc?si=F9fJJy5LHDpK5z07,00:00:30,00:10:30,00:02:30,00:02:45
street_saudi_01__clip0009.wav,street_saudi_01,9,street_interview,Saudi,https://youtu.be/2Gdm3zAJLKc?si=F9fJJy5LHDpK5z07,00:00:30,00:10:30,00:02:45,00:03:00
street_saudi_01__clip0010.wav,street_saudi_01,10,street_interview,Saudi,https://youtu.be/2Gdm3zAJLKc?si=F9fJJy5LHDpK5z07,00:00:30,00:10:30,00:03:00,00:03:15
street_saudi_01__clip0011.wav,street_saudi_01,11,street_interview,Saudi,https://youtu.be/2Gdm3zAJLKc?si=F9fJJy5LHDpK5z07,00:00:30,00:10:30,00:03:15,00:03:30
street_saudi_01__clip0012.wav,street_saudi_01,12,street_interview,Saudi,https://youtu.be/2Gdm3zAJLKc?si=F9fJJy5LHDpK5z07,00:00:30,00:10:30,00:03:30,00:03:45
street_saudi_01__clip0013.wav,street_saudi_01,13,street_interview,Saudi,https://youtu.be/2Gdm3zAJLKc?si=F9fJJy5LHDpK5z07,00:00:30,00:10:30,00:03:45,00:04:00
street_saudi_01__clip0014.wav,street_saudi_01,14,street_interview,Saudi,https://youtu.be/2Gdm3zAJLKc?si=F9fJJy5LHDpK5z07,00:00:30,00:10:30,00:04:00,00:04:15
street_saudi_01__clip0015.wav,street_saudi_01,15,street_interview,Saudi,https://youtu.be/2Gdm3zAJLKc?si=F9fJJy5LHDpK5z07,00:00:30,00:10:30,00:04:15,00:04:30
street_saudi_01__clip0016.wav,street_saudi_01,16,street_interview,Saudi,https://youtu.be/2Gdm3zAJLKc?si=F9fJJy5LHDpK5z07,00:00:30,00:10:30,00:04:30,00:04:45
street_saudi_01__clip0017.wav,street_saudi_01,17,street_interview,Saudi,https://youtu.be/2Gdm3zAJLKc?si=F9fJJy5LHDpK5z07,00:00:30,00:10:30,00:04:45,00:05:00
street_saudi_01__clip0018.wav,street_saudi_01,18,street_interview,Saudi,https://youtu.be/2Gdm3zAJLKc?si=F9fJJy5LHDpK5z07,00:00:30,00:10:30,00:05:00,00:05:15
street_saudi_01__clip0019.wav,street_saudi_01,19,street_interview,Saudi,https://youtu.be/2Gdm3zAJLKc?si=F9fJJy5LHDpK5z07,00:00:30,00:10:30,00:05:15,00:05:30
street_saudi_01__clip0020.wav,street_saudi_01,20,street_interview,Saudi,https://youtu.be/2Gdm3zAJLKc?si=F9fJJy5LHDpK5z07,00:00:30,00:10:30,00:05:30,00:05:45
street_saudi_01__clip0021.wav,street_saudi_01,21,street_interview,Saudi,https://youtu.be/2Gdm3zAJLKc?si=F9fJJy5LHDpK5z07,00:00:30,00:10:30,00:05:45,00:06:00
street_saudi_01__clip0022.wav,street_saudi_01,22,street_interview,Saudi,https://youtu.be/2Gdm3zAJLKc?si=F9fJJy5LHDpK5z07,00:00:30,00:10:30,00:06:00,00:06:15
street_saudi_01__clip0023.wav,street_saudi_01,23,street_interview,Saudi,https://youtu.be/2Gdm3zAJLKc?si=F9fJJy5LHDpK5z07,00:00:30,00:10:30,00:06:15,00:06:30
street_saudi_01__clip0024.wav,street_saudi_01,24,street_interview,Saudi,https://youtu.be/2Gdm3zAJLKc?si=F9fJJy5LHDpK5z07,00:00:30,00:10:30,00:06:30,00:06:45
street_saudi_01__clip0025.wav,street_saudi_01,25,street_interview,Saudi,https://youtu.be/2Gdm3zAJLKc?si=F9fJJy5LHDpK5z07,00:00:30,00:10:30,00:06:45,00:07:00
street_saudi_01__clip0026.wav,street_saudi_01,26,street_interview,Saudi,https://youtu.be/2Gdm3zAJLKc?si=F9fJJy5LHDpK5z07,00:00:30,00:10:30,00:07:00,00:07:15
street_saudi_01__clip0027.wav,street_saudi_01,27,street_interview,Saudi,https://youtu.be/2Gdm3zAJLKc?si=F9fJJy5LHDpK5z07,00:00:30,00:10:30,00:07:15,00:07:30
street_saudi_01__clip0028.wav,street_saudi_01,28,street_interview,Saudi,https://youtu.be/2Gdm3zAJLKc?si=F9fJJy5LHDpK5z07,00:00:30,00:10:30,00:07:30,00:07:45
street_saudi_01__clip0029.wav,street_saudi_01,29,street_interview,Saudi,https://youtu.be/2Gdm3zAJLKc?si=F9fJJy5LHDpK5z07,00:00:30,00:10:30,00:07:45,00:08:00
street_saudi_01__clip0030.wav,street_saudi_01,30,street_interview,Saudi,https://youtu.be/2Gdm3zAJLKc?si=F9fJJy5LHDpK5z07,00:00:30,00:10:30,00:08:00,00:08:15
street_saudi_01__clip0031.wav,street_saudi_01,31,street_interview,Saudi,https://youtu.be/2Gdm3zAJLKc?si=F9fJJy5LHDpK5z07,00:00:30,00:10:30,00:08:15,00:08:30
street_saudi_01__clip0032.wav,street_saudi_01,32,street_interview,Saudi,https://youtu.be/2Gdm3zAJLKc?si=F9fJJy5LHDpK5z07,00:00:30,00:10:30,00:08:30,00:08:45
street_saudi_01__clip0033.wav,street_saudi_01,33,street_interview,Saudi,https://youtu.be/2Gdm3zAJLKc?si=F9fJJy5LHDpK5z07,00:00:30,00:10:30,00:08:45,00:09:00
street_saudi_01__clip0034.wav,street_saudi_01,34,street_interview,Saudi,https://youtu.be/2Gdm3zAJLKc?si=F9fJJy5LHDpK5z07,00:00:30,00:10:30,00:09:00,00:09:15
street_saudi_01__clip0035.wav,street_saudi_01,35,street_interview,Saudi,https://youtu.be/2Gdm3zAJLKc?si=F9fJJy5LHDpK5z07,00:00:30,00:10:30,00:09:15,00:09:30
street_saudi_01__clip0036.wav,street_saudi_01,36,street_interview,Saudi,https://youtu.be/2Gdm3zAJLKc?si=F9fJJy5LHDpK5z07,00:00:30,00:10:30,00:09:30,00:09:45
street_saudi_01__clip0037.wav,street_saudi_01,37,street_interview,Saudi,https://youtu.be/2Gdm3zAJLKc?si=F9fJJy5LHDpK5z07,00:00:30,00:10:30,00:09:45,00:10:00
street_saudi_01__clip0038.wav,street_saudi_01,38,street_interview,Saudi,https://youtu.be/2Gdm3zAJLKc?si=F9fJJy5LHDpK5z07,00:00:30,00:10:30,00:10:00,00:10:15
street_saudi_01__clip0039.wav,street_saudi_01,39,street_interview,Saudi,https://youtu.be/2Gdm3zAJLKc?si=F9fJJy5LHDpK5z07,00:00:30,00:10:30,00:10:15,00:10:30
street_saudi_short_01__clip0000.wav,street_saudi_short_01,0,street_interview,Saudi,https://www.youtube.com/shorts/Aewctu7XCbY,00:00:00,00:00:60,00:00:00,00:00:15
street_saudi_short_01__clip0001.wav,street_saudi_short_01,1,street_interview,Saudi,https://www.youtube.com/shorts/Aewctu7XCbY,00:00:00,00:00:60,00:00:15,00:00:30
street_saudi_short_01__clip0002.wav,street_saudi_short_01,2,street_interview,Saudi,https://www.youtube.com/shorts/Aewctu7XCbY,00:00:00,00:00:60,00:00:30,00:00:45
street_saudi_short_01__clip0003.wav,street_saudi_short_01,3,street_interview,Saudi,https://www.youtube.com/shorts/Aewctu7XCbY,00:00:00,00:00:60,00:00:45,00:01:00
street_egypt_01__clip0000.wav,street_egypt_01,0,street_interview,Egyptian,https://youtu.be/Zsz0ou4VX2g?si=T4iF6GvXZ43SvGUV,00:00:30,00:10:30,00:00:30,00:00:45
street_egypt_01__clip0001.wav,street_egypt_01,1,street_interview,Egyptian,https://youtu.be/Zsz0ou4VX2g?si=T4iF6GvXZ43SvGUV,00:00:30,00:10:30,00:00:45,00:01:00
street_egypt_01__clip0002.wav,street_egypt_01,2,street_interview,Egyptian,https://youtu.be/Zsz0ou4VX2g?si=T4iF6GvXZ43SvGUV,00:00:30,00:10:30,00:01:00,00:01:15
street_egypt_01__clip0003.wav,street_egypt_01,3,street_interview,Egyptian,https://youtu.be/Zsz0ou4VX2g?si=T4iF6GvXZ43SvGUV,00:00:30,00:10:30,00:01:15,00:01:30
street_egypt_01__clip0004.wav,street_egypt_01,4,street_interview,Egyptian,https://youtu.be/Zsz0ou4VX2g?si=T4iF6GvXZ43SvGUV,00:00:30,00:10:30,00:01:30,00:01:45
street_egypt_01__clip0005.wav,street_egypt_01,5,street_interview,Egyptian,https://youtu.be/Zsz0ou4VX2g?si=T4iF6GvXZ43SvGUV,00:00:30,00:10:30,00:01:45,00:02:00
street_egypt_01__clip0006.wav,street_egypt_01,6,street_interview,Egyptian,https://youtu.be/Zsz0ou4VX2g?si=T4iF6GvXZ43SvGUV,00:00:30,00:10:30,00:02:00,00:02:15
street_egypt_01__clip0007.wav,street_egypt_01,7,street_interview,Egyptian,https://youtu.be/Zsz0ou4VX2g?si=T4iF6GvXZ43SvGUV,00:00:30,00:10:30,00:02:15,00:02:30
street_egypt_01__clip0008.wav,street_egypt_01,8,street_interview,Egyptian,https://youtu.be/Zsz0ou4VX2g?si=T4iF6GvXZ43SvGUV,00:00:30,00:10:30,00:02:30,00:02:45
street_egypt_01__clip0009.wav,street_egypt_01,9,street_interview,Egyptian,https://youtu.be/Zsz0ou4VX2g?si=T4iF6GvXZ43SvGUV,00:00:30,00:10:30,00:02:45,00:03:00
street_egypt_01__clip0010.wav,street_egypt_01,10,street_interview,Egyptian,https://youtu.be/Zsz0ou4VX2g?si=T4iF6GvXZ43SvGUV,00:00:30,00:10:30,00:03:00,00:03:15
street_egypt_01__clip0011.wav,street_egypt_01,11,street_interview,Egyptian,https://youtu.be/Zsz0ou4VX2g?si=T4iF6GvXZ43SvGUV,00:00:30,00:10:30,00:03:15,00:03:30
street_egypt_01__clip0012.wav,street_egypt_01,12,street_interview,Egyptian,https://youtu.be/Zsz0ou4VX2g?si=T4iF6GvXZ43SvGUV,00:00:30,00:10:30,00:03:30,00:03:45
street_egypt_01__clip0013.wav,street_egypt_01,13,street_interview,Egyptian,https://youtu.be/Zsz0ou4VX2g?si=T4iF6GvXZ43SvGUV,00:00:30,00:10:30,00:03:45,00:04:00
street_egypt_01__clip0014.wav,street_egypt_01,14,street_interview,Egyptian,https://youtu.be/Zsz0ou4VX2g?si=T4iF6GvXZ43SvGUV,00:00:30,00:10:30,00:04:00,00:04:15
street_egypt_01__clip0015.wav,street_egypt_01,15,street_interview,Egyptian,https://youtu.be/Zsz0ou4VX2g?si=T4iF6GvXZ43SvGUV,00:00:30,00:10:30,00:04:15,00:04:30
street_egypt_01__clip0016.wav,street_egypt_01,16,street_interview,Egyptian,https://youtu.be/Zsz0ou4VX2g?si=T4iF6GvXZ43SvGUV,00:00:30,00:10:30,00:04:30,00:04:45
street_egypt_01__clip0017.wav,street_egypt_01,17,street_interview,Egyptian,https://youtu.be/Zsz0ou4VX2g?si=T4iF6GvXZ43SvGUV,00:00:30,00:10:30,00:04:45,00:05:00
street_egypt_01__clip0018.wav,street_egypt_01,18,street_interview,Egyptian,https://youtu.be/Zsz0ou4VX2g?si=T4iF6GvXZ43SvGUV,00:00:30,00:10:30,00:05:00,00:05:15
street_egypt_01__clip0019.wav,street_egypt_01,19,street_interview,Egyptian,https://youtu.be/Zsz0ou4VX2g?si=T4iF6GvXZ43SvGUV,00:00:30,00:10:30,00:05:15,00:05:30
street_egypt_01__clip0020.wav,street_egypt_01,20,street_interview,Egyptian,https://youtu.be/Zsz0ou4VX2g?si=T4iF6GvXZ43SvGUV,00:00:30,00:10:30,00:05:30,00:05:45
street_egypt_01__clip0021.wav,street_egypt_01,21,street_interview,Egyptian,https://youtu.be/Zsz0ou4VX2g?si=T4iF6GvXZ43SvGUV,00:00:30,00:10:30,00:05:45,00:06:00
street_egypt_01__clip0022.wav,street_egypt_01,22,street_interview,Egyptian,https://youtu.be/Zsz0ou4VX2g?si=T4iF6GvXZ43SvGUV,00:00:30,00:10:30,00:06:00,00:06:15
street_egypt_01__clip0023.wav,street_egypt_01,23,street_interview,Egyptian,https://youtu.be/Zsz0ou4VX2g?si=T4iF6GvXZ43SvGUV,00:00:30,00:10:30,00:06:15,00:06:30
street_egypt_01__clip0024.wav,street_egypt_01,24,street_interview,Egyptian,https://youtu.be/Zsz0ou4VX2g?si=T4iF6GvXZ43SvGUV,00:00:30,00:10:30,00:06:30,00:06:45
street_egypt_01__clip0025.wav,street_egypt_01,25,street_interview,Egyptian,https://youtu.be/Zsz0ou4VX2g?si=T4iF6GvXZ43SvGUV,00:00:30,00:10:30,00:06:45,00:07:00
street_egypt_01__clip0026.wav,street_egypt_01,26,street_interview,Egyptian,https://youtu.be/Zsz0ou4VX2g?si=T4iF6GvXZ43SvGUV,00:00:30,00:10:30,00:07:00,00:07:15
street_egypt_01__clip0027.wav,street_egypt_01,27,street_interview,Egyptian,https://youtu.be/Zsz0ou4VX2g?si=T4iF6GvXZ43SvGUV,00:00:30,00:10:30,00:07:15,00:07:30
street_egypt_01__clip0028.wav,street_egypt_01,28,street_interview,Egyptian,https://youtu.be/Zsz0ou4VX2g?si=T4iF6GvXZ43SvGUV,00:00:30,00:10:30,00:07:30,00:07:45
street_egypt_01__clip0029.wav,street_egypt_01,29,street_interview,Egyptian,https://youtu.be/Zsz0ou4VX2g?si=T4iF6GvXZ43SvGUV,00:00:30,00:10:30,00:07:45,00:08:00
street_egypt_01__clip0030.wav,street_egypt_01,30,street_interview,Egyptian,https://youtu.be/Zsz0ou4VX2g?si=T4iF6GvXZ43SvGUV,00:00:30,00:10:30,00:08:00,00:08:15
street_egypt_01__clip0031.wav,street_egypt_01,31,street_interview,Egyptian,https://youtu.be/Zsz0ou4VX2g?si=T4iF6GvXZ43SvGUV,00:00:30,00:10:30,00:08:15,00:08:30
street_egypt_01__clip0032.wav,street_egypt_01,32,street_interview,Egyptian,https://youtu.be/Zsz0ou4VX2g?si=T4iF6GvXZ43SvGUV,00:00:30,00:10:30,00:08:30,00:08:45
street_egypt_01__clip0033.wav,street_egypt_01,33,street_interview,Egyptian,https://youtu.be/Zsz0ou4VX2g?si=T4iF6GvXZ43SvGUV,00:00:30,00:10:30,00:08:45,00:09:00
street_egypt_01__clip0034.wav,street_egypt_01,34,street_interview,Egyptian,https://youtu.be/Zsz0ou4VX2g?si=T4iF6GvXZ43SvGUV,00:00:30,00:10:30,00:09:00,00:09:15
street_egypt_01__clip0035.wav,street_egypt_01,35,street_interview,Egyptian,https://youtu.be/Zsz0ou4VX2g?si=T4iF6GvXZ43SvGUV,00:00:30,00:10:30,00:09:15,00:09:30
street_egypt_01__clip0036.wav,street_egypt_01,36,street_interview,Egyptian,https://youtu.be/Zsz0ou4VX2g?si=T4iF6GvXZ43SvGUV,00:00:30,00:10:30,00:09:30,00:09:45
street_jordan_01__clip0000.wav,street_jordan_01,0,street_interview,Jordanian,https://youtu.be/kTxGFrljLzM?si=bTd2ixbRCO4PdRp1,00:00:30,00:10:30,00:00:30,00:00:45
street_jordan_01__clip0001.wav,street_jordan_01,1,street_interview,Jordanian,https://youtu.be/kTxGFrljLzM?si=bTd2ixbRCO4PdRp1,00:00:30,00:10:30,00:00:45,00:01:00
street_jordan_01__clip0002.wav,street_jordan_01,2,street_interview,Jordanian,https://youtu.be/kTxGFrljLzM?si=bTd2ixbRCO4PdRp1,00:00:30,00:10:30,00:01:00,00:01:15
street_jordan_01__clip0003.wav,street_jordan_01,3,street_interview,Jordanian,https://youtu.be/kTxGFrljLzM?si=bTd2ixbRCO4PdRp1,00:00:30,00:10:30,00:01:15,00:01:30
street_jordan_01__clip0004.wav,street_jordan_01,4,street_interview,Jordanian,https://youtu.be/kTxGFrljLzM?si=bTd2ixbRCO4PdRp1,00:00:30,00:10:30,00:01:30,00:01:45
street_jordan_01__clip0005.wav,street_jordan_01,5,street_interview,Jordanian,https://youtu.be/kTxGFrljLzM?si=bTd2ixbRCO4PdRp1,00:00:30,00:10:30,00:01:45,00:02:00
street_jordan_01__clip0006.wav,street_jordan_01,6,street_interview,Jordanian,https://youtu.be/kTxGFrljLzM?si=bTd2ixbRCO4PdRp1,00:00:30,00:10:30,00:02:00,00:02:15
street_jordan_01__clip0007.wav,street_jordan_01,7,street_interview,Jordanian,https://youtu.be/kTxGFrljLzM?si=bTd2ixbRCO4PdRp1,00:00:30,00:10:30,00:02:15,00:02:30
street_jordan_01__clip0008.wav,street_jordan_01,8,street_interview,Jordanian,https://youtu.be/kTxGFrljLzM?si=bTd2ixbRCO4PdRp1,00:00:30,00:10:30,00:02:30,00:02:45
street_jordan_01__clip0009.wav,street_jordan_01,9,street_interview,Jordanian,https://youtu.be/kTxGFrljLzM?si=bTd2ixbRCO4PdRp1,00:00:30,00:10:30,00:02:45,00:03:00
street_jordan_01__clip0010.wav,street_jordan_01,10,street_interview,Jordanian,https://youtu.be/kTxGFrljLzM?si=bTd2ixbRCO4PdRp1,00:00:30,00:10:30,00:03:00,00:03:15
street_jordan_01__clip0011.wav,street_jordan_01,11,street_interview,Jordanian,https://youtu.be/kTxGFrljLzM?si=bTd2ixbRCO4PdRp1,00:00:30,00:10:30,00:03:15,00:03:30
street_jordan_01__clip0012.wav,street_jordan_01,12,street_interview,Jordanian,https://youtu.be/kTxGFrljLzM?si=bTd2ixbRCO4PdRp1,00:00:30,00:10:30,00:03:30,00:03:45
street_jordan_01__clip0013.wav,street_jordan_01,13,street_interview,Jordanian,https://youtu.be/kTxGFrljLzM?si=bTd2ixbRCO4PdRp1,00:00:30,00:10:30,00:03:45,00:04:00
street_jordan_01__clip0014.wav,street_jordan_01,14,street_interview,Jordanian,https://youtu.be/kTxGFrljLzM?si=bTd2ixbRCO4PdRp1,00:00:30,00:10:30,00:04:00,00:04:15
street_jordan_01__clip0015.wav,street_jordan_01,15,street_interview,Jordanian,https://youtu.be/kTxGFrljLzM?si=bTd2ixbRCO4PdRp1,00:00:30,00:10:30,00:04:15,00:04:30
street_jordan_01__clip0016.wav,street_jordan_01,16,street_interview,Jordanian,https://youtu.be/kTxGFrljLzM?si=bTd2ixbRCO4PdRp1,00:00:30,00:10:30,00:04:30,00:04:45
street_jordan_01__clip0017.wav,street_jordan_01,17,street_interview,Jordanian,https://youtu.be/kTxGFrljLzM?si=bTd2ixbRCO4PdRp1,00:00:30,00:10:30,00:04:45,00:05:00
street_jordan_01__clip0018.wav,street_jordan_01,18,street_interview,Jordanian,https://youtu.be/kTxGFrljLzM?si=bTd2ixbRCO4PdRp1,00:00:30,00:10:30,00:05:00,00:05:15
street_jordan_01__clip0019.wav,street_jordan_01,19,street_interview,Jordanian,https://youtu.be/kTxGFrljLzM?si=bTd2ixbRCO4PdRp1,00:00:30,00:10:30,00:05:15,00:05:30
street_jordan_01__clip0020.wav,street_jordan_01,20,street_interview,Jordanian,https://youtu.be/kTxGFrljLzM?si=bTd2ixbRCO4PdRp1,00:00:30,00:10:30,00:05:30,00:05:45
street_jordan_01__clip0021.wav,street_jordan_01,21,street_interview,Jordanian,https://youtu.be/kTxGFrljLzM?si=bTd2ixbRCO4PdRp1,00:00:30,00:10:30,00:05:45,00:06:00
street_jordan_01__clip0022.wav,street_jordan_01,22,street_interview,Jordanian,https://youtu.be/kTxGFrljLzM?si=bTd2ixbRCO4PdRp1,00:00:30,00:10:30,00:06:00,00:06:15
street_jordan_01__clip0023.wav,street_jordan_01,23,street_interview,Jordanian,https://youtu.be/kTxGFrljLzM?si=bTd2ixbRCO4PdRp1,00:00:30,00:10:30,00:06:15,00:06:30
street_jordan_01__clip0024.wav,street_jordan_01,24,street_interview,Jordanian,https://youtu.be/kTxGFrljLzM?si=bTd2ixbRCO4PdRp1,00:00:30,00:10:30,00:06:30,00:06:45
street_jordan_01__clip0025.wav,street_jordan_01,25,street_interview,Jordanian,https://youtu.be/kTxGFrljLzM?si=bTd2ixbRCO4PdRp1,00:00:30,00:10:30,00:06:45,00:07:00
street_jordan_01__clip0026.wav,street_jordan_01,26,street_interview,Jordanian,https://youtu.be/kTxGFrljLzM?si=bTd2ixbRCO4PdRp1,00:00:30,00:10:30,00:07:00,00:07:15
street_jordan_01__clip0027.wav,street_jordan_01,27,street_interview,Jordanian,https://youtu.be/kTxGFrljLzM?si=bTd2ixbRCO4PdRp1,00:00:30,00:10:30,00:07:15,00:07:30
street_jordan_01__clip0028.wav,street_jordan_01,28,street_interview,Jordanian,https://youtu.be/kTxGFrljLzM?si=bTd2ixbRCO4PdRp1,00:00:30,00:10:30,00:07:30,00:07:45
street_jordan_01__clip0029.wav,street_jordan_01,29,street_interview,Jordanian,https://youtu.be/kTxGFrljLzM?si=bTd2ixbRCO4PdRp1,00:00:30,00:10:30,00:07:45,00:08:00
street_jordan_01__clip0030.wav,street_jordan_01,30,street_interview,Jordanian,https://youtu.be/kTxGFrljLzM?si=bTd2ixbRCO4PdRp1,00:00:30,00:10:30,00:08:00,00:08:15
street_jordan_01__clip0031.wav,street_jordan_01,31,street_interview,Jordanian,https://youtu.be/kTxGFrljLzM?si=bTd2ixbRCO4PdRp1,00:00:30,00:10:30,00:08:15,00:08:30
street_jordan_01__clip0032.wav,street_jordan_01,32,street_interview,Jordanian,https://youtu.be/kTxGFrljLzM?si=bTd2ixbRCO4PdRp1,00:00:30,00:10:30,00:08:30,00:08:45
street_jordan_01__clip0033.wav,street_jordan_01,33,street_interview,Jordanian,https://youtu.be/kTxGFrljLzM?si=bTd2ixbRCO4PdRp1,00:00:30,00:10:30,00:08:45,00:09:00
street_jordan_01__clip0034.wav,street_jordan_01,34,street_interview,Jordanian,https://youtu.be/kTxGFrljLzM?si=bTd2ixbRCO4PdRp1,00:00:30,00:10:30,00:09:00,00:09:15
street_jordan_01__clip0035.wav,street_jordan_01,35,street_interview,Jordanian,https://youtu.be/kTxGFrljLzM?si=bTd2ixbRCO4PdRp1,00:00:30,00:10:30,00:09:15,00:09:30
street_jordan_01__clip0036.wav,street_jordan_01,36,street_interview,Jordanian,https://youtu.be/kTxGFrljLzM?si=bTd2ixbRCO4PdRp1,00:00:30,00:10:30,00:09:30,00:09:45
street_jordan_01__clip0037.wav,street_jordan_01,37,street_interview,Jordanian,https://youtu.be/kTxGFrljLzM?si=bTd2ixbRCO4PdRp1,00:00:30,00:10:30,00:09:45,00:10:00
street_jordan_01__clip0038.wav,street_jordan_01,38,street_interview,Jordanian,https://youtu.be/kTxGFrljLzM?si=bTd2ixbRCO4PdRp1,00:00:30,00:10:30,00:10:00,00:10:15
street_jordan_01__clip0039.wav,street_jordan_01,39,street_interview,Jordanian,https://youtu.be/kTxGFrljLzM?si=bTd2ixbRCO4PdRp1,00:00:30,00:10:30,00:10:15,00:10:30
tvshow_01__clip0000.wav,tvshow_01,0,tv_show,Moroccan,https://www.youtube.com/watch?v=5eVakUcuZBA,00:00:30,00:10:30,00:00:30,00:00:45
tvshow_01__clip0001.wav,tvshow_01,1,tv_show,Moroccan,https://www.youtube.com/watch?v=5eVakUcuZBA,00:00:30,00:10:30,00:00:45,00:01:00
tvshow_01__clip0002.wav,tvshow_01,2,tv_show,Moroccan,https://www.youtube.com/watch?v=5eVakUcuZBA,00:00:30,00:10:30,00:01:00,00:01:15
tvshow_01__clip0003.wav,tvshow_01,3,tv_show,Moroccan,https://www.youtube.com/watch?v=5eVakUcuZBA,00:00:30,00:10:30,00:01:15,00:01:30
tvshow_01__clip0004.wav,tvshow_01,4,tv_show,Moroccan,https://www.youtube.com/watch?v=5eVakUcuZBA,00:00:30,00:10:30,00:01:30,00:01:45
tvshow_01__clip0005.wav,tvshow_01,5,tv_show,Moroccan,https://www.youtube.com/watch?v=5eVakUcuZBA,00:00:30,00:10:30,00:01:45,00:02:00
tvshow_01__clip0006.wav,tvshow_01,6,tv_show,Moroccan,https://www.youtube.com/watch?v=5eVakUcuZBA,00:00:30,00:10:30,00:02:00,00:02:15
tvshow_01__clip0007.wav,tvshow_01,7,tv_show,Moroccan,https://www.youtube.com/watch?v=5eVakUcuZBA,00:00:30,00:10:30,00:02:15,00:02:30
tvshow_01__clip0008.wav,tvshow_01,8,tv_show,Moroccan,https://www.youtube.com/watch?v=5eVakUcuZBA,00:00:30,00:10:30,00:02:30,00:02:45
tvshow_01__clip0009.wav,tvshow_01,9,tv_show,Moroccan,https://www.youtube.com/watch?v=5eVakUcuZBA,00:00:30,00:10:30,00:02:45,00:03:00
tvshow_01__clip0010.wav,tvshow_01,10,tv_show,Moroccan,https://www.youtube.com/watch?v=5eVakUcuZBA,00:00:30,00:10:30,00:03:00,00:03:15
tvshow_01__clip0011.wav,tvshow_01,11,tv_show,Moroccan,https://www.youtube.com/watch?v=5eVakUcuZBA,00:00:30,00:10:30,00:03:15,00:03:30
tvshow_01__clip0012.wav,tvshow_01,12,tv_show,Moroccan,https://www.youtube.com/watch?v=5eVakUcuZBA,00:00:30,00:10:30,00:03:30,00:03:45
tvshow_01__clip0013.wav,tvshow_01,13,tv_show,Moroccan,https://www.youtube.com/watch?v=5eVakUcuZBA,00:00:30,00:10:30,00:03:45,00:04:00
tvshow_01__clip0014.wav,tvshow_01,14,tv_show,Moroccan,https://www.youtube.com/watch?v=5eVakUcuZBA,00:00:30,00:10:30,00:04:00,00:04:15
tvshow_01__clip0015.wav,tvshow_01,15,tv_show,Moroccan,https://www.youtube.com/watch?v=5eVakUcuZBA,00:00:30,00:10:30,00:04:15,00:04:30
tvshow_01__clip0016.wav,tvshow_01,16,tv_show,Moroccan,https://www.youtube.com/watch?v=5eVakUcuZBA,00:00:30,00:10:30,00:04:30,00:04:45
tvshow_01__clip0017.wav,tvshow_01,17,tv_show,Moroccan,https://www.youtube.com/watch?v=5eVakUcuZBA,00:00:30,00:10:30,00:04:45,00:05:00
tvshow_01__clip0018.wav,tvshow_01,18,tv_show,Moroccan,https://www.youtube.com/watch?v=5eVakUcuZBA,00:00:30,00:10:30,00:05:00,00:05:15
tvshow_01__clip0019.wav,tvshow_01,19,tv_show,Moroccan,https://www.youtube.com/watch?v=5eVakUcuZBA,00:00:30,00:10:30,00:05:15,00:05:30
tvshow_01__clip0020.wav,tvshow_01,20,tv_show,Moroccan,https://www.youtube.com/watch?v=5eVakUcuZBA,00:00:30,00:10:30,00:05:30,00:05:45
tvshow_01__clip0021.wav,tvshow_01,21,tv_show,Moroccan,https://www.youtube.com/watch?v=5eVakUcuZBA,00:00:30,00:10:30,00:05:45,00:06:00
tvshow_01__clip0022.wav,tvshow_01,22,tv_show,Moroccan,https://www.youtube.com/watch?v=5eVakUcuZBA,00:00:30,00:10:30,00:06:00,00:06:15
tvshow_01__clip0023.wav,tvshow_01,23,tv_show,Moroccan,https://www.youtube.com/watch?v=5eVakUcuZBA,00:00:30,00:10:30,00:06:15,00:06:30
tvshow_01__clip0024.wav,tvshow_01,24,tv_show,Moroccan,https://www.youtube.com/watch?v=5eVakUcuZBA,00:00:30,00:10:30,00:06:30,00:06:45
tvshow_01__clip0025.wav,tvshow_01,25,tv_show,Moroccan,https://www.youtube.com/watch?v=5eVakUcuZBA,00:00:30,00:10:30,00:06:45,00:07:00
tvshow_01__clip0026.wav,tvshow_01,26,tv_show,Moroccan,https://www.youtube.com/watch?v=5eVakUcuZBA,00:00:30,00:10:30,00:07:00,00:07:15
tvshow_01__clip0027.wav,tvshow_01,27,tv_show,Moroccan,https://www.youtube.com/watch?v=5eVakUcuZBA,00:00:30,00:10:30,00:07:15,00:07:30
tvshow_01__clip0028.wav,tvshow_01,28,tv_show,Moroccan,https://www.youtube.com/watch?v=5eVakUcuZBA,00:00:30,00:10:30,00:07:30,00:07:45
tvshow_01__clip0029.wav,tvshow_01,29,tv_show,Moroccan,https://www.youtube.com/watch?v=5eVakUcuZBA,00:00:30,00:10:30,00:07:45,00:08:00
tvshow_01__clip0030.wav,tvshow_01,30,tv_show,Moroccan,https://www.youtube.com/watch?v=5eVakUcuZBA,00:00:30,00:10:30,00:08:00,00:08:15
tvshow_01__clip0031.wav,tvshow_01,31,tv_show,Moroccan,https://www.youtube.com/watch?v=5eVakUcuZBA,00:00:30,00:10:30,00:08:15,00:08:30
tvshow_01__clip0032.wav,tvshow_01,32,tv_show,Moroccan,https://www.youtube.com/watch?v=5eVakUcuZBA,00:00:30,00:10:30,00:08:30,00:08:45
tvshow_01__clip0033.wav,tvshow_01,33,tv_show,Moroccan,https://www.youtube.com/watch?v=5eVakUcuZBA,00:00:30,00:10:30,00:08:45,00:09:00
tvshow_01__clip0034.wav,tvshow_01,34,tv_show,Moroccan,https://www.youtube.com/watch?v=5eVakUcuZBA,00:00:30,00:10:30,00:09:00,00:09:15
tvshow_01__clip0035.wav,tvshow_01,35,tv_show,Moroccan,https://www.youtube.com/watch?v=5eVakUcuZBA,00:00:30,00:10:30,00:09:15,00:09:30
tvshow_01__clip0036.wav,tvshow_01,36,tv_show,Moroccan,https://www.youtube.com/watch?v=5eVakUcuZBA,00:00:30,00:10:30,00:09:30,00:09:45
tvshow_01__clip0037.wav,tvshow_01,37,tv_show,Moroccan,https://www.youtube.com/watch?v=5eVakUcuZBA,00:00:30,00:10:30,00:09:45,00:10:00
tvshow_01__clip0038.wav,tvshow_01,38,tv_show,Moroccan,https://www.youtube.com/watch?v=5eVakUcuZBA,00:00:30,00:10:30,00:10:00,00:10:15
tvshow_01__clip0039.wav,tvshow_01,39,tv_show,Moroccan,https://www.youtube.com/watch?v=5eVakUcuZBA,00:00:30,00:10:30,00:10:15,00:10:30
tvshow_02__clip0000.wav,tvshow_02,0,tv_show,Egyptian,https://www.youtube.com/watch?v=FzOKvECNWuI&list=PLPgO6vANU2JiAP8Aci4ZyGbfsIrvuHE7K&index=2,00:00:30,00:10:30,00:00:30,00:00:45
tvshow_02__clip0001.wav,tvshow_02,1,tv_show,Egyptian,https://www.youtube.com/watch?v=FzOKvECNWuI&list=PLPgO6vANU2JiAP8Aci4ZyGbfsIrvuHE7K&index=2,00:00:30,00:10:30,00:00:45,00:01:00
tvshow_02__clip0002.wav,tvshow_02,2,tv_show,Egyptian,https://www.youtube.com/watch?v=FzOKvECNWuI&list=PLPgO6vANU2JiAP8Aci4ZyGbfsIrvuHE7K&index=2,00:00:30,00:10:30,00:01:00,00:01:15
tvshow_02__clip0003.wav,tvshow_02,3,tv_show,Egyptian,https://www.youtube.com/watch?v=FzOKvECNWuI&list=PLPgO6vANU2JiAP8Aci4ZyGbfsIrvuHE7K&index=2,00:00:30,00:10:30,00:01:15,00:01:30
tvshow_02__clip0004.wav,tvshow_02,4,tv_show,Egyptian,https://www.youtube.com/watch?v=FzOKvECNWuI&list=PLPgO6vANU2JiAP8Aci4ZyGbfsIrvuHE7K&index=2,00:00:30,00:10:30,00:01:30,00:01:45
tvshow_02__clip0005.wav,tvshow_02,5,tv_show,Egyptian,https://www.youtube.com/watch?v=FzOKvECNWuI&list=PLPgO6vANU2JiAP8Aci4ZyGbfsIrvuHE7K&index=2,00:00:30,00:10:30,00:01:45,00:02:00
tvshow_02__clip0006.wav,tvshow_02,6,tv_show,Egyptian,https://www.youtube.com/watch?v=FzOKvECNWuI&list=PLPgO6vANU2JiAP8Aci4ZyGbfsIrvuHE7K&index=2,00:00:30,00:10:30,00:02:00,00:02:15
tvshow_02__clip0007.wav,tvshow_02,7,tv_show,Egyptian,https://www.youtube.com/watch?v=FzOKvECNWuI&list=PLPgO6vANU2JiAP8Aci4ZyGbfsIrvuHE7K&index=2,00:00:30,00:10:30,00:02:15,00:02:30
tvshow_02__clip0008.wav,tvshow_02,8,tv_show,Egyptian,https://www.youtube.com/watch?v=FzOKvECNWuI&list=PLPgO6vANU2JiAP8Aci4ZyGbfsIrvuHE7K&index=2,00:00:30,00:10:30,00:02:30,00:02:45
tvshow_02__clip0009.wav,tvshow_02,9,tv_show,Egyptian,https://www.youtube.com/watch?v=FzOKvECNWuI&list=PLPgO6vANU2JiAP8Aci4ZyGbfsIrvuHE7K&index=2,00:00:30,00:10:30,00:02:45,00:03:00
tvshow_02__clip0010.wav,tvshow_02,10,tv_show,Egyptian,https://www.youtube.com/watch?v=FzOKvECNWuI&list=PLPgO6vANU2JiAP8Aci4ZyGbfsIrvuHE7K&index=2,00:00:30,00:10:30,00:03:00,00:03:15
tvshow_02__clip0011.wav,tvshow_02,11,tv_show,Egyptian,https://www.youtube.com/watch?v=FzOKvECNWuI&list=PLPgO6vANU2JiAP8Aci4ZyGbfsIrvuHE7K&index=2,00:00:30,00:10:30,00:03:15,00:03:30
tvshow_02__clip0012.wav,tvshow_02,12,tv_show,Egyptian,https://www.youtube.com/watch?v=FzOKvECNWuI&list=PLPgO6vANU2JiAP8Aci4ZyGbfsIrvuHE7K&index=2,00:00:30,00:10:30,00:03:30,00:03:45
tvshow_02__clip0013.wav,tvshow_02,13,tv_show,Egyptian,https://www.youtube.com/watch?v=FzOKvECNWuI&list=PLPgO6vANU2JiAP8Aci4ZyGbfsIrvuHE7K&index=2,00:00:30,00:10:30,00:03:45,00:04:00
tvshow_02__clip0014.wav,tvshow_02,14,tv_show,Egyptian,https://www.youtube.com/watch?v=FzOKvECNWuI&list=PLPgO6vANU2JiAP8Aci4ZyGbfsIrvuHE7K&index=2,00:00:30,00:10:30,00:04:00,00:04:15
tvshow_02__clip0015.wav,tvshow_02,15,tv_show,Egyptian,https://www.youtube.com/watch?v=FzOKvECNWuI&list=PLPgO6vANU2JiAP8Aci4ZyGbfsIrvuHE7K&index=2,00:00:30,00:10:30,00:04:15,00:04:30
tvshow_02__clip0016.wav,tvshow_02,16,tv_show,Egyptian,https://www.youtube.com/watch?v=FzOKvECNWuI&list=PLPgO6vANU2JiAP8Aci4ZyGbfsIrvuHE7K&index=2,00:00:30,00:10:30,00:04:30,00:04:45
tvshow_02__clip0017.wav,tvshow_02,17,tv_show,Egyptian,https://www.youtube.com/watch?v=FzOKvECNWuI&list=PLPgO6vANU2JiAP8Aci4ZyGbfsIrvuHE7K&index=2,00:00:30,00:10:30,00:04:45,00:05:00
tvshow_02__clip0018.wav,tvshow_02,18,tv_show,Egyptian,https://www.youtube.com/watch?v=FzOKvECNWuI&list=PLPgO6vANU2JiAP8Aci4ZyGbfsIrvuHE7K&index=2,00:00:30,00:10:30,00:05:00,00:05:15
tvshow_02__clip0019.wav,tvshow_02,19,tv_show,Egyptian,https://www.youtube.com/watch?v=FzOKvECNWuI&list=PLPgO6vANU2JiAP8Aci4ZyGbfsIrvuHE7K&index=2,00:00:30,00:10:30,00:05:15,00:05:30
tvshow_02__clip0020.wav,tvshow_02,20,tv_show,Egyptian,https://www.youtube.com/watch?v=FzOKvECNWuI&list=PLPgO6vANU2JiAP8Aci4ZyGbfsIrvuHE7K&index=2,00:00:30,00:10:30,00:05:30,00:05:45
tvshow_02__clip0021.wav,tvshow_02,21,tv_show,Egyptian,https://www.youtube.com/watch?v=FzOKvECNWuI&list=PLPgO6vANU2JiAP8Aci4ZyGbfsIrvuHE7K&index=2,00:00:30,00:10:30,00:05:45,00:06:00
tvshow_02__clip0022.wav,tvshow_02,22,tv_show,Egyptian,https://www.youtube.com/watch?v=FzOKvECNWuI&list=PLPgO6vANU2JiAP8Aci4ZyGbfsIrvuHE7K&index=2,00:00:30,00:10:30,00:06:00,00:06:15
tvshow_02__clip0023.wav,tvshow_02,23,tv_show,Egyptian,https://www.youtube.com/watch?v=FzOKvECNWuI&list=PLPgO6vANU2JiAP8Aci4ZyGbfsIrvuHE7K&index=2,00:00:30,00:10:30,00:06:15,00:06:30
tvshow_02__clip0024.wav,tvshow_02,24,tv_show,Egyptian,https://www.youtube.com/watch?v=FzOKvECNWuI&list=PLPgO6vANU2JiAP8Aci4ZyGbfsIrvuHE7K&index=2,00:00:30,00:10:30,00:06:30,00:06:45
tvshow_02__clip0025.wav,tvshow_02,25,tv_show,Egyptian,https://www.youtube.com/watch?v=FzOKvECNWuI&list=PLPgO6vANU2JiAP8Aci4ZyGbfsIrvuHE7K&index=2,00:00:30,00:10:30,00:06:45,00:07:00
tvshow_02__clip0026.wav,tvshow_02,26,tv_show,Egyptian,https://www.youtube.com/watch?v=FzOKvECNWuI&list=PLPgO6vANU2JiAP8Aci4ZyGbfsIrvuHE7K&index=2,00:00:30,00:10:30,00:07:00,00:07:15
tvshow_02__clip0027.wav,tvshow_02,27,tv_show,Egyptian,https://www.youtube.com/watch?v=FzOKvECNWuI&list=PLPgO6vANU2JiAP8Aci4ZyGbfsIrvuHE7K&index=2,00:00:30,00:10:30,00:07:15,00:07:30
tvshow_02__clip0028.wav,tvshow_02,28,tv_show,Egyptian,https://www.youtube.com/watch?v=FzOKvECNWuI&list=PLPgO6vANU2JiAP8Aci4ZyGbfsIrvuHE7K&index=2,00:00:30,00:10:30,00:07:30,00:07:45
tvshow_02__clip0029.wav,tvshow_02,29,tv_show,Egyptian,https://www.youtube.com/watch?v=FzOKvECNWuI&list=PLPgO6vANU2JiAP8Aci4ZyGbfsIrvuHE7K&index=2,00:00:30,00:10:30,00:07:45,00:08:00
tvshow_02__clip0030.wav,tvshow_02,30,tv_show,Egyptian,https://www.youtube.com/watch?v=FzOKvECNWuI&list=PLPgO6vANU2JiAP8Aci4ZyGbfsIrvuHE7K&index=2,00:00:30,00:10:30,00:08:00,00:08:15
tvshow_02__clip0031.wav,tvshow_02,31,tv_show,Egyptian,https://www.youtube.com/watch?v=FzOKvECNWuI&list=PLPgO6vANU2JiAP8Aci4ZyGbfsIrvuHE7K&index=2,00:00:30,00:10:30,00:08:15,00:08:30
tvshow_02__clip0032.wav,tvshow_02,32,tv_show,Egyptian,https://www.youtube.com/watch?v=FzOKvECNWuI&list=PLPgO6vANU2JiAP8Aci4ZyGbfsIrvuHE7K&index=2,00:00:30,00:10:30,00:08:30,00:08:45
tvshow_02__clip0033.wav,tvshow_02,33,tv_show,Egyptian,https://www.youtube.com/watch?v=FzOKvECNWuI&list=PLPgO6vANU2JiAP8Aci4ZyGbfsIrvuHE7K&index=2,00:00:30,00:10:30,00:08:45,00:09:00
tvshow_02__clip0034.wav,tvshow_02,34,tv_show,Egyptian,https://www.youtube.com/watch?v=FzOKvECNWuI&list=PLPgO6vANU2JiAP8Aci4ZyGbfsIrvuHE7K&index=2,00:00:30,00:10:30,00:09:00,00:09:15
tvshow_02__clip0035.wav,tvshow_02,35,tv_show,Egyptian,https://www.youtube.com/watch?v=FzOKvECNWuI&list=PLPgO6vANU2JiAP8Aci4ZyGbfsIrvuHE7K&index=2,00:00:30,00:10:30,00:09:15,00:09:30
tvshow_02__clip0036.wav,tvshow_02,36,tv_show,Egyptian,https://www.youtube.com/watch?v=FzOKvECNWuI&list=PLPgO6vANU2JiAP8Aci4ZyGbfsIrvuHE7K&index=2,00:00:30,00:10:30,00:09:30,00:09:45
tvshow_02__clip0037.wav,tvshow_02,37,tv_show,Egyptian,https://www.youtube.com/watch?v=FzOKvECNWuI&list=PLPgO6vANU2JiAP8Aci4ZyGbfsIrvuHE7K&index=2,00:00:30,00:10:30,00:09:45,00:10:00
tvshow_02__clip0038.wav,tvshow_02,38,tv_show,Egyptian,https://www.youtube.com/watch?v=FzOKvECNWuI&list=PLPgO6vANU2JiAP8Aci4ZyGbfsIrvuHE7K&index=2,00:00:30,00:10:30,00:10:00,00:10:15
tvshow_02__clip0039.wav,tvshow_02,39,tv_show,Egyptian,https://www.youtube.com/watch?v=FzOKvECNWuI&list=PLPgO6vANU2JiAP8Aci4ZyGbfsIrvuHE7K&index=2,00:00:30,00:10:30,00:10:15,00:10:30
tvshow_03__clip0000.wav,tvshow_03,0,tv_show,Levantine,https://www.youtube.com/watch?v=-_DTQmG0xAg,00:00:30,00:10:30,00:00:30,00:00:45
tvshow_03__clip0001.wav,tvshow_03,1,tv_show,Levantine,https://www.youtube.com/watch?v=-_DTQmG0xAg,00:00:30,00:10:30,00:00:45,00:01:00
tvshow_03__clip0002.wav,tvshow_03,2,tv_show,Levantine,https://www.youtube.com/watch?v=-_DTQmG0xAg,00:00:30,00:10:30,00:01:00,00:01:15
tvshow_03__clip0003.wav,tvshow_03,3,tv_show,Levantine,https://www.youtube.com/watch?v=-_DTQmG0xAg,00:00:30,00:10:30,00:01:15,00:01:30
tvshow_03__clip0004.wav,tvshow_03,4,tv_show,Levantine,https://www.youtube.com/watch?v=-_DTQmG0xAg,00:00:30,00:10:30,00:01:30,00:01:45
tvshow_03__clip0005.wav,tvshow_03,5,tv_show,Levantine,https://www.youtube.com/watch?v=-_DTQmG0xAg,00:00:30,00:10:30,00:01:45,00:02:00
tvshow_03__clip0006.wav,tvshow_03,6,tv_show,Levantine,https://www.youtube.com/watch?v=-_DTQmG0xAg,00:00:30,00:10:30,00:02:00,00:02:15
tvshow_03__clip0007.wav,tvshow_03,7,tv_show,Levantine,https://www.youtube.com/watch?v=-_DTQmG0xAg,00:00:30,00:10:30,00:02:15,00:02:30
tvshow_03__clip0008.wav,tvshow_03,8,tv_show,Levantine,https://www.youtube.com/watch?v=-_DTQmG0xAg,00:00:30,00:10:30,00:02:30,00:02:45
tvshow_03__clip0009.wav,tvshow_03,9,tv_show,Levantine,https://www.youtube.com/watch?v=-_DTQmG0xAg,00:00:30,00:10:30,00:02:45,00:03:00
tvshow_03__clip0010.wav,tvshow_03,10,tv_show,Levantine,https://www.youtube.com/watch?v=-_DTQmG0xAg,00:00:30,00:10:30,00:03:00,00:03:15
tvshow_03__clip0011.wav,tvshow_03,11,tv_show,Levantine,https://www.youtube.com/watch?v=-_DTQmG0xAg,00:00:30,00:10:30,00:03:15,00:03:30
tvshow_03__clip0012.wav,tvshow_03,12,tv_show,Levantine,https://www.youtube.com/watch?v=-_DTQmG0xAg,00:00:30,00:10:30,00:03:30,00:03:45
tvshow_03__clip0013.wav,tvshow_03,13,tv_show,Levantine,https://www.youtube.com/watch?v=-_DTQmG0xAg,00:00:30,00:10:30,00:03:45,00:04:00
tvshow_03__clip0014.wav,tvshow_03,14,tv_show,Levantine,https://www.youtube.com/watch?v=-_DTQmG0xAg,00:00:30,00:10:30,00:04:00,00:04:15
tvshow_03__clip0015.wav,tvshow_03,15,tv_show,Levantine,https://www.youtube.com/watch?v=-_DTQmG0xAg,00:00:30,00:10:30,00:04:15,00:04:30
tvshow_03__clip0016.wav,tvshow_03,16,tv_show,Levantine,https://www.youtube.com/watch?v=-_DTQmG0xAg,00:00:30,00:10:30,00:04:30,00:04:45
tvshow_03__clip0017.wav,tvshow_03,17,tv_show,Levantine,https://www.youtube.com/watch?v=-_DTQmG0xAg,00:00:30,00:10:30,00:04:45,00:05:00
tvshow_03__clip0018.wav,tvshow_03,18,tv_show,Levantine,https://www.youtube.com/watch?v=-_DTQmG0xAg,00:00:30,00:10:30,00:05:00,00:05:15
tvshow_03__clip0019.wav,tvshow_03,19,tv_show,Levantine,https://www.youtube.com/watch?v=-_DTQmG0xAg,00:00:30,00:10:30,00:05:15,00:05:30
tvshow_03__clip0020.wav,tvshow_03,20,tv_show,Levantine,https://www.youtube.com/watch?v=-_DTQmG0xAg,00:00:30,00:10:30,00:05:30,00:05:45
tvshow_03__clip0021.wav,tvshow_03,21,tv_show,Levantine,https://www.youtube.com/watch?v=-_DTQmG0xAg,00:00:30,00:10:30,00:05:45,00:06:00
tvshow_03__clip0022.wav,tvshow_03,22,tv_show,Levantine,https://www.youtube.com/watch?v=-_DTQmG0xAg,00:00:30,00:10:30,00:06:00,00:06:15
tvshow_03__clip0023.wav,tvshow_03,23,tv_show,Levantine,https://www.youtube.com/watch?v=-_DTQmG0xAg,00:00:30,00:10:30,00:06:15,00:06:30
tvshow_03__clip0024.wav,tvshow_03,24,tv_show,Levantine,https://www.youtube.com/watch?v=-_DTQmG0xAg,00:00:30,00:10:30,00:06:30,00:06:45
tvshow_03__clip0025.wav,tvshow_03,25,tv_show,Levantine,https://www.youtube.com/watch?v=-_DTQmG0xAg,00:00:30,00:10:30,00:06:45,00:07:00
tvshow_03__clip0026.wav,tvshow_03,26,tv_show,Levantine,https://www.youtube.com/watch?v=-_DTQmG0xAg,00:00:30,00:10:30,00:07:00,00:07:15
tvshow_03__clip0027.wav,tvshow_03,27,tv_show,Levantine,https://www.youtube.com/watch?v=-_DTQmG0xAg,00:00:30,00:10:30,00:07:15,00:07:30
tvshow_03__clip0028.wav,tvshow_03,28,tv_show,Levantine,https://www.youtube.com/watch?v=-_DTQmG0xAg,00:00:30,00:10:30,00:07:30,00:07:45
tvshow_03__clip0029.wav,tvshow_03,29,tv_show,Levantine,https://www.youtube.com/watch?v=-_DTQmG0xAg,00:00:30,00:10:30,00:07:45,00:08:00
tvshow_03__clip0030.wav,tvshow_03,30,tv_show,Levantine,https://www.youtube.com/watch?v=-_DTQmG0xAg,00:00:30,00:10:30,00:08:00,00:08:15
tvshow_03__clip0031.wav,tvshow_03,31,tv_show,Levantine,https://www.youtube.com/watch?v=-_DTQmG0xAg,00:00:30,00:10:30,00:08:15,00:08:30
tvshow_03__clip0032.wav,tvshow_03,32,tv_show,Levantine,https://www.youtube.com/watch?v=-_DTQmG0xAg,00:00:30,00:10:30,00:08:30,00:08:45
tvshow_03__clip0033.wav,tvshow_03,33,tv_show,Levantine,https://www.youtube.com/watch?v=-_DTQmG0xAg,00:00:30,00:10:30,00:08:45,00:09:00
tvshow_03__clip0034.wav,tvshow_03,34,tv_show,Levantine,https://www.youtube.com/watch?v=-_DTQmG0xAg,00:00:30,00:10:30,00:09:00,00:09:15
tvshow_03__clip0035.wav,tvshow_03,35,tv_show,Levantine,https://www.youtube.com/watch?v=-_DTQmG0xAg,00:00:30,00:10:30,00:09:15,00:09:30
tvshow_03__clip0036.wav,tvshow_03,36,tv_show,Levantine,https://www.youtube.com/watch?v=-_DTQmG0xAg,00:00:30,00:10:30,00:09:30,00:09:45
tvshow_03__clip0037.wav,tvshow_03,37,tv_show,Levantine,https://www.youtube.com/watch?v=-_DTQmG0xAg,00:00:30,00:10:30,00:09:45,00:10:00
tvshow_03__clip0038.wav,tvshow_03,38,tv_show,Levantine,https://www.youtube.com/watch?v=-_DTQmG0xAg,00:00:30,00:10:30,00:10:00,00:10:15
tvshow_03__clip0039.wav,tvshow_03,39,tv_show,Levantine,https://www.youtube.com/watch?v=-_DTQmG0xAg,00:00:30,00:10:30,00:10:15,00:10:30
tvshow_04__clip0000.wav,tvshow_04,0,tv_show,Moroccan,https://www.youtube.com/watch?v=eNU5XEbI81A,00:00:30,00:10:30,00:00:30,00:00:45
tvshow_04__clip0001.wav,tvshow_04,1,tv_show,Moroccan,https://www.youtube.com/watch?v=eNU5XEbI81A,00:00:30,00:10:30,00:00:45,00:01:00
tvshow_04__clip0002.wav,tvshow_04,2,tv_show,Moroccan,https://www.youtube.com/watch?v=eNU5XEbI81A,00:00:30,00:10:30,00:01:00,00:01:15
tvshow_04__clip0003.wav,tvshow_04,3,tv_show,Moroccan,https://www.youtube.com/watch?v=eNU5XEbI81A,00:00:30,00:10:30,00:01:15,00:01:30
tvshow_04__clip0004.wav,tvshow_04,4,tv_show,Moroccan,https://www.youtube.com/watch?v=eNU5XEbI81A,00:00:30,00:10:30,00:01:30,00:01:45
tvshow_04__clip0005.wav,tvshow_04,5,tv_show,Moroccan,https://www.youtube.com/watch?v=eNU5XEbI81A,00:00:30,00:10:30,00:01:45,00:02:00
tvshow_04__clip0006.wav,tvshow_04,6,tv_show,Moroccan,https://www.youtube.com/watch?v=eNU5XEbI81A,00:00:30,00:10:30,00:02:00,00:02:15
tvshow_04__clip0007.wav,tvshow_04,7,tv_show,Moroccan,https://www.youtube.com/watch?v=eNU5XEbI81A,00:00:30,00:10:30,00:02:15,00:02:30
tvshow_04__clip0008.wav,tvshow_04,8,tv_show,Moroccan,https://www.youtube.com/watch?v=eNU5XEbI81A,00:00:30,00:10:30,00:02:30,00:02:45
tvshow_04__clip0009.wav,tvshow_04,9,tv_show,Moroccan,https://www.youtube.com/watch?v=eNU5XEbI81A,00:00:30,00:10:30,00:02:45,00:03:00
tvshow_04__clip0010.wav,tvshow_04,10,tv_show,Moroccan,https://www.youtube.com/watch?v=eNU5XEbI81A,00:00:30,00:10:30,00:03:00,00:03:15
tvshow_04__clip0011.wav,tvshow_04,11,tv_show,Moroccan,https://www.youtube.com/watch?v=eNU5XEbI81A,00:00:30,00:10:30,00:03:15,00:03:30
tvshow_04__clip0012.wav,tvshow_04,12,tv_show,Moroccan,https://www.youtube.com/watch?v=eNU5XEbI81A,00:00:30,00:10:30,00:03:30,00:03:45
tvshow_04__clip0013.wav,tvshow_04,13,tv_show,Moroccan,https://www.youtube.com/watch?v=eNU5XEbI81A,00:00:30,00:10:30,00:03:45,00:04:00
tvshow_04__clip0014.wav,tvshow_04,14,tv_show,Moroccan,https://www.youtube.com/watch?v=eNU5XEbI81A,00:00:30,00:10:30,00:04:00,00:04:15
tvshow_04__clip0015.wav,tvshow_04,15,tv_show,Moroccan,https://www.youtube.com/watch?v=eNU5XEbI81A,00:00:30,00:10:30,00:04:15,00:04:30
tvshow_04__clip0016.wav,tvshow_04,16,tv_show,Moroccan,https://www.youtube.com/watch?v=eNU5XEbI81A,00:00:30,00:10:30,00:04:30,00:04:45
tvshow_04__clip0017.wav,tvshow_04,17,tv_show,Moroccan,https://www.youtube.com/watch?v=eNU5XEbI81A,00:00:30,00:10:30,00:04:45,00:05:00
tvshow_04__clip0018.wav,tvshow_04,18,tv_show,Moroccan,https://www.youtube.com/watch?v=eNU5XEbI81A,00:00:30,00:10:30,00:05:00,00:05:15
tvshow_04__clip0019.wav,tvshow_04,19,tv_show,Moroccan,https://www.youtube.com/watch?v=eNU5XEbI81A,00:00:30,00:10:30,00:05:15,00:05:30
tvshow_04__clip0020.wav,tvshow_04,20,tv_show,Moroccan,https://www.youtube.com/watch?v=eNU5XEbI81A,00:00:30,00:10:30,00:05:30,00:05:45
tvshow_04__clip0021.wav,tvshow_04,21,tv_show,Moroccan,https://www.youtube.com/watch?v=eNU5XEbI81A,00:00:30,00:10:30,00:05:45,00:06:00
tvshow_04__clip0022.wav,tvshow_04,22,tv_show,Moroccan,https://www.youtube.com/watch?v=eNU5XEbI81A,00:00:30,00:10:30,00:06:00,00:06:15
tvshow_04__clip0023.wav,tvshow_04,23,tv_show,Moroccan,https://www.youtube.com/watch?v=eNU5XEbI81A,00:00:30,00:10:30,00:06:15,00:06:30
tvshow_04__clip0024.wav,tvshow_04,24,tv_show,Moroccan,https://www.youtube.com/watch?v=eNU5XEbI81A,00:00:30,00:10:30,00:06:30,00:06:45
tvshow_04__clip0025.wav,tvshow_04,25,tv_show,Moroccan,https://www.youtube.com/watch?v=eNU5XEbI81A,00:00:30,00:10:30,00:06:45,00:07:00
tvshow_04__clip0026.wav,tvshow_04,26,tv_show,Moroccan,https://www.youtube.com/watch?v=eNU5XEbI81A,00:00:30,00:10:30,00:07:00,00:07:15
tvshow_04__clip0027.wav,tvshow_04,27,tv_show,Moroccan,https://www.youtube.com/watch?v=eNU5XEbI81A,00:00:30,00:10:30,00:07:15,00:07:30
tvshow_04__clip0028.wav,tvshow_04,28,tv_show,Moroccan,https://www.youtube.com/watch?v=eNU5XEbI81A,00:00:30,00:10:30,00:07:30,00:07:45
tvshow_04__clip0029.wav,tvshow_04,29,tv_show,Moroccan,https://www.youtube.com/watch?v=eNU5XEbI81A,00:00:30,00:10:30,00:07:45,00:08:00
tvshow_04__clip0030.wav,tvshow_04,30,tv_show,Moroccan,https://www.youtube.com/watch?v=eNU5XEbI81A,00:00:30,00:10:30,00:08:00,00:08:15
tvshow_04__clip0031.wav,tvshow_04,31,tv_show,Moroccan,https://www.youtube.com/watch?v=eNU5XEbI81A,00:00:30,00:10:30,00:08:15,00:08:30
tvshow_04__clip0032.wav,tvshow_04,32,tv_show,Moroccan,https://www.youtube.com/watch?v=eNU5XEbI81A,00:00:30,00:10:30,00:08:30,00:08:45
tvshow_04__clip0033.wav,tvshow_04,33,tv_show,Moroccan,https://www.youtube.com/watch?v=eNU5XEbI81A,00:00:30,00:10:30,00:08:45,00:09:00
tvshow_04__clip0034.wav,tvshow_04,34,tv_show,Moroccan,https://www.youtube.com/watch?v=eNU5XEbI81A,00:00:30,00:10:30,00:09:00,00:09:15
tvshow_04__clip0035.wav,tvshow_04,35,tv_show,Moroccan,https://www.youtube.com/watch?v=eNU5XEbI81A,00:00:30,00:10:30,00:09:15,00:09:30
tvshow_04__clip0036.wav,tvshow_04,36,tv_show,Moroccan,https://www.youtube.com/watch?v=eNU5XEbI81A,00:00:30,00:10:30,00:09:30,00:09:45
tvshow_04__clip0037.wav,tvshow_04,37,tv_show,Moroccan,https://www.youtube.com/watch?v=eNU5XEbI81A,00:00:30,00:10:30,00:09:45,00:10:00
tvshow_04__clip0038.wav,tvshow_04,38,tv_show,Moroccan,https://www.youtube.com/watch?v=eNU5XEbI81A,00:00:30,00:10:30,00:10:00,00:10:15
tvshow_04__clip0039.wav,tvshow_04,39,tv_show,Moroccan,https://www.youtube.com/watch?v=eNU5XEbI81A,00:00:30,00:10:30,00:10:15,00:10:30
talkshow_05__clip0000.wav,talkshow_05,0,talkshow,Egyptian,https://www.youtube.com/watch?v=7wZ43577uoM,00:00:30,00:10:30,00:00:30,00:00:45
talkshow_05__clip0001.wav,talkshow_05,1,talkshow,Egyptian,https://www.youtube.com/watch?v=7wZ43577uoM,00:00:30,00:10:30,00:00:45,00:01:00
talkshow_05__clip0002.wav,talkshow_05,2,talkshow,Egyptian,https://www.youtube.com/watch?v=7wZ43577uoM,00:00:30,00:10:30,00:01:00,00:01:15
talkshow_05__clip0003.wav,talkshow_05,3,talkshow,Egyptian,https://www.youtube.com/watch?v=7wZ43577uoM,00:00:30,00:10:30,00:01:15,00:01:30
talkshow_05__clip0004.wav,talkshow_05,4,talkshow,Egyptian,https://www.youtube.com/watch?v=7wZ43577uoM,00:00:30,00:10:30,00:01:30,00:01:45
talkshow_05__clip0005.wav,talkshow_05,5,talkshow,Egyptian,https://www.youtube.com/watch?v=7wZ43577uoM,00:00:30,00:10:30,00:01:45,00:02:00
talkshow_05__clip0006.wav,talkshow_05,6,talkshow,Egyptian,https://www.youtube.com/watch?v=7wZ43577uoM,00:00:30,00:10:30,00:02:00,00:02:15
talkshow_05__clip0007.wav,talkshow_05,7,talkshow,Egyptian,https://www.youtube.com/watch?v=7wZ43577uoM,00:00:30,00:10:30,00:02:15,00:02:30
talkshow_05__clip0008.wav,talkshow_05,8,talkshow,Egyptian,https://www.youtube.com/watch?v=7wZ43577uoM,00:00:30,00:10:30,00:02:30,00:02:45
talkshow_05__clip0009.wav,talkshow_05,9,talkshow,Egyptian,https://www.youtube.com/watch?v=7wZ43577uoM,00:00:30,00:10:30,00:02:45,00:03:00
talkshow_05__clip0010.wav,talkshow_05,10,talkshow,Egyptian,https://www.youtube.com/watch?v=7wZ43577uoM,00:00:30,00:10:30,00:03:00,00:03:15
talkshow_05__clip0011.wav,talkshow_05,11,talkshow,Egyptian,https://www.youtube.com/watch?v=7wZ43577uoM,00:00:30,00:10:30,00:03:15,00:03:30
talkshow_05__clip0012.wav,talkshow_05,12,talkshow,Egyptian,https://www.youtube.com/watch?v=7wZ43577uoM,00:00:30,00:10:30,00:03:30,00:03:45
talkshow_05__clip0013.wav,talkshow_05,13,talkshow,Egyptian,https://www.youtube.com/watch?v=7wZ43577uoM,00:00:30,00:10:30,00:03:45,00:04:00
talkshow_05__clip0014.wav,talkshow_05,14,talkshow,Egyptian,https://www.youtube.com/watch?v=7wZ43577uoM,00:00:30,00:10:30,00:04:00,00:04:15
talkshow_05__clip0015.wav,talkshow_05,15,talkshow,Egyptian,https://www.youtube.com/watch?v=7wZ43577uoM,00:00:30,00:10:30,00:04:15,00:04:30
talkshow_05__clip0016.wav,talkshow_05,16,talkshow,Egyptian,https://www.youtube.com/watch?v=7wZ43577uoM,00:00:30,00:10:30,00:04:30,00:04:45
talkshow_05__clip0017.wav,talkshow_05,17,talkshow,Egyptian,https://www.youtube.com/watch?v=7wZ43577uoM,00:00:30,00:10:30,00:04:45,00:05:00
talkshow_05__clip0018.wav,talkshow_05,18,talkshow,Egyptian,https://www.youtube.com/watch?v=7wZ43577uoM,00:00:30,00:10:30,00:05:00,00:05:15
talkshow_05__clip0019.wav,talkshow_05,19,talkshow,Egyptian,https://www.youtube.com/watch?v=7wZ43577uoM,00:00:30,00:10:30,00:05:15,00:05:30
talkshow_05__clip0020.wav,talkshow_05,20,talkshow,Egyptian,https://www.youtube.com/watch?v=7wZ43577uoM,00:00:30,00:10:30,00:05:30,00:05:45
talkshow_05__clip0021.wav,talkshow_05,21,talkshow,Egyptian,https://www.youtube.com/watch?v=7wZ43577uoM,00:00:30,00:10:30,00:05:45,00:06:00
talkshow_05__clip0022.wav,talkshow_05,22,talkshow,Egyptian,https://www.youtube.com/watch?v=7wZ43577uoM,00:00:30,00:10:30,00:06:00,00:06:15
talkshow_05__clip0023.wav,talkshow_05,23,talkshow,Egyptian,https://www.youtube.com/watch?v=7wZ43577uoM,00:00:30,00:10:30,00:06:15,00:06:30
talkshow_05__clip0024.wav,talkshow_05,24,talkshow,Egyptian,https://www.youtube.com/watch?v=7wZ43577uoM,00:00:30,00:10:30,00:06:30,00:06:45
talkshow_05__clip0025.wav,talkshow_05,25,talkshow,Egyptian,https://www.youtube.com/watch?v=7wZ43577uoM,00:00:30,00:10:30,00:06:45,00:07:00
talkshow_05__clip0026.wav,talkshow_05,26,talkshow,Egyptian,https://www.youtube.com/watch?v=7wZ43577uoM,00:00:30,00:10:30,00:07:00,00:07:15
talkshow_05__clip0027.wav,talkshow_05,27,talkshow,Egyptian,https://www.youtube.com/watch?v=7wZ43577uoM,00:00:30,00:10:30,00:07:15,00:07:30
talkshow_06__clip0000.wav,talkshow_06,0,talkshow,Egyptian,https://youtu.be/tzgs8g9jzQM?si=jhSgvHRpRZMDtBXf,00:00:30,00:10:30,00:00:30,00:00:45
talkshow_06__clip0001.wav,talkshow_06,1,talkshow,Egyptian,https://youtu.be/tzgs8g9jzQM?si=jhSgvHRpRZMDtBXf,00:00:30,00:10:30,00:00:45,00:01:00
talkshow_06__clip0002.wav,talkshow_06,2,talkshow,Egyptian,https://youtu.be/tzgs8g9jzQM?si=jhSgvHRpRZMDtBXf,00:00:30,00:10:30,00:01:00,00:01:15
talkshow_06__clip0003.wav,talkshow_06,3,talkshow,Egyptian,https://youtu.be/tzgs8g9jzQM?si=jhSgvHRpRZMDtBXf,00:00:30,00:10:30,00:01:15,00:01:30
talkshow_06__clip0004.wav,talkshow_06,4,talkshow,Egyptian,https://youtu.be/tzgs8g9jzQM?si=jhSgvHRpRZMDtBXf,00:00:30,00:10:30,00:01:30,00:01:45
talkshow_06__clip0005.wav,talkshow_06,5,talkshow,Egyptian,https://youtu.be/tzgs8g9jzQM?si=jhSgvHRpRZMDtBXf,00:00:30,00:10:30,00:01:45,00:02:00
talkshow_06__clip0006.wav,talkshow_06,6,talkshow,Egyptian,https://youtu.be/tzgs8g9jzQM?si=jhSgvHRpRZMDtBXf,00:00:30,00:10:30,00:02:00,00:02:15
talkshow_06__clip0007.wav,talkshow_06,7,talkshow,Egyptian,https://youtu.be/tzgs8g9jzQM?si=jhSgvHRpRZMDtBXf,00:00:30,00:10:30,00:02:15,00:02:30
talkshow_06__clip0008.wav,talkshow_06,8,talkshow,Egyptian,https://youtu.be/tzgs8g9jzQM?si=jhSgvHRpRZMDtBXf,00:00:30,00:10:30,00:02:30,00:02:45
talkshow_06__clip0009.wav,talkshow_06,9,talkshow,Egyptian,https://youtu.be/tzgs8g9jzQM?si=jhSgvHRpRZMDtBXf,00:00:30,00:10:30,00:02:45,00:03:00
talkshow_06__clip0010.wav,talkshow_06,10,talkshow,Egyptian,https://youtu.be/tzgs8g9jzQM?si=jhSgvHRpRZMDtBXf,00:00:30,00:10:30,00:03:00,00:03:15
talkshow_06__clip0011.wav,talkshow_06,11,talkshow,Egyptian,https://youtu.be/tzgs8g9jzQM?si=jhSgvHRpRZMDtBXf,00:00:30,00:10:30,00:03:15,00:03:30
talkshow_06__clip0012.wav,talkshow_06,12,talkshow,Egyptian,https://youtu.be/tzgs8g9jzQM?si=jhSgvHRpRZMDtBXf,00:00:30,00:10:30,00:03:30,00:03:45
talkshow_06__clip0013.wav,talkshow_06,13,talkshow,Egyptian,https://youtu.be/tzgs8g9jzQM?si=jhSgvHRpRZMDtBXf,00:00:30,00:10:30,00:03:45,00:04:00
talkshow_06__clip0014.wav,talkshow_06,14,talkshow,Egyptian,https://youtu.be/tzgs8g9jzQM?si=jhSgvHRpRZMDtBXf,00:00:30,00:10:30,00:04:00,00:04:15
talkshow_06__clip0015.wav,talkshow_06,15,talkshow,Egyptian,https://youtu.be/tzgs8g9jzQM?si=jhSgvHRpRZMDtBXf,00:00:30,00:10:30,00:04:15,00:04:30
talkshow_06__clip0016.wav,talkshow_06,16,talkshow,Egyptian,https://youtu.be/tzgs8g9jzQM?si=jhSgvHRpRZMDtBXf,00:00:30,00:10:30,00:04:30,00:04:45
talkshow_06__clip0017.wav,talkshow_06,17,talkshow,Egyptian,https://youtu.be/tzgs8g9jzQM?si=jhSgvHRpRZMDtBXf,00:00:30,00:10:30,00:04:45,00:05:00
talkshow_06__clip0018.wav,talkshow_06,18,talkshow,Egyptian,https://youtu.be/tzgs8g9jzQM?si=jhSgvHRpRZMDtBXf,00:00:30,00:10:30,00:05:00,00:05:15
talkshow_06__clip0019.wav,talkshow_06,19,talkshow,Egyptian,https://youtu.be/tzgs8g9jzQM?si=jhSgvHRpRZMDtBXf,00:00:30,00:10:30,00:05:15,00:05:30
talkshow_06__clip0020.wav,talkshow_06,20,talkshow,Egyptian,https://youtu.be/tzgs8g9jzQM?si=jhSgvHRpRZMDtBXf,00:00:30,00:10:30,00:05:30,00:05:45
talkshow_06__clip0021.wav,talkshow_06,21,talkshow,Egyptian,https://youtu.be/tzgs8g9jzQM?si=jhSgvHRpRZMDtBXf,00:00:30,00:10:30,00:05:45,00:06:00
talkshow_06__clip0022.wav,talkshow_06,22,talkshow,Egyptian,https://youtu.be/tzgs8g9jzQM?si=jhSgvHRpRZMDtBXf,00:00:30,00:10:30,00:06:00,00:06:15
talkshow_06__clip0023.wav,talkshow_06,23,talkshow,Egyptian,https://youtu.be/tzgs8g9jzQM?si=jhSgvHRpRZMDtBXf,00:00:30,00:10:30,00:06:15,00:06:30
talkshow_06__clip0024.wav,talkshow_06,24,talkshow,Egyptian,https://youtu.be/tzgs8g9jzQM?si=jhSgvHRpRZMDtBXf,00:00:30,00:10:30,00:06:30,00:06:45
talkshow_06__clip0025.wav,talkshow_06,25,talkshow,Egyptian,https://youtu.be/tzgs8g9jzQM?si=jhSgvHRpRZMDtBXf,00:00:30,00:10:30,00:06:45,00:07:00
talkshow_06__clip0026.wav,talkshow_06,26,talkshow,Egyptian,https://youtu.be/tzgs8g9jzQM?si=jhSgvHRpRZMDtBXf,00:00:30,00:10:30,00:07:00,00:07:15
talkshow_06__clip0027.wav,talkshow_06,27,talkshow,Egyptian,https://youtu.be/tzgs8g9jzQM?si=jhSgvHRpRZMDtBXf,00:00:30,00:10:30,00:07:15,00:07:30
talkshow_07__clip0000.wav,talkshow_07,0,talkshow,Egyptian,https://www.youtube.com/watch?v=DtV2W7PRa80,00:00:30,00:10:30,00:00:30,00:00:45
talkshow_07__clip0001.wav,talkshow_07,1,talkshow,Egyptian,https://www.youtube.com/watch?v=DtV2W7PRa80,00:00:30,00:10:30,00:00:45,00:01:00
talkshow_07__clip0002.wav,talkshow_07,2,talkshow,Egyptian,https://www.youtube.com/watch?v=DtV2W7PRa80,00:00:30,00:10:30,00:01:00,00:01:15
talkshow_07__clip0003.wav,talkshow_07,3,talkshow,Egyptian,https://www.youtube.com/watch?v=DtV2W7PRa80,00:00:30,00:10:30,00:01:15,00:01:30
talkshow_07__clip0004.wav,talkshow_07,4,talkshow,Egyptian,https://www.youtube.com/watch?v=DtV2W7PRa80,00:00:30,00:10:30,00:01:30,00:01:45
talkshow_07__clip0005.wav,talkshow_07,5,talkshow,Egyptian,https://www.youtube.com/watch?v=DtV2W7PRa80,00:00:30,00:10:30,00:01:45,00:02:00
talkshow_07__clip0006.wav,talkshow_07,6,talkshow,Egyptian,https://www.youtube.com/watch?v=DtV2W7PRa80,00:00:30,00:10:30,00:02:00,00:02:15
talkshow_07__clip0007.wav,talkshow_07,7,talkshow,Egyptian,https://www.youtube.com/watch?v=DtV2W7PRa80,00:00:30,00:10:30,00:02:15,00:02:30
talkshow_07__clip0008.wav,talkshow_07,8,talkshow,Egyptian,https://www.youtube.com/watch?v=DtV2W7PRa80,00:00:30,00:10:30,00:02:30,00:02:45
talkshow_07__clip0009.wav,talkshow_07,9,talkshow,Egyptian,https://www.youtube.com/watch?v=DtV2W7PRa80,00:00:30,00:10:30,00:02:45,00:03:00
talkshow_07__clip0010.wav,talkshow_07,10,talkshow,Egyptian,https://www.youtube.com/watch?v=DtV2W7PRa80,00:00:30,00:10:30,00:03:00,00:03:15
talkshow_07__clip0011.wav,talkshow_07,11,talkshow,Egyptian,https://www.youtube.com/watch?v=DtV2W7PRa80,00:00:30,00:10:30,00:03:15,00:03:30
talkshow_07__clip0012.wav,talkshow_07,12,talkshow,Egyptian,https://www.youtube.com/watch?v=DtV2W7PRa80,00:00:30,00:10:30,00:03:30,00:03:45
talkshow_07__clip0013.wav,talkshow_07,13,talkshow,Egyptian,https://www.youtube.com/watch?v=DtV2W7PRa80,00:00:30,00:10:30,00:03:45,00:04:00
talkshow_07__clip0014.wav,talkshow_07,14,talkshow,Egyptian,https://www.youtube.com/watch?v=DtV2W7PRa80,00:00:30,00:10:30,00:04:00,00:04:15
talkshow_07__clip0015.wav,talkshow_07,15,talkshow,Egyptian,https://www.youtube.com/watch?v=DtV2W7PRa80,00:00:30,00:10:30,00:04:15,00:04:30
talkshow_07__clip0016.wav,talkshow_07,16,talkshow,Egyptian,https://www.youtube.com/watch?v=DtV2W7PRa80,00:00:30,00:10:30,00:04:30,00:04:45
talkshow_07__clip0017.wav,talkshow_07,17,talkshow,Egyptian,https://www.youtube.com/watch?v=DtV2W7PRa80,00:00:30,00:10:30,00:04:45,00:05:00
talkshow_07__clip0018.wav,talkshow_07,18,talkshow,Egyptian,https://www.youtube.com/watch?v=DtV2W7PRa80,00:00:30,00:10:30,00:05:00,00:05:15
talkshow_07__clip0019.wav,talkshow_07,19,talkshow,Egyptian,https://www.youtube.com/watch?v=DtV2W7PRa80,00:00:30,00:10:30,00:05:15,00:05:30
talkshow_07__clip0020.wav,talkshow_07,20,talkshow,Egyptian,https://www.youtube.com/watch?v=DtV2W7PRa80,00:00:30,00:10:30,00:05:30,00:05:45
talkshow_07__clip0021.wav,talkshow_07,21,talkshow,Egyptian,https://www.youtube.com/watch?v=DtV2W7PRa80,00:00:30,00:10:30,00:05:45,00:06:00
talkshow_07__clip0022.wav,talkshow_07,22,talkshow,Egyptian,https://www.youtube.com/watch?v=DtV2W7PRa80,00:00:30,00:10:30,00:06:00,00:06:15
talkshow_07__clip0023.wav,talkshow_07,23,talkshow,Egyptian,https://www.youtube.com/watch?v=DtV2W7PRa80,00:00:30,00:10:30,00:06:15,00:06:30
talkshow_07__clip0024.wav,talkshow_07,24,talkshow,Egyptian,https://www.youtube.com/watch?v=DtV2W7PRa80,00:00:30,00:10:30,00:06:30,00:06:45
talkshow_07__clip0025.wav,talkshow_07,25,talkshow,Egyptian,https://www.youtube.com/watch?v=DtV2W7PRa80,00:00:30,00:10:30,00:06:45,00:07:00
talkshow_07__clip0026.wav,talkshow_07,26,talkshow,Egyptian,https://www.youtube.com/watch?v=DtV2W7PRa80,00:00:30,00:10:30,00:07:00,00:07:15
talkshow_07__clip0027.wav,talkshow_07,27,talkshow,Egyptian,https://www.youtube.com/watch?v=DtV2W7PRa80,00:00:30,00:10:30,00:07:15,00:07:30
talkshow_07__clip0028.wav,talkshow_07,28,talkshow,Egyptian,https://www.youtube.com/watch?v=DtV2W7PRa80,00:00:30,00:10:30,00:07:30,00:07:45
talkshow_07__clip0029.wav,talkshow_07,29,talkshow,Egyptian,https://www.youtube.com/watch?v=DtV2W7PRa80,00:00:30,00:10:30,00:07:45,00:08:00
talkshow_07__clip0030.wav,talkshow_07,30,talkshow,Egyptian,https://www.youtube.com/watch?v=DtV2W7PRa80,00:00:30,00:10:30,00:08:00,00:08:15
talkshow_07__clip0031.wav,talkshow_07,31,talkshow,Egyptian,https://www.youtube.com/watch?v=DtV2W7PRa80,00:00:30,00:10:30,00:08:15,00:08:30
talkshow_07__clip0032.wav,talkshow_07,32,talkshow,Egyptian,https://www.youtube.com/watch?v=DtV2W7PRa80,00:00:30,00:10:30,00:08:30,00:08:45
talkshow_07__clip0033.wav,talkshow_07,33,talkshow,Egyptian,https://www.youtube.com/watch?v=DtV2W7PRa80,00:00:30,00:10:30,00:08:45,00:09:00
talkshow_07__clip0034.wav,talkshow_07,34,talkshow,Egyptian,https://www.youtube.com/watch?v=DtV2W7PRa80,00:00:30,00:10:30,00:09:00,00:09:15
talkshow_07__clip0035.wav,talkshow_07,35,talkshow,Egyptian,https://www.youtube.com/watch?v=DtV2W7PRa80,00:00:30,00:10:30,00:09:15,00:09:30
talkshow_07__clip0036.wav,talkshow_07,36,talkshow,Egyptian,https://www.youtube.com/watch?v=DtV2W7PRa80,00:00:30,00:10:30,00:09:30,00:09:45
talkshow_07__clip0037.wav,talkshow_07,37,talkshow,Egyptian,https://www.youtube.com/watch?v=DtV2W7PRa80,00:00:30,00:10:30,00:09:45,00:10:00
talkshow_07__clip0038.wav,talkshow_07,38,talkshow,Egyptian,https://www.youtube.com/watch?v=DtV2W7PRa80,00:00:30,00:10:30,00:10:00,00:10:15
talkshow_07__clip0039.wav,talkshow_07,39,talkshow,Egyptian,https://www.youtube.com/watch?v=DtV2W7PRa80,00:00:30,00:10:30,00:10:15,00:10:30
talkshow_08__clip0000.wav,talkshow_08,0,talkshow,UAE/Gulf,https://youtu.be/q9I77cq9Fys?si=KPkKFUijg9hHezfq,00:00:30,00:10:30,00:00:30,00:00:45
talkshow_08__clip0001.wav,talkshow_08,1,talkshow,UAE/Gulf,https://youtu.be/q9I77cq9Fys?si=KPkKFUijg9hHezfq,00:00:30,00:10:30,00:00:45,00:01:00
talkshow_08__clip0002.wav,talkshow_08,2,talkshow,UAE/Gulf,https://youtu.be/q9I77cq9Fys?si=KPkKFUijg9hHezfq,00:00:30,00:10:30,00:01:00,00:01:15
talkshow_08__clip0003.wav,talkshow_08,3,talkshow,UAE/Gulf,https://youtu.be/q9I77cq9Fys?si=KPkKFUijg9hHezfq,00:00:30,00:10:30,00:01:15,00:01:30
talkshow_08__clip0004.wav,talkshow_08,4,talkshow,UAE/Gulf,https://youtu.be/q9I77cq9Fys?si=KPkKFUijg9hHezfq,00:00:30,00:10:30,00:01:30,00:01:45
talkshow_08__clip0005.wav,talkshow_08,5,talkshow,UAE/Gulf,https://youtu.be/q9I77cq9Fys?si=KPkKFUijg9hHezfq,00:00:30,00:10:30,00:01:45,00:02:00
talkshow_08__clip0006.wav,talkshow_08,6,talkshow,UAE/Gulf,https://youtu.be/q9I77cq9Fys?si=KPkKFUijg9hHezfq,00:00:30,00:10:30,00:02:00,00:02:15
talkshow_08__clip0007.wav,talkshow_08,7,talkshow,UAE/Gulf,https://youtu.be/q9I77cq9Fys?si=KPkKFUijg9hHezfq,00:00:30,00:10:30,00:02:15,00:02:30
talkshow_08__clip0008.wav,talkshow_08,8,talkshow,UAE/Gulf,https://youtu.be/q9I77cq9Fys?si=KPkKFUijg9hHezfq,00:00:30,00:10:30,00:02:30,00:02:45
talkshow_08__clip0009.wav,talkshow_08,9,talkshow,UAE/Gulf,https://youtu.be/q9I77cq9Fys?si=KPkKFUijg9hHezfq,00:00:30,00:10:30,00:02:45,00:03:00
talkshow_08__clip0010.wav,talkshow_08,10,talkshow,UAE/Gulf,https://youtu.be/q9I77cq9Fys?si=KPkKFUijg9hHezfq,00:00:30,00:10:30,00:03:00,00:03:15
talkshow_08__clip0011.wav,talkshow_08,11,talkshow,UAE/Gulf,https://youtu.be/q9I77cq9Fys?si=KPkKFUijg9hHezfq,00:00:30,00:10:30,00:03:15,00:03:30
talkshow_08__clip0012.wav,talkshow_08,12,talkshow,UAE/Gulf,https://youtu.be/q9I77cq9Fys?si=KPkKFUijg9hHezfq,00:00:30,00:10:30,00:03:30,00:03:45
talkshow_08__clip0013.wav,talkshow_08,13,talkshow,UAE/Gulf,https://youtu.be/q9I77cq9Fys?si=KPkKFUijg9hHezfq,00:00:30,00:10:30,00:03:45,00:04:00
talkshow_08__clip0014.wav,talkshow_08,14,talkshow,UAE/Gulf,https://youtu.be/q9I77cq9Fys?si=KPkKFUijg9hHezfq,00:00:30,00:10:30,00:04:00,00:04:15
talkshow_08__clip0015.wav,talkshow_08,15,talkshow,UAE/Gulf,https://youtu.be/q9I77cq9Fys?si=KPkKFUijg9hHezfq,00:00:30,00:10:30,00:04:15,00:04:30
talkshow_08__clip0016.wav,talkshow_08,16,talkshow,UAE/Gulf,https://youtu.be/q9I77cq9Fys?si=KPkKFUijg9hHezfq,00:00:30,00:10:30,00:04:30,00:04:45
talkshow_08__clip0017.wav,talkshow_08,17,talkshow,UAE/Gulf,https://youtu.be/q9I77cq9Fys?si=KPkKFUijg9hHezfq,00:00:30,00:10:30,00:04:45,00:05:00
talkshow_08__clip0018.wav,talkshow_08,18,talkshow,UAE/Gulf,https://youtu.be/q9I77cq9Fys?si=KPkKFUijg9hHezfq,00:00:30,00:10:30,00:05:00,00:05:15
talkshow_08__clip0019.wav,talkshow_08,19,talkshow,UAE/Gulf,https://youtu.be/q9I77cq9Fys?si=KPkKFUijg9hHezfq,00:00:30,00:10:30,00:05:15,00:05:30
talkshow_08__clip0020.wav,talkshow_08,20,talkshow,UAE/Gulf,https://youtu.be/q9I77cq9Fys?si=KPkKFUijg9hHezfq,00:00:30,00:10:30,00:05:30,00:05:45
talkshow_08__clip0021.wav,talkshow_08,21,talkshow,UAE/Gulf,https://youtu.be/q9I77cq9Fys?si=KPkKFUijg9hHezfq,00:00:30,00:10:30,00:05:45,00:06:00
talkshow_08__clip0022.wav,talkshow_08,22,talkshow,UAE/Gulf,https://youtu.be/q9I77cq9Fys?si=KPkKFUijg9hHezfq,00:00:30,00:10:30,00:06:00,00:06:15
talkshow_08__clip0023.wav,talkshow_08,23,talkshow,UAE/Gulf,https://youtu.be/q9I77cq9Fys?si=KPkKFUijg9hHezfq,00:00:30,00:10:30,00:06:15,00:06:30
talkshow_08__clip0024.wav,talkshow_08,24,talkshow,UAE/Gulf,https://youtu.be/q9I77cq9Fys?si=KPkKFUijg9hHezfq,00:00:30,00:10:30,00:06:30,00:06:45
talkshow_08__clip0025.wav,talkshow_08,25,talkshow,UAE/Gulf,https://youtu.be/q9I77cq9Fys?si=KPkKFUijg9hHezfq,00:00:30,00:10:30,00:06:45,00:07:00
talkshow_08__clip0026.wav,talkshow_08,26,talkshow,UAE/Gulf,https://youtu.be/q9I77cq9Fys?si=KPkKFUijg9hHezfq,00:00:30,00:10:30,00:07:00,00:07:15
talkshow_08__clip0027.wav,talkshow_08,27,talkshow,UAE/Gulf,https://youtu.be/q9I77cq9Fys?si=KPkKFUijg9hHezfq,00:00:30,00:10:30,00:07:15,00:07:30
talkshow_08__clip0028.wav,talkshow_08,28,talkshow,UAE/Gulf,https://youtu.be/q9I77cq9Fys?si=KPkKFUijg9hHezfq,00:00:30,00:10:30,00:07:30,00:07:45
talkshow_08__clip0029.wav,talkshow_08,29,talkshow,UAE/Gulf,https://youtu.be/q9I77cq9Fys?si=KPkKFUijg9hHezfq,00:00:30,00:10:30,00:07:45,00:08:00
talkshow_08__clip0030.wav,talkshow_08,30,talkshow,UAE/Gulf,https://youtu.be/q9I77cq9Fys?si=KPkKFUijg9hHezfq,00:00:30,00:10:30,00:08:00,00:08:15
talkshow_08__clip0031.wav,talkshow_08,31,talkshow,UAE/Gulf,https://youtu.be/q9I77cq9Fys?si=KPkKFUijg9hHezfq,00:00:30,00:10:30,00:08:15,00:08:30
talkshow_08__clip0032.wav,talkshow_08,32,talkshow,UAE/Gulf,https://youtu.be/q9I77cq9Fys?si=KPkKFUijg9hHezfq,00:00:30,00:10:30,00:08:30,00:08:45
talkshow_08__clip0033.wav,talkshow_08,33,talkshow,UAE/Gulf,https://youtu.be/q9I77cq9Fys?si=KPkKFUijg9hHezfq,00:00:30,00:10:30,00:08:45,00:09:00
talkshow_08__clip0034.wav,talkshow_08,34,talkshow,UAE/Gulf,https://youtu.be/q9I77cq9Fys?si=KPkKFUijg9hHezfq,00:00:30,00:10:30,00:09:00,00:09:15
talkshow_08__clip0035.wav,talkshow_08,35,talkshow,UAE/Gulf,https://youtu.be/q9I77cq9Fys?si=KPkKFUijg9hHezfq,00:00:30,00:10:30,00:09:15,00:09:30
talkshow_08__clip0036.wav,talkshow_08,36,talkshow,UAE/Gulf,https://youtu.be/q9I77cq9Fys?si=KPkKFUijg9hHezfq,00:00:30,00:10:30,00:09:30,00:09:45
talkshow_08__clip0037.wav,talkshow_08,37,talkshow,UAE/Gulf,https://youtu.be/q9I77cq9Fys?si=KPkKFUijg9hHezfq,00:00:30,00:10:30,00:09:45,00:10:00
talkshow_08__clip0038.wav,talkshow_08,38,talkshow,UAE/Gulf,https://youtu.be/q9I77cq9Fys?si=KPkKFUijg9hHezfq,00:00:30,00:10:30,00:10:00,00:10:15
talkshow_08__clip0039.wav,talkshow_08,39,talkshow,UAE/Gulf,https://youtu.be/q9I77cq9Fys?si=KPkKFUijg9hHezfq,00:00:30,00:10:30,00:10:15,00:10:30
talkshow_09__clip0000.wav,talkshow_09,0,talkshow,Saudi/Gulf,https://youtu.be/1gHHKm6wYZE?si=5XT5wmpV72Reab4a,00:00:30,00:10:30,00:00:30,00:00:45
talkshow_09__clip0001.wav,talkshow_09,1,talkshow,Saudi/Gulf,https://youtu.be/1gHHKm6wYZE?si=5XT5wmpV72Reab4a,00:00:30,00:10:30,00:00:45,00:01:00
talkshow_09__clip0002.wav,talkshow_09,2,talkshow,Saudi/Gulf,https://youtu.be/1gHHKm6wYZE?si=5XT5wmpV72Reab4a,00:00:30,00:10:30,00:01:00,00:01:15
talkshow_09__clip0003.wav,talkshow_09,3,talkshow,Saudi/Gulf,https://youtu.be/1gHHKm6wYZE?si=5XT5wmpV72Reab4a,00:00:30,00:10:30,00:01:15,00:01:30
talkshow_09__clip0004.wav,talkshow_09,4,talkshow,Saudi/Gulf,https://youtu.be/1gHHKm6wYZE?si=5XT5wmpV72Reab4a,00:00:30,00:10:30,00:01:30,00:01:45
talkshow_09__clip0005.wav,talkshow_09,5,talkshow,Saudi/Gulf,https://youtu.be/1gHHKm6wYZE?si=5XT5wmpV72Reab4a,00:00:30,00:10:30,00:01:45,00:02:00
talkshow_09__clip0006.wav,talkshow_09,6,talkshow,Saudi/Gulf,https://youtu.be/1gHHKm6wYZE?si=5XT5wmpV72Reab4a,00:00:30,00:10:30,00:02:00,00:02:15
talkshow_09__clip0007.wav,talkshow_09,7,talkshow,Saudi/Gulf,https://youtu.be/1gHHKm6wYZE?si=5XT5wmpV72Reab4a,00:00:30,00:10:30,00:02:15,00:02:30
talkshow_09__clip0008.wav,talkshow_09,8,talkshow,Saudi/Gulf,https://youtu.be/1gHHKm6wYZE?si=5XT5wmpV72Reab4a,00:00:30,00:10:30,00:02:30,00:02:45
talkshow_09__clip0009.wav,talkshow_09,9,talkshow,Saudi/Gulf,https://youtu.be/1gHHKm6wYZE?si=5XT5wmpV72Reab4a,00:00:30,00:10:30,00:02:45,00:03:00
talkshow_09__clip0010.wav,talkshow_09,10,talkshow,Saudi/Gulf,https://youtu.be/1gHHKm6wYZE?si=5XT5wmpV72Reab4a,00:00:30,00:10:30,00:03:00,00:03:15
talkshow_09__clip0011.wav,talkshow_09,11,talkshow,Saudi/Gulf,https://youtu.be/1gHHKm6wYZE?si=5XT5wmpV72Reab4a,00:00:30,00:10:30,00:03:15,00:03:30
talkshow_09__clip0012.wav,talkshow_09,12,talkshow,Saudi/Gulf,https://youtu.be/1gHHKm6wYZE?si=5XT5wmpV72Reab4a,00:00:30,00:10:30,00:03:30,00:03:45
talkshow_09__clip0013.wav,talkshow_09,13,talkshow,Saudi/Gulf,https://youtu.be/1gHHKm6wYZE?si=5XT5wmpV72Reab4a,00:00:30,00:10:30,00:03:45,00:04:00
talkshow_09__clip0014.wav,talkshow_09,14,talkshow,Saudi/Gulf,https://youtu.be/1gHHKm6wYZE?si=5XT5wmpV72Reab4a,00:00:30,00:10:30,00:04:00,00:04:15
talkshow_09__clip0015.wav,talkshow_09,15,talkshow,Saudi/Gulf,https://youtu.be/1gHHKm6wYZE?si=5XT5wmpV72Reab4a,00:00:30,00:10:30,00:04:15,00:04:30
talkshow_09__clip0016.wav,talkshow_09,16,talkshow,Saudi/Gulf,https://youtu.be/1gHHKm6wYZE?si=5XT5wmpV72Reab4a,00:00:30,00:10:30,00:04:30,00:04:45
talkshow_09__clip0017.wav,talkshow_09,17,talkshow,Saudi/Gulf,https://youtu.be/1gHHKm6wYZE?si=5XT5wmpV72Reab4a,00:00:30,00:10:30,00:04:45,00:05:00
talkshow_09__clip0018.wav,talkshow_09,18,talkshow,Saudi/Gulf,https://youtu.be/1gHHKm6wYZE?si=5XT5wmpV72Reab4a,00:00:30,00:10:30,00:05:00,00:05:15
talkshow_09__clip0019.wav,talkshow_09,19,talkshow,Saudi/Gulf,https://youtu.be/1gHHKm6wYZE?si=5XT5wmpV72Reab4a,00:00:30,00:10:30,00:05:15,00:05:30
talkshow_09__clip0020.wav,talkshow_09,20,talkshow,Saudi/Gulf,https://youtu.be/1gHHKm6wYZE?si=5XT5wmpV72Reab4a,00:00:30,00:10:30,00:05:30,00:05:45
talkshow_09__clip0021.wav,talkshow_09,21,talkshow,Saudi/Gulf,https://youtu.be/1gHHKm6wYZE?si=5XT5wmpV72Reab4a,00:00:30,00:10:30,00:05:45,00:06:00
talkshow_09__clip0022.wav,talkshow_09,22,talkshow,Saudi/Gulf,https://youtu.be/1gHHKm6wYZE?si=5XT5wmpV72Reab4a,00:00:30,00:10:30,00:06:00,00:06:15
talkshow_09__clip0023.wav,talkshow_09,23,talkshow,Saudi/Gulf,https://youtu.be/1gHHKm6wYZE?si=5XT5wmpV72Reab4a,00:00:30,00:10:30,00:06:15,00:06:30
talkshow_09__clip0024.wav,talkshow_09,24,talkshow,Saudi/Gulf,https://youtu.be/1gHHKm6wYZE?si=5XT5wmpV72Reab4a,00:00:30,00:10:30,00:06:30,00:06:45
talkshow_09__clip0025.wav,talkshow_09,25,talkshow,Saudi/Gulf,https://youtu.be/1gHHKm6wYZE?si=5XT5wmpV72Reab4a,00:00:30,00:10:30,00:06:45,00:07:00
talkshow_09__clip0026.wav,talkshow_09,26,talkshow,Saudi/Gulf,https://youtu.be/1gHHKm6wYZE?si=5XT5wmpV72Reab4a,00:00:30,00:10:30,00:07:00,00:07:15
talkshow_09__clip0027.wav,talkshow_09,27,talkshow,Saudi/Gulf,https://youtu.be/1gHHKm6wYZE?si=5XT5wmpV72Reab4a,00:00:30,00:10:30,00:07:15,00:07:30
talkshow_09__clip0028.wav,talkshow_09,28,talkshow,Saudi/Gulf,https://youtu.be/1gHHKm6wYZE?si=5XT5wmpV72Reab4a,00:00:30,00:10:30,00:07:30,00:07:45
talkshow_09__clip0029.wav,talkshow_09,29,talkshow,Saudi/Gulf,https://youtu.be/1gHHKm6wYZE?si=5XT5wmpV72Reab4a,00:00:30,00:10:30,00:07:45,00:08:00
talkshow_09__clip0030.wav,talkshow_09,30,talkshow,Saudi/Gulf,https://youtu.be/1gHHKm6wYZE?si=5XT5wmpV72Reab4a,00:00:30,00:10:30,00:08:00,00:08:15
talkshow_09__clip0031.wav,talkshow_09,31,talkshow,Saudi/Gulf,https://youtu.be/1gHHKm6wYZE?si=5XT5wmpV72Reab4a,00:00:30,00:10:30,00:08:15,00:08:30
talkshow_09__clip0032.wav,talkshow_09,32,talkshow,Saudi/Gulf,https://youtu.be/1gHHKm6wYZE?si=5XT5wmpV72Reab4a,00:00:30,00:10:30,00:08:30,00:08:45
talkshow_09__clip0033.wav,talkshow_09,33,talkshow,Saudi/Gulf,https://youtu.be/1gHHKm6wYZE?si=5XT5wmpV72Reab4a,00:00:30,00:10:30,00:08:45,00:09:00
talkshow_09__clip0034.wav,talkshow_09,34,talkshow,Saudi/Gulf,https://youtu.be/1gHHKm6wYZE?si=5XT5wmpV72Reab4a,00:00:30,00:10:30,00:09:00,00:09:15
talkshow_09__clip0035.wav,talkshow_09,35,talkshow,Saudi/Gulf,https://youtu.be/1gHHKm6wYZE?si=5XT5wmpV72Reab4a,00:00:30,00:10:30,00:09:15,00:09:30
talkshow_09__clip0036.wav,talkshow_09,36,talkshow,Saudi/Gulf,https://youtu.be/1gHHKm6wYZE?si=5XT5wmpV72Reab4a,00:00:30,00:10:30,00:09:30,00:09:45
talkshow_09__clip0037.wav,talkshow_09,37,talkshow,Saudi/Gulf,https://youtu.be/1gHHKm6wYZE?si=5XT5wmpV72Reab4a,00:00:30,00:10:30,00:09:45,00:10:00
talkshow_09__clip0038.wav,talkshow_09,38,talkshow,Saudi/Gulf,https://youtu.be/1gHHKm6wYZE?si=5XT5wmpV72Reab4a,00:00:30,00:10:30,00:10:00,00:10:15
talkshow_09__clip0039.wav,talkshow_09,39,talkshow,Saudi/Gulf,https://youtu.be/1gHHKm6wYZE?si=5XT5wmpV72Reab4a,00:00:30,00:10:30,00:10:15,00:10:30
talkshow_10__clip0000.wav,talkshow_10,0,talkshow,Moroccan,https://youtu.be/RXo1bNVJRvs?si=JACCEU-rU7Ew5Lw8,00:00:30,00:10:30,00:00:30,00:00:45
talkshow_10__clip0001.wav,talkshow_10,1,talkshow,Moroccan,https://youtu.be/RXo1bNVJRvs?si=JACCEU-rU7Ew5Lw8,00:00:30,00:10:30,00:00:45,00:01:00
talkshow_10__clip0002.wav,talkshow_10,2,talkshow,Moroccan,https://youtu.be/RXo1bNVJRvs?si=JACCEU-rU7Ew5Lw8,00:00:30,00:10:30,00:01:00,00:01:15
talkshow_10__clip0003.wav,talkshow_10,3,talkshow,Moroccan,https://youtu.be/RXo1bNVJRvs?si=JACCEU-rU7Ew5Lw8,00:00:30,00:10:30,00:01:15,00:01:30
talkshow_10__clip0004.wav,talkshow_10,4,talkshow,Moroccan,https://youtu.be/RXo1bNVJRvs?si=JACCEU-rU7Ew5Lw8,00:00:30,00:10:30,00:01:30,00:01:45
talkshow_10__clip0005.wav,talkshow_10,5,talkshow,Moroccan,https://youtu.be/RXo1bNVJRvs?si=JACCEU-rU7Ew5Lw8,00:00:30,00:10:30,00:01:45,00:02:00
talkshow_10__clip0006.wav,talkshow_10,6,talkshow,Moroccan,https://youtu.be/RXo1bNVJRvs?si=JACCEU-rU7Ew5Lw8,00:00:30,00:10:30,00:02:00,00:02:15
talkshow_10__clip0007.wav,talkshow_10,7,talkshow,Moroccan,https://youtu.be/RXo1bNVJRvs?si=JACCEU-rU7Ew5Lw8,00:00:30,00:10:30,00:02:15,00:02:30
talkshow_10__clip0008.wav,talkshow_10,8,talkshow,Moroccan,https://youtu.be/RXo1bNVJRvs?si=JACCEU-rU7Ew5Lw8,00:00:30,00:10:30,00:02:30,00:02:45
talkshow_10__clip0009.wav,talkshow_10,9,talkshow,Moroccan,https://youtu.be/RXo1bNVJRvs?si=JACCEU-rU7Ew5Lw8,00:00:30,00:10:30,00:02:45,00:03:00
talkshow_10__clip0010.wav,talkshow_10,10,talkshow,Moroccan,https://youtu.be/RXo1bNVJRvs?si=JACCEU-rU7Ew5Lw8,00:00:30,00:10:30,00:03:00,00:03:15
talkshow_10__clip0011.wav,talkshow_10,11,talkshow,Moroccan,https://youtu.be/RXo1bNVJRvs?si=JACCEU-rU7Ew5Lw8,00:00:30,00:10:30,00:03:15,00:03:30
talkshow_10__clip0012.wav,talkshow_10,12,talkshow,Moroccan,https://youtu.be/RXo1bNVJRvs?si=JACCEU-rU7Ew5Lw8,00:00:30,00:10:30,00:03:30,00:03:45
talkshow_10__clip0013.wav,talkshow_10,13,talkshow,Moroccan,https://youtu.be/RXo1bNVJRvs?si=JACCEU-rU7Ew5Lw8,00:00:30,00:10:30,00:03:45,00:04:00
talkshow_10__clip0014.wav,talkshow_10,14,talkshow,Moroccan,https://youtu.be/RXo1bNVJRvs?si=JACCEU-rU7Ew5Lw8,00:00:30,00:10:30,00:04:00,00:04:15
talkshow_10__clip0015.wav,talkshow_10,15,talkshow,Moroccan,https://youtu.be/RXo1bNVJRvs?si=JACCEU-rU7Ew5Lw8,00:00:30,00:10:30,00:04:15,00:04:30
talkshow_10__clip0016.wav,talkshow_10,16,talkshow,Moroccan,https://youtu.be/RXo1bNVJRvs?si=JACCEU-rU7Ew5Lw8,00:00:30,00:10:30,00:04:30,00:04:45
talkshow_10__clip0017.wav,talkshow_10,17,talkshow,Moroccan,https://youtu.be/RXo1bNVJRvs?si=JACCEU-rU7Ew5Lw8,00:00:30,00:10:30,00:04:45,00:05:00
talkshow_10__clip0018.wav,talkshow_10,18,talkshow,Moroccan,https://youtu.be/RXo1bNVJRvs?si=JACCEU-rU7Ew5Lw8,00:00:30,00:10:30,00:05:00,00:05:15
talkshow_10__clip0019.wav,talkshow_10,19,talkshow,Moroccan,https://youtu.be/RXo1bNVJRvs?si=JACCEU-rU7Ew5Lw8,00:00:30,00:10:30,00:05:15,00:05:30
talkshow_10__clip0020.wav,talkshow_10,20,talkshow,Moroccan,https://youtu.be/RXo1bNVJRvs?si=JACCEU-rU7Ew5Lw8,00:00:30,00:10:30,00:05:30,00:05:45
talkshow_10__clip0021.wav,talkshow_10,21,talkshow,Moroccan,https://youtu.be/RXo1bNVJRvs?si=JACCEU-rU7Ew5Lw8,00:00:30,00:10:30,00:05:45,00:06:00
talkshow_10__clip0022.wav,talkshow_10,22,talkshow,Moroccan,https://youtu.be/RXo1bNVJRvs?si=JACCEU-rU7Ew5Lw8,00:00:30,00:10:30,00:06:00,00:06:15
talkshow_10__clip0023.wav,talkshow_10,23,talkshow,Moroccan,https://youtu.be/RXo1bNVJRvs?si=JACCEU-rU7Ew5Lw8,00:00:30,00:10:30,00:06:15,00:06:30
talkshow_10__clip0024.wav,talkshow_10,24,talkshow,Moroccan,https://youtu.be/RXo1bNVJRvs?si=JACCEU-rU7Ew5Lw8,00:00:30,00:10:30,00:06:30,00:06:45
talkshow_10__clip0025.wav,talkshow_10,25,talkshow,Moroccan,https://youtu.be/RXo1bNVJRvs?si=JACCEU-rU7Ew5Lw8,00:00:30,00:10:30,00:06:45,00:07:00
talkshow_10__clip0026.wav,talkshow_10,26,talkshow,Moroccan,https://youtu.be/RXo1bNVJRvs?si=JACCEU-rU7Ew5Lw8,00:00:30,00:10:30,00:07:00,00:07:15
talkshow_10__clip0027.wav,talkshow_10,27,talkshow,Moroccan,https://youtu.be/RXo1bNVJRvs?si=JACCEU-rU7Ew5Lw8,00:00:30,00:10:30,00:07:15,00:07:30
talkshow_10__clip0028.wav,talkshow_10,28,talkshow,Moroccan,https://youtu.be/RXo1bNVJRvs?si=JACCEU-rU7Ew5Lw8,00:00:30,00:10:30,00:07:30,00:07:45
talkshow_10__clip0029.wav,talkshow_10,29,talkshow,Moroccan,https://youtu.be/RXo1bNVJRvs?si=JACCEU-rU7Ew5Lw8,00:00:30,00:10:30,00:07:45,00:08:00
talkshow_10__clip0030.wav,talkshow_10,30,talkshow,Moroccan,https://youtu.be/RXo1bNVJRvs?si=JACCEU-rU7Ew5Lw8,00:00:30,00:10:30,00:08:00,00:08:15
talkshow_10__clip0031.wav,talkshow_10,31,talkshow,Moroccan,https://youtu.be/RXo1bNVJRvs?si=JACCEU-rU7Ew5Lw8,00:00:30,00:10:30,00:08:15,00:08:30
talkshow_10__clip0032.wav,talkshow_10,32,talkshow,Moroccan,https://youtu.be/RXo1bNVJRvs?si=JACCEU-rU7Ew5Lw8,00:00:30,00:10:30,00:08:30,00:08:45
talkshow_10__clip0033.wav,talkshow_10,33,talkshow,Moroccan,https://youtu.be/RXo1bNVJRvs?si=JACCEU-rU7Ew5Lw8,00:00:30,00:10:30,00:08:45,00:09:00
talkshow_10__clip0034.wav,talkshow_10,34,talkshow,Moroccan,https://youtu.be/RXo1bNVJRvs?si=JACCEU-rU7Ew5Lw8,00:00:30,00:10:30,00:09:00,00:09:15
talkshow_10__clip0035.wav,talkshow_10,35,talkshow,Moroccan,https://youtu.be/RXo1bNVJRvs?si=JACCEU-rU7Ew5Lw8,00:00:30,00:10:30,00:09:15,00:09:30
talkshow_10__clip0036.wav,talkshow_10,36,talkshow,Moroccan,https://youtu.be/RXo1bNVJRvs?si=JACCEU-rU7Ew5Lw8,00:00:30,00:10:30,00:09:30,00:09:45
talkshow_10__clip0037.wav,talkshow_10,37,talkshow,Moroccan,https://youtu.be/RXo1bNVJRvs?si=JACCEU-rU7Ew5Lw8,00:00:30,00:10:30,00:09:45,00:10:00
talkshow_10__clip0038.wav,talkshow_10,38,talkshow,Moroccan,https://youtu.be/RXo1bNVJRvs?si=JACCEU-rU7Ew5Lw8,00:00:30,00:10:30,00:10:00,00:10:15
talkshow_10__clip0039.wav,talkshow_10,39,talkshow,Moroccan,https://youtu.be/RXo1bNVJRvs?si=JACCEU-rU7Ew5Lw8,00:00:30,00:10:30,00:10:15,00:10:30
talkshow_11__clip0000.wav,talkshow_11,0,talkshow,Moroccan,https://www.youtube.com/watch?v=SCBxthgLHz0,00:00:30,00:10:30,00:00:30,00:00:45
talkshow_11__clip0001.wav,talkshow_11,1,talkshow,Moroccan,https://www.youtube.com/watch?v=SCBxthgLHz0,00:00:30,00:10:30,00:00:45,00:01:00
talkshow_11__clip0002.wav,talkshow_11,2,talkshow,Moroccan,https://www.youtube.com/watch?v=SCBxthgLHz0,00:00:30,00:10:30,00:01:00,00:01:15
talkshow_11__clip0003.wav,talkshow_11,3,talkshow,Moroccan,https://www.youtube.com/watch?v=SCBxthgLHz0,00:00:30,00:10:30,00:01:15,00:01:30
talkshow_11__clip0004.wav,talkshow_11,4,talkshow,Moroccan,https://www.youtube.com/watch?v=SCBxthgLHz0,00:00:30,00:10:30,00:01:30,00:01:45
talkshow_11__clip0005.wav,talkshow_11,5,talkshow,Moroccan,https://www.youtube.com/watch?v=SCBxthgLHz0,00:00:30,00:10:30,00:01:45,00:02:00
talkshow_11__clip0006.wav,talkshow_11,6,talkshow,Moroccan,https://www.youtube.com/watch?v=SCBxthgLHz0,00:00:30,00:10:30,00:02:00,00:02:15
talkshow_11__clip0007.wav,talkshow_11,7,talkshow,Moroccan,https://www.youtube.com/watch?v=SCBxthgLHz0,00:00:30,00:10:30,00:02:15,00:02:30
talkshow_11__clip0008.wav,talkshow_11,8,talkshow,Moroccan,https://www.youtube.com/watch?v=SCBxthgLHz0,00:00:30,00:10:30,00:02:30,00:02:45
talkshow_11__clip0009.wav,talkshow_11,9,talkshow,Moroccan,https://www.youtube.com/watch?v=SCBxthgLHz0,00:00:30,00:10:30,00:02:45,00:03:00
talkshow_11__clip0010.wav,talkshow_11,10,talkshow,Moroccan,https://www.youtube.com/watch?v=SCBxthgLHz0,00:00:30,00:10:30,00:03:00,00:03:15
talkshow_11__clip0011.wav,talkshow_11,11,talkshow,Moroccan,https://www.youtube.com/watch?v=SCBxthgLHz0,00:00:30,00:10:30,00:03:15,00:03:30
talkshow_11__clip0012.wav,talkshow_11,12,talkshow,Moroccan,https://www.youtube.com/watch?v=SCBxthgLHz0,00:00:30,00:10:30,00:03:30,00:03:45
talkshow_11__clip0013.wav,talkshow_11,13,talkshow,Moroccan,https://www.youtube.com/watch?v=SCBxthgLHz0,00:00:30,00:10:30,00:03:45,00:04:00
talkshow_11__clip0014.wav,talkshow_11,14,talkshow,Moroccan,https://www.youtube.com/watch?v=SCBxthgLHz0,00:00:30,00:10:30,00:04:00,00:04:15
talkshow_11__clip0015.wav,talkshow_11,15,talkshow,Moroccan,https://www.youtube.com/watch?v=SCBxthgLHz0,00:00:30,00:10:30,00:04:15,00:04:30
talkshow_11__clip0016.wav,talkshow_11,16,talkshow,Moroccan,https://www.youtube.com/watch?v=SCBxthgLHz0,00:00:30,00:10:30,00:04:30,00:04:45
talkshow_11__clip0017.wav,talkshow_11,17,talkshow,Moroccan,https://www.youtube.com/watch?v=SCBxthgLHz0,00:00:30,00:10:30,00:04:45,00:05:00
talkshow_11__clip0018.wav,talkshow_11,18,talkshow,Moroccan,https://www.youtube.com/watch?v=SCBxthgLHz0,00:00:30,00:10:30,00:05:00,00:05:15
talkshow_11__clip0019.wav,talkshow_11,19,talkshow,Moroccan,https://www.youtube.com/watch?v=SCBxthgLHz0,00:00:30,00:10:30,00:05:15,00:05:30
talkshow_11__clip0020.wav,talkshow_11,20,talkshow,Moroccan,https://www.youtube.com/watch?v=SCBxthgLHz0,00:00:30,00:10:30,00:05:30,00:05:45
talkshow_11__clip0021.wav,talkshow_11,21,talkshow,Moroccan,https://www.youtube.com/watch?v=SCBxthgLHz0,00:00:30,00:10:30,00:05:45,00:06:00
talkshow_11__clip0022.wav,talkshow_11,22,talkshow,Moroccan,https://www.youtube.com/watch?v=SCBxthgLHz0,00:00:30,00:10:30,00:06:00,00:06:15
talkshow_11__clip0023.wav,talkshow_11,23,talkshow,Moroccan,https://www.youtube.com/watch?v=SCBxthgLHz0,00:00:30,00:10:30,00:06:15,00:06:30
talkshow_11__clip0024.wav,talkshow_11,24,talkshow,Moroccan,https://www.youtube.com/watch?v=SCBxthgLHz0,00:00:30,00:10:30,00:06:30,00:06:45
talkshow_11__clip0025.wav,talkshow_11,25,talkshow,Moroccan,https://www.youtube.com/watch?v=SCBxthgLHz0,00:00:30,00:10:30,00:06:45,00:07:00
talkshow_11__clip0026.wav,talkshow_11,26,talkshow,Moroccan,https://www.youtube.com/watch?v=SCBxthgLHz0,00:00:30,00:10:30,00:07:00,00:07:15
talkshow_11__clip0027.wav,talkshow_11,27,talkshow,Moroccan,https://www.youtube.com/watch?v=SCBxthgLHz0,00:00:30,00:10:30,00:07:15,00:07:30
talkshow_11__clip0028.wav,talkshow_11,28,talkshow,Moroccan,https://www.youtube.com/watch?v=SCBxthgLHz0,00:00:30,00:10:30,00:07:30,00:07:45
talkshow_11__clip0029.wav,talkshow_11,29,talkshow,Moroccan,https://www.youtube.com/watch?v=SCBxthgLHz0,00:00:30,00:10:30,00:07:45,00:08:00
talkshow_11__clip0030.wav,talkshow_11,30,talkshow,Moroccan,https://www.youtube.com/watch?v=SCBxthgLHz0,00:00:30,00:10:30,00:08:00,00:08:15
talkshow_11__clip0031.wav,talkshow_11,31,talkshow,Moroccan,https://www.youtube.com/watch?v=SCBxthgLHz0,00:00:30,00:10:30,00:08:15,00:08:30
talkshow_11__clip0032.wav,talkshow_11,32,talkshow,Moroccan,https://www.youtube.com/watch?v=SCBxthgLHz0,00:00:30,00:10:30,00:08:30,00:08:45
talkshow_11__clip0033.wav,talkshow_11,33,talkshow,Moroccan,https://www.youtube.com/watch?v=SCBxthgLHz0,00:00:30,00:10:30,00:08:45,00:09:00
talkshow_11__clip0034.wav,talkshow_11,34,talkshow,Moroccan,https://www.youtube.com/watch?v=SCBxthgLHz0,00:00:30,00:10:30,00:09:00,00:09:15
talkshow_11__clip0035.wav,talkshow_11,35,talkshow,Moroccan,https://www.youtube.com/watch?v=SCBxthgLHz0,00:00:30,00:10:30,00:09:15,00:09:30
talkshow_11__clip0036.wav,talkshow_11,36,talkshow,Moroccan,https://www.youtube.com/watch?v=SCBxthgLHz0,00:00:30,00:10:30,00:09:30,00:09:45
talkshow_11__clip0037.wav,talkshow_11,37,talkshow,Moroccan,https://www.youtube.com/watch?v=SCBxthgLHz0,00:00:30,00:10:30,00:09:45,00:10:00
talkshow_11__clip0038.wav,talkshow_11,38,talkshow,Moroccan,https://www.youtube.com/watch?v=SCBxthgLHz0,00:00:30,00:10:30,00:10:00,00:10:15
talkshow_11__clip0039.wav,talkshow_11,39,talkshow,Moroccan,https://www.youtube.com/watch?v=SCBxthgLHz0,00:00:30,00:10:30,00:10:15,00:10:30
talkshow_12__clip0000.wav,talkshow_12,0,talkshow,Lebanese,https://www.youtube.com/watch?v=DJQjEiStj5U,00:00:30,00:10:30,00:00:30,00:00:45
talkshow_12__clip0001.wav,talkshow_12,1,talkshow,Lebanese,https://www.youtube.com/watch?v=DJQjEiStj5U,00:00:30,00:10:30,00:00:45,00:01:00
talkshow_12__clip0002.wav,talkshow_12,2,talkshow,Lebanese,https://www.youtube.com/watch?v=DJQjEiStj5U,00:00:30,00:10:30,00:01:00,00:01:15
talkshow_12__clip0003.wav,talkshow_12,3,talkshow,Lebanese,https://www.youtube.com/watch?v=DJQjEiStj5U,00:00:30,00:10:30,00:01:15,00:01:30
talkshow_12__clip0004.wav,talkshow_12,4,talkshow,Lebanese,https://www.youtube.com/watch?v=DJQjEiStj5U,00:00:30,00:10:30,00:01:30,00:01:45
talkshow_12__clip0005.wav,talkshow_12,5,talkshow,Lebanese,https://www.youtube.com/watch?v=DJQjEiStj5U,00:00:30,00:10:30,00:01:45,00:02:00
talkshow_12__clip0006.wav,talkshow_12,6,talkshow,Lebanese,https://www.youtube.com/watch?v=DJQjEiStj5U,00:00:30,00:10:30,00:02:00,00:02:15
talkshow_12__clip0007.wav,talkshow_12,7,talkshow,Lebanese,https://www.youtube.com/watch?v=DJQjEiStj5U,00:00:30,00:10:30,00:02:15,00:02:30
talkshow_12__clip0008.wav,talkshow_12,8,talkshow,Lebanese,https://www.youtube.com/watch?v=DJQjEiStj5U,00:00:30,00:10:30,00:02:30,00:02:45
talkshow_12__clip0009.wav,talkshow_12,9,talkshow,Lebanese,https://www.youtube.com/watch?v=DJQjEiStj5U,00:00:30,00:10:30,00:02:45,00:03:00
talkshow_12__clip0010.wav,talkshow_12,10,talkshow,Lebanese,https://www.youtube.com/watch?v=DJQjEiStj5U,00:00:30,00:10:30,00:03:00,00:03:15
talkshow_12__clip0011.wav,talkshow_12,11,talkshow,Lebanese,https://www.youtube.com/watch?v=DJQjEiStj5U,00:00:30,00:10:30,00:03:15,00:03:30
talkshow_12__clip0012.wav,talkshow_12,12,talkshow,Lebanese,https://www.youtube.com/watch?v=DJQjEiStj5U,00:00:30,00:10:30,00:03:30,00:03:45
talkshow_12__clip0013.wav,talkshow_12,13,talkshow,Lebanese,https://www.youtube.com/watch?v=DJQjEiStj5U,00:00:30,00:10:30,00:03:45,00:04:00
talkshow_12__clip0014.wav,talkshow_12,14,talkshow,Lebanese,https://www.youtube.com/watch?v=DJQjEiStj5U,00:00:30,00:10:30,00:04:00,00:04:15
talkshow_12__clip0015.wav,talkshow_12,15,talkshow,Lebanese,https://www.youtube.com/watch?v=DJQjEiStj5U,00:00:30,00:10:30,00:04:15,00:04:30
talkshow_12__clip0016.wav,talkshow_12,16,talkshow,Lebanese,https://www.youtube.com/watch?v=DJQjEiStj5U,00:00:30,00:10:30,00:04:30,00:04:45
talkshow_12__clip0017.wav,talkshow_12,17,talkshow,Lebanese,https://www.youtube.com/watch?v=DJQjEiStj5U,00:00:30,00:10:30,00:04:45,00:05:00
talkshow_12__clip0018.wav,talkshow_12,18,talkshow,Lebanese,https://www.youtube.com/watch?v=DJQjEiStj5U,00:00:30,00:10:30,00:05:00,00:05:15
talkshow_12__clip0019.wav,talkshow_12,19,talkshow,Lebanese,https://www.youtube.com/watch?v=DJQjEiStj5U,00:00:30,00:10:30,00:05:15,00:05:30
talkshow_12__clip0020.wav,talkshow_12,20,talkshow,Lebanese,https://www.youtube.com/watch?v=DJQjEiStj5U,00:00:30,00:10:30,00:05:30,00:05:45
talkshow_12__clip0021.wav,talkshow_12,21,talkshow,Lebanese,https://www.youtube.com/watch?v=DJQjEiStj5U,00:00:30,00:10:30,00:05:45,00:06:00
talkshow_12__clip0022.wav,talkshow_12,22,talkshow,Lebanese,https://www.youtube.com/watch?v=DJQjEiStj5U,00:00:30,00:10:30,00:06:00,00:06:15
talkshow_12__clip0023.wav,talkshow_12,23,talkshow,Lebanese,https://www.youtube.com/watch?v=DJQjEiStj5U,00:00:30,00:10:30,00:06:15,00:06:30
talkshow_12__clip0024.wav,talkshow_12,24,talkshow,Lebanese,https://www.youtube.com/watch?v=DJQjEiStj5U,00:00:30,00:10:30,00:06:30,00:06:45
talkshow_12__clip0025.wav,talkshow_12,25,talkshow,Lebanese,https://www.youtube.com/watch?v=DJQjEiStj5U,00:00:30,00:10:30,00:06:45,00:07:00
talkshow_12__clip0026.wav,talkshow_12,26,talkshow,Lebanese,https://www.youtube.com/watch?v=DJQjEiStj5U,00:00:30,00:10:30,00:07:00,00:07:15
talkshow_12__clip0027.wav,talkshow_12,27,talkshow,Lebanese,https://www.youtube.com/watch?v=DJQjEiStj5U,00:00:30,00:10:30,00:07:15,00:07:30
talkshow_12__clip0028.wav,talkshow_12,28,talkshow,Lebanese,https://www.youtube.com/watch?v=DJQjEiStj5U,00:00:30,00:10:30,00:07:30,00:07:45
talkshow_12__clip0029.wav,talkshow_12,29,talkshow,Lebanese,https://www.youtube.com/watch?v=DJQjEiStj5U,00:00:30,00:10:30,00:07:45,00:08:00
talkshow_12__clip0030.wav,talkshow_12,30,talkshow,Lebanese,https://www.youtube.com/watch?v=DJQjEiStj5U,00:00:30,00:10:30,00:08:00,00:08:15
talkshow_12__clip0031.wav,talkshow_12,31,talkshow,Lebanese,https://www.youtube.com/watch?v=DJQjEiStj5U,00:00:30,00:10:30,00:08:15,00:08:30
talkshow_12__clip0032.wav,talkshow_12,32,talkshow,Lebanese,https://www.youtube.com/watch?v=DJQjEiStj5U,00:00:30,00:10:30,00:08:30,00:08:45
talkshow_12__clip0033.wav,talkshow_12,33,talkshow,Lebanese,https://www.youtube.com/watch?v=DJQjEiStj5U,00:00:30,00:10:30,00:08:45,00:09:00
talkshow_12__clip0034.wav,talkshow_12,34,talkshow,Lebanese,https://www.youtube.com/watch?v=DJQjEiStj5U,00:00:30,00:10:30,00:09:00,00:09:15
talkshow_12__clip0035.wav,talkshow_12,35,talkshow,Lebanese,https://www.youtube.com/watch?v=DJQjEiStj5U,00:00:30,00:10:30,00:09:15,00:09:30
talkshow_12__clip0036.wav,talkshow_12,36,talkshow,Lebanese,https://www.youtube.com/watch?v=DJQjEiStj5U,00:00:30,00:10:30,00:09:30,00:09:45
talkshow_12__clip0037.wav,talkshow_12,37,talkshow,Lebanese,https://www.youtube.com/watch?v=DJQjEiStj5U,00:00:30,00:10:30,00:09:45,00:10:00
talkshow_12__clip0038.wav,talkshow_12,38,talkshow,Lebanese,https://www.youtube.com/watch?v=DJQjEiStj5U,00:00:30,00:10:30,00:10:00,00:10:15
talkshow_12__clip0039.wav,talkshow_12,39,talkshow,Lebanese,https://www.youtube.com/watch?v=DJQjEiStj5U,00:00:30,00:10:30,00:10:15,00:10:30
podcast_gulf_03__clip0000.wav,podcast_gulf_03,0,podcast_gulf,Saudi/Gulf,https://youtu.be/HzbqbqiRPd8?si=GDyk-9F1DeYno0RM,00:00:30,00:10:30,00:00:30,00:00:45
podcast_gulf_03__clip0001.wav,podcast_gulf_03,1,podcast_gulf,Saudi/Gulf,https://youtu.be/HzbqbqiRPd8?si=GDyk-9F1DeYno0RM,00:00:30,00:10:30,00:00:45,00:01:00
podcast_gulf_03__clip0002.wav,podcast_gulf_03,2,podcast_gulf,Saudi/Gulf,https://youtu.be/HzbqbqiRPd8?si=GDyk-9F1DeYno0RM,00:00:30,00:10:30,00:01:00,00:01:15
podcast_gulf_03__clip0003.wav,podcast_gulf_03,3,podcast_gulf,Saudi/Gulf,https://youtu.be/HzbqbqiRPd8?si=GDyk-9F1DeYno0RM,00:00:30,00:10:30,00:01:15,00:01:30
podcast_gulf_03__clip0004.wav,podcast_gulf_03,4,podcast_gulf,Saudi/Gulf,https://youtu.be/HzbqbqiRPd8?si=GDyk-9F1DeYno0RM,00:00:30,00:10:30,00:01:30,00:01:45
podcast_gulf_03__clip0005.wav,podcast_gulf_03,5,podcast_gulf,Saudi/Gulf,https://youtu.be/HzbqbqiRPd8?si=GDyk-9F1DeYno0RM,00:00:30,00:10:30,00:01:45,00:02:00
podcast_gulf_03__clip0006.wav,podcast_gulf_03,6,podcast_gulf,Saudi/Gulf,https://youtu.be/HzbqbqiRPd8?si=GDyk-9F1DeYno0RM,00:00:30,00:10:30,00:02:00,00:02:15
podcast_gulf_03__clip0007.wav,podcast_gulf_03,7,podcast_gulf,Saudi/Gulf,https://youtu.be/HzbqbqiRPd8?si=GDyk-9F1DeYno0RM,00:00:30,00:10:30,00:02:15,00:02:30
podcast_gulf_03__clip0008.wav,podcast_gulf_03,8,podcast_gulf,Saudi/Gulf,https://youtu.be/HzbqbqiRPd8?si=GDyk-9F1DeYno0RM,00:00:30,00:10:30,00:02:30,00:02:45
podcast_gulf_03__clip0009.wav,podcast_gulf_03,9,podcast_gulf,Saudi/Gulf,https://youtu.be/HzbqbqiRPd8?si=GDyk-9F1DeYno0RM,00:00:30,00:10:30,00:02:45,00:03:00
podcast_gulf_03__clip0010.wav,podcast_gulf_03,10,podcast_gulf,Saudi/Gulf,https://youtu.be/HzbqbqiRPd8?si=GDyk-9F1DeYno0RM,00:00:30,00:10:30,00:03:00,00:03:15
podcast_gulf_03__clip0011.wav,podcast_gulf_03,11,podcast_gulf,Saudi/Gulf,https://youtu.be/HzbqbqiRPd8?si=GDyk-9F1DeYno0RM,00:00:30,00:10:30,00:03:15,00:03:30
podcast_gulf_03__clip0012.wav,podcast_gulf_03,12,podcast_gulf,Saudi/Gulf,https://youtu.be/HzbqbqiRPd8?si=GDyk-9F1DeYno0RM,00:00:30,00:10:30,00:03:30,00:03:45
podcast_gulf_03__clip0013.wav,podcast_gulf_03,13,podcast_gulf,Saudi/Gulf,https://youtu.be/HzbqbqiRPd8?si=GDyk-9F1DeYno0RM,00:00:30,00:10:30,00:03:45,00:04:00
podcast_gulf_03__clip0014.wav,podcast_gulf_03,14,podcast_gulf,Saudi/Gulf,https://youtu.be/HzbqbqiRPd8?si=GDyk-9F1DeYno0RM,00:00:30,00:10:30,00:04:00,00:04:15
podcast_gulf_03__clip0015.wav,podcast_gulf_03,15,podcast_gulf,Saudi/Gulf,https://youtu.be/HzbqbqiRPd8?si=GDyk-9F1DeYno0RM,00:00:30,00:10:30,00:04:15,00:04:30
podcast_gulf_03__clip0016.wav,podcast_gulf_03,16,podcast_gulf,Saudi/Gulf,https://youtu.be/HzbqbqiRPd8?si=GDyk-9F1DeYno0RM,00:00:30,00:10:30,00:04:30,00:04:45
podcast_gulf_03__clip0017.wav,podcast_gulf_03,17,podcast_gulf,Saudi/Gulf,https://youtu.be/HzbqbqiRPd8?si=GDyk-9F1DeYno0RM,00:00:30,00:10:30,00:04:45,00:05:00
podcast_gulf_03__clip0018.wav,podcast_gulf_03,18,podcast_gulf,Saudi/Gulf,https://youtu.be/HzbqbqiRPd8?si=GDyk-9F1DeYno0RM,00:00:30,00:10:30,00:05:00,00:05:15
podcast_gulf_03__clip0019.wav,podcast_gulf_03,19,podcast_gulf,Saudi/Gulf,https://youtu.be/HzbqbqiRPd8?si=GDyk-9F1DeYno0RM,00:00:30,00:10:30,00:05:15,00:05:30
podcast_gulf_03__clip0020.wav,podcast_gulf_03,20,podcast_gulf,Saudi/Gulf,https://youtu.be/HzbqbqiRPd8?si=GDyk-9F1DeYno0RM,00:00:30,00:10:30,00:05:30,00:05:45
podcast_gulf_03__clip0021.wav,podcast_gulf_03,21,podcast_gulf,Saudi/Gulf,https://youtu.be/HzbqbqiRPd8?si=GDyk-9F1DeYno0RM,00:00:30,00:10:30,00:05:45,00:06:00
podcast_gulf_03__clip0022.wav,podcast_gulf_03,22,podcast_gulf,Saudi/Gulf,https://youtu.be/HzbqbqiRPd8?si=GDyk-9F1DeYno0RM,00:00:30,00:10:30,00:06:00,00:06:15
podcast_gulf_03__clip0023.wav,podcast_gulf_03,23,podcast_gulf,Saudi/Gulf,https://youtu.be/HzbqbqiRPd8?si=GDyk-9F1DeYno0RM,00:00:30,00:10:30,00:06:15,00:06:30
podcast_gulf_03__clip0024.wav,podcast_gulf_03,24,podcast_gulf,Saudi/Gulf,https://youtu.be/HzbqbqiRPd8?si=GDyk-9F1DeYno0RM,00:00:30,00:10:30,00:06:30,00:06:45
podcast_gulf_03__clip0025.wav,podcast_gulf_03,25,podcast_gulf,Saudi/Gulf,https://youtu.be/HzbqbqiRPd8?si=GDyk-9F1DeYno0RM,00:00:30,00:10:30,00:06:45,00:07:00
podcast_gulf_03__clip0026.wav,podcast_gulf_03,26,podcast_gulf,Saudi/Gulf,https://youtu.be/HzbqbqiRPd8?si=GDyk-9F1DeYno0RM,00:00:30,00:10:30,00:07:00,00:07:15
podcast_gulf_03__clip0027.wav,podcast_gulf_03,27,podcast_gulf,Saudi/Gulf,https://youtu.be/HzbqbqiRPd8?si=GDyk-9F1DeYno0RM,00:00:30,00:10:30,00:07:15,00:07:30
podcast_gulf_03__clip0028.wav,podcast_gulf_03,28,podcast_gulf,Saudi/Gulf,https://youtu.be/HzbqbqiRPd8?si=GDyk-9F1DeYno0RM,00:00:30,00:10:30,00:07:30,00:07:45
podcast_gulf_03__clip0029.wav,podcast_gulf_03,29,podcast_gulf,Saudi/Gulf,https://youtu.be/HzbqbqiRPd8?si=GDyk-9F1DeYno0RM,00:00:30,00:10:30,00:07:45,00:08:00
podcast_gulf_03__clip0030.wav,podcast_gulf_03,30,podcast_gulf,Saudi/Gulf,https://youtu.be/HzbqbqiRPd8?si=GDyk-9F1DeYno0RM,00:00:30,00:10:30,00:08:00,00:08:15
podcast_gulf_03__clip0031.wav,podcast_gulf_03,31,podcast_gulf,Saudi/Gulf,https://youtu.be/HzbqbqiRPd8?si=GDyk-9F1DeYno0RM,00:00:30,00:10:30,00:08:15,00:08:30
podcast_gulf_03__clip0032.wav,podcast_gulf_03,32,podcast_gulf,Saudi/Gulf,https://youtu.be/HzbqbqiRPd8?si=GDyk-9F1DeYno0RM,00:00:30,00:10:30,00:08:30,00:08:45
podcast_gulf_03__clip0033.wav,podcast_gulf_03,33,podcast_gulf,Saudi/Gulf,https://youtu.be/HzbqbqiRPd8?si=GDyk-9F1DeYno0RM,00:00:30,00:10:30,00:08:45,00:09:00
podcast_gulf_03__clip0034.wav,podcast_gulf_03,34,podcast_gulf,Saudi/Gulf,https://youtu.be/HzbqbqiRPd8?si=GDyk-9F1DeYno0RM,00:00:30,00:10:30,00:09:00,00:09:15
podcast_gulf_03__clip0035.wav,podcast_gulf_03,35,podcast_gulf,Saudi/Gulf,https://youtu.be/HzbqbqiRPd8?si=GDyk-9F1DeYno0RM,00:00:30,00:10:30,00:09:15,00:09:30
podcast_gulf_03__clip0036.wav,podcast_gulf_03,36,podcast_gulf,Saudi/Gulf,https://youtu.be/HzbqbqiRPd8?si=GDyk-9F1DeYno0RM,00:00:30,00:10:30,00:09:30,00:09:45
podcast_gulf_03__clip0037.wav,podcast_gulf_03,37,podcast_gulf,Saudi/Gulf,https://youtu.be/HzbqbqiRPd8?si=GDyk-9F1DeYno0RM,00:00:30,00:10:30,00:09:45,00:10:00
podcast_gulf_03__clip0038.wav,podcast_gulf_03,38,podcast_gulf,Saudi/Gulf,https://youtu.be/HzbqbqiRPd8?si=GDyk-9F1DeYno0RM,00:00:30,00:10:30,00:10:00,00:10:15
podcast_gulf_03__clip0039.wav,podcast_gulf_03,39,podcast_gulf,Saudi/Gulf,https://youtu.be/HzbqbqiRPd8?si=GDyk-9F1DeYno0RM,00:00:30,00:10:30,00:10:15,00:10:30
podcast_egypt_01__clip0000.wav,podcast_egypt_01,0,podcast_egypt,Egyptian,https://www.youtube.com/watch?v=YwZh3ddj6w8,00:00:30,00:10:30,00:00:30,00:00:45
podcast_egypt_01__clip0001.wav,podcast_egypt_01,1,podcast_egypt,Egyptian,https://www.youtube.com/watch?v=YwZh3ddj6w8,00:00:30,00:10:30,00:00:45,00:01:00
podcast_egypt_01__clip0002.wav,podcast_egypt_01,2,podcast_egypt,Egyptian,https://www.youtube.com/watch?v=YwZh3ddj6w8,00:00:30,00:10:30,00:01:00,00:01:15
podcast_egypt_01__clip0003.wav,podcast_egypt_01,3,podcast_egypt,Egyptian,https://www.youtube.com/watch?v=YwZh3ddj6w8,00:00:30,00:10:30,00:01:15,00:01:30
podcast_egypt_01__clip0004.wav,podcast_egypt_01,4,podcast_egypt,Egyptian,https://www.youtube.com/watch?v=YwZh3ddj6w8,00:00:30,00:10:30,00:01:30,00:01:45
podcast_egypt_01__clip0005.wav,podcast_egypt_01,5,podcast_egypt,Egyptian,https://www.youtube.com/watch?v=YwZh3ddj6w8,00:00:30,00:10:30,00:01:45,00:02:00
podcast_egypt_01__clip0006.wav,podcast_egypt_01,6,podcast_egypt,Egyptian,https://www.youtube.com/watch?v=YwZh3ddj6w8,00:00:30,00:10:30,00:02:00,00:02:15
podcast_egypt_01__clip0007.wav,podcast_egypt_01,7,podcast_egypt,Egyptian,https://www.youtube.com/watch?v=YwZh3ddj6w8,00:00:30,00:10:30,00:02:15,00:02:30
podcast_egypt_01__clip0008.wav,podcast_egypt_01,8,podcast_egypt,Egyptian,https://www.youtube.com/watch?v=YwZh3ddj6w8,00:00:30,00:10:30,00:02:30,00:02:45
podcast_egypt_01__clip0009.wav,podcast_egypt_01,9,podcast_egypt,Egyptian,https://www.youtube.com/watch?v=YwZh3ddj6w8,00:00:30,00:10:30,00:02:45,00:03:00
podcast_egypt_01__clip0010.wav,podcast_egypt_01,10,podcast_egypt,Egyptian,https://www.youtube.com/watch?v=YwZh3ddj6w8,00:00:30,00:10:30,00:03:00,00:03:15
podcast_egypt_01__clip0011.wav,podcast_egypt_01,11,podcast_egypt,Egyptian,https://www.youtube.com/watch?v=YwZh3ddj6w8,00:00:30,00:10:30,00:03:15,00:03:30
podcast_egypt_01__clip0012.wav,podcast_egypt_01,12,podcast_egypt,Egyptian,https://www.youtube.com/watch?v=YwZh3ddj6w8,00:00:30,00:10:30,00:03:30,00:03:45
podcast_egypt_01__clip0013.wav,podcast_egypt_01,13,podcast_egypt,Egyptian,https://www.youtube.com/watch?v=YwZh3ddj6w8,00:00:30,00:10:30,00:03:45,00:04:00
podcast_egypt_01__clip0014.wav,podcast_egypt_01,14,podcast_egypt,Egyptian,https://www.youtube.com/watch?v=YwZh3ddj6w8,00:00:30,00:10:30,00:04:00,00:04:15
podcast_egypt_01__clip0015.wav,podcast_egypt_01,15,podcast_egypt,Egyptian,https://www.youtube.com/watch?v=YwZh3ddj6w8,00:00:30,00:10:30,00:04:15,00:04:30
podcast_egypt_01__clip0016.wav,podcast_egypt_01,16,podcast_egypt,Egyptian,https://www.youtube.com/watch?v=YwZh3ddj6w8,00:00:30,00:10:30,00:04:30,00:04:45
podcast_egypt_01__clip0017.wav,podcast_egypt_01,17,podcast_egypt,Egyptian,https://www.youtube.com/watch?v=YwZh3ddj6w8,00:00:30,00:10:30,00:04:45,00:05:00
podcast_egypt_01__clip0018.wav,podcast_egypt_01,18,podcast_egypt,Egyptian,https://www.youtube.com/watch?v=YwZh3ddj6w8,00:00:30,00:10:30,00:05:00,00:05:15
podcast_egypt_01__clip0019.wav,podcast_egypt_01,19,podcast_egypt,Egyptian,https://www.youtube.com/watch?v=YwZh3ddj6w8,00:00:30,00:10:30,00:05:15,00:05:30
podcast_egypt_01__clip0020.wav,podcast_egypt_01,20,podcast_egypt,Egyptian,https://www.youtube.com/watch?v=YwZh3ddj6w8,00:00:30,00:10:30,00:05:30,00:05:45
podcast_egypt_01__clip0021.wav,podcast_egypt_01,21,podcast_egypt,Egyptian,https://www.youtube.com/watch?v=YwZh3ddj6w8,00:00:30,00:10:30,00:05:45,00:06:00
podcast_egypt_01__clip0022.wav,podcast_egypt_01,22,podcast_egypt,Egyptian,https://www.youtube.com/watch?v=YwZh3ddj6w8,00:00:30,00:10:30,00:06:00,00:06:15
podcast_egypt_01__clip0023.wav,podcast_egypt_01,23,podcast_egypt,Egyptian,https://www.youtube.com/watch?v=YwZh3ddj6w8,00:00:30,00:10:30,00:06:15,00:06:30
podcast_egypt_01__clip0024.wav,podcast_egypt_01,24,podcast_egypt,Egyptian,https://www.youtube.com/watch?v=YwZh3ddj6w8,00:00:30,00:10:30,00:06:30,00:06:45
podcast_egypt_01__clip0025.wav,podcast_egypt_01,25,podcast_egypt,Egyptian,https://www.youtube.com/watch?v=YwZh3ddj6w8,00:00:30,00:10:30,00:06:45,00:07:00
podcast_egypt_01__clip0026.wav,podcast_egypt_01,26,podcast_egypt,Egyptian,https://www.youtube.com/watch?v=YwZh3ddj6w8,00:00:30,00:10:30,00:07:00,00:07:15
podcast_egypt_01__clip0027.wav,podcast_egypt_01,27,podcast_egypt,Egyptian,https://www.youtube.com/watch?v=YwZh3ddj6w8,00:00:30,00:10:30,00:07:15,00:07:30
podcast_egypt_01__clip0028.wav,podcast_egypt_01,28,podcast_egypt,Egyptian,https://www.youtube.com/watch?v=YwZh3ddj6w8,00:00:30,00:10:30,00:07:30,00:07:45
podcast_egypt_01__clip0029.wav,podcast_egypt_01,29,podcast_egypt,Egyptian,https://www.youtube.com/watch?v=YwZh3ddj6w8,00:00:30,00:10:30,00:07:45,00:08:00
podcast_egypt_01__clip0030.wav,podcast_egypt_01,30,podcast_egypt,Egyptian,https://www.youtube.com/watch?v=YwZh3ddj6w8,00:00:30,00:10:30,00:08:00,00:08:15
podcast_egypt_01__clip0031.wav,podcast_egypt_01,31,podcast_egypt,Egyptian,https://www.youtube.com/watch?v=YwZh3ddj6w8,00:00:30,00:10:30,00:08:15,00:08:30
podcast_egypt_01__clip0032.wav,podcast_egypt_01,32,podcast_egypt,Egyptian,https://www.youtube.com/watch?v=YwZh3ddj6w8,00:00:30,00:10:30,00:08:30,00:08:45
podcast_egypt_01__clip0033.wav,podcast_egypt_01,33,podcast_egypt,Egyptian,https://www.youtube.com/watch?v=YwZh3ddj6w8,00:00:30,00:10:30,00:08:45,00:09:00
podcast_egypt_01__clip0034.wav,podcast_egypt_01,34,podcast_egypt,Egyptian,https://www.youtube.com/watch?v=YwZh3ddj6w8,00:00:30,00:10:30,00:09:00,00:09:15
podcast_egypt_01__clip0035.wav,podcast_egypt_01,35,podcast_egypt,Egyptian,https://www.youtube.com/watch?v=YwZh3ddj6w8,00:00:30,00:10:30,00:09:15,00:09:30
podcast_egypt_01__clip0036.wav,podcast_egypt_01,36,podcast_egypt,Egyptian,https://www.youtube.com/watch?v=YwZh3ddj6w8,00:00:30,00:10:30,00:09:30,00:09:45
podcast_egypt_01__clip0037.wav,podcast_egypt_01,37,podcast_egypt,Egyptian,https://www.youtube.com/watch?v=YwZh3ddj6w8,00:00:30,00:10:30,00:09:45,00:10:00
podcast_egypt_01__clip0038.wav,podcast_egypt_01,38,podcast_egypt,Egyptian,https://www.youtube.com/watch?v=YwZh3ddj6w8,00:00:30,00:10:30,00:10:00,00:10:15
podcast_egypt_01__clip0039.wav,podcast_egypt_01,39,podcast_egypt,Egyptian,https://www.youtube.com/watch?v=YwZh3ddj6w8,00:00:30,00:10:30,00:10:15,00:10:30
podcast_egypt_02__clip0000.wav,podcast_egypt_02,0,podcast_egypt,Egyptian,https://www.youtube.com/watch?v=w0JHMyGkcf8,00:00:30,00:10:30,00:00:30,00:00:45
podcast_egypt_02__clip0001.wav,podcast_egypt_02,1,podcast_egypt,Egyptian,https://www.youtube.com/watch?v=w0JHMyGkcf8,00:00:30,00:10:30,00:00:45,00:01:00
podcast_egypt_02__clip0002.wav,podcast_egypt_02,2,podcast_egypt,Egyptian,https://www.youtube.com/watch?v=w0JHMyGkcf8,00:00:30,00:10:30,00:01:00,00:01:15
podcast_egypt_02__clip0003.wav,podcast_egypt_02,3,podcast_egypt,Egyptian,https://www.youtube.com/watch?v=w0JHMyGkcf8,00:00:30,00:10:30,00:01:15,00:01:30
podcast_egypt_02__clip0004.wav,podcast_egypt_02,4,podcast_egypt,Egyptian,https://www.youtube.com/watch?v=w0JHMyGkcf8,00:00:30,00:10:30,00:01:30,00:01:45
podcast_egypt_02__clip0005.wav,podcast_egypt_02,5,podcast_egypt,Egyptian,https://www.youtube.com/watch?v=w0JHMyGkcf8,00:00:30,00:10:30,00:01:45,00:02:00
podcast_egypt_02__clip0006.wav,podcast_egypt_02,6,podcast_egypt,Egyptian,https://www.youtube.com/watch?v=w0JHMyGkcf8,00:00:30,00:10:30,00:02:00,00:02:15
podcast_egypt_02__clip0007.wav,podcast_egypt_02,7,podcast_egypt,Egyptian,https://www.youtube.com/watch?v=w0JHMyGkcf8,00:00:30,00:10:30,00:02:15,00:02:30
podcast_egypt_02__clip0008.wav,podcast_egypt_02,8,podcast_egypt,Egyptian,https://www.youtube.com/watch?v=w0JHMyGkcf8,00:00:30,00:10:30,00:02:30,00:02:45
podcast_egypt_02__clip0009.wav,podcast_egypt_02,9,podcast_egypt,Egyptian,https://www.youtube.com/watch?v=w0JHMyGkcf8,00:00:30,00:10:30,00:02:45,00:03:00
podcast_egypt_02__clip0010.wav,podcast_egypt_02,10,podcast_egypt,Egyptian,https://www.youtube.com/watch?v=w0JHMyGkcf8,00:00:30,00:10:30,00:03:00,00:03:15
podcast_egypt_02__clip0011.wav,podcast_egypt_02,11,podcast_egypt,Egyptian,https://www.youtube.com/watch?v=w0JHMyGkcf8,00:00:30,00:10:30,00:03:15,00:03:30
podcast_egypt_02__clip0012.wav,podcast_egypt_02,12,podcast_egypt,Egyptian,https://www.youtube.com/watch?v=w0JHMyGkcf8,00:00:30,00:10:30,00:03:30,00:03:45
podcast_egypt_02__clip0013.wav,podcast_egypt_02,13,podcast_egypt,Egyptian,https://www.youtube.com/watch?v=w0JHMyGkcf8,00:00:30,00:10:30,00:03:45,00:04:00
podcast_egypt_02__clip0014.wav,podcast_egypt_02,14,podcast_egypt,Egyptian,https://www.youtube.com/watch?v=w0JHMyGkcf8,00:00:30,00:10:30,00:04:00,00:04:15
podcast_egypt_02__clip0015.wav,podcast_egypt_02,15,podcast_egypt,Egyptian,https://www.youtube.com/watch?v=w0JHMyGkcf8,00:00:30,00:10:30,00:04:15,00:04:30
podcast_egypt_02__clip0016.wav,podcast_egypt_02,16,podcast_egypt,Egyptian,https://www.youtube.com/watch?v=w0JHMyGkcf8,00:00:30,00:10:30,00:04:30,00:04:45
podcast_egypt_02__clip0017.wav,podcast_egypt_02,17,podcast_egypt,Egyptian,https://www.youtube.com/watch?v=w0JHMyGkcf8,00:00:30,00:10:30,00:04:45,00:05:00
podcast_egypt_02__clip0018.wav,podcast_egypt_02,18,podcast_egypt,Egyptian,https://www.youtube.com/watch?v=w0JHMyGkcf8,00:00:30,00:10:30,00:05:00,00:05:15
podcast_egypt_02__clip0019.wav,podcast_egypt_02,19,podcast_egypt,Egyptian,https://www.youtube.com/watch?v=w0JHMyGkcf8,00:00:30,00:10:30,00:05:15,00:05:30
podcast_egypt_02__clip0020.wav,podcast_egypt_02,20,podcast_egypt,Egyptian,https://www.youtube.com/watch?v=w0JHMyGkcf8,00:00:30,00:10:30,00:05:30,00:05:45
podcast_egypt_02__clip0021.wav,podcast_egypt_02,21,podcast_egypt,Egyptian,https://www.youtube.com/watch?v=w0JHMyGkcf8,00:00:30,00:10:30,00:05:45,00:06:00
podcast_egypt_02__clip0022.wav,podcast_egypt_02,22,podcast_egypt,Egyptian,https://www.youtube.com/watch?v=w0JHMyGkcf8,00:00:30,00:10:30,00:06:00,00:06:15
podcast_egypt_02__clip0023.wav,podcast_egypt_02,23,podcast_egypt,Egyptian,https://www.youtube.com/watch?v=w0JHMyGkcf8,00:00:30,00:10:30,00:06:15,00:06:30
podcast_egypt_02__clip0024.wav,podcast_egypt_02,24,podcast_egypt,Egyptian,https://www.youtube.com/watch?v=w0JHMyGkcf8,00:00:30,00:10:30,00:06:30,00:06:45
podcast_egypt_02__clip0025.wav,podcast_egypt_02,25,podcast_egypt,Egyptian,https://www.youtube.com/watch?v=w0JHMyGkcf8,00:00:30,00:10:30,00:06:45,00:07:00
podcast_egypt_02__clip0026.wav,podcast_egypt_02,26,podcast_egypt,Egyptian,https://www.youtube.com/watch?v=w0JHMyGkcf8,00:00:30,00:10:30,00:07:00,00:07:15
podcast_egypt_02__clip0027.wav,podcast_egypt_02,27,podcast_egypt,Egyptian,https://www.youtube.com/watch?v=w0JHMyGkcf8,00:00:30,00:10:30,00:07:15,00:07:30
podcast_egypt_02__clip0028.wav,podcast_egypt_02,28,podcast_egypt,Egyptian,https://www.youtube.com/watch?v=w0JHMyGkcf8,00:00:30,00:10:30,00:07:30,00:07:45
podcast_egypt_02__clip0029.wav,podcast_egypt_02,29,podcast_egypt,Egyptian,https://www.youtube.com/watch?v=w0JHMyGkcf8,00:00:30,00:10:30,00:07:45,00:08:00
podcast_egypt_02__clip0030.wav,podcast_egypt_02,30,podcast_egypt,Egyptian,https://www.youtube.com/watch?v=w0JHMyGkcf8,00:00:30,00:10:30,00:08:00,00:08:15
podcast_egypt_02__clip0031.wav,podcast_egypt_02,31,podcast_egypt,Egyptian,https://www.youtube.com/watch?v=w0JHMyGkcf8,00:00:30,00:10:30,00:08:15,00:08:30
podcast_egypt_02__clip0032.wav,podcast_egypt_02,32,podcast_egypt,Egyptian,https://www.youtube.com/watch?v=w0JHMyGkcf8,00:00:30,00:10:30,00:08:30,00:08:45
podcast_egypt_02__clip0033.wav,podcast_egypt_02,33,podcast_egypt,Egyptian,https://www.youtube.com/watch?v=w0JHMyGkcf8,00:00:30,00:10:30,00:08:45,00:09:00
podcast_egypt_02__clip0034.wav,podcast_egypt_02,34,podcast_egypt,Egyptian,https://www.youtube.com/watch?v=w0JHMyGkcf8,00:00:30,00:10:30,00:09:00,00:09:15
podcast_egypt_02__clip0035.wav,podcast_egypt_02,35,podcast_egypt,Egyptian,https://www.youtube.com/watch?v=w0JHMyGkcf8,00:00:30,00:10:30,00:09:15,00:09:30
podcast_egypt_02__clip0036.wav,podcast_egypt_02,36,podcast_egypt,Egyptian,https://www.youtube.com/watch?v=w0JHMyGkcf8,00:00:30,00:10:30,00:09:30,00:09:45
podcast_egypt_02__clip0037.wav,podcast_egypt_02,37,podcast_egypt,Egyptian,https://www.youtube.com/watch?v=w0JHMyGkcf8,00:00:30,00:10:30,00:09:45,00:10:00
podcast_egypt_02__clip0038.wav,podcast_egypt_02,38,podcast_egypt,Egyptian,https://www.youtube.com/watch?v=w0JHMyGkcf8,00:00:30,00:10:30,00:10:00,00:10:15
podcast_egypt_02__clip0039.wav,podcast_egypt_02,39,podcast_egypt,Egyptian,https://www.youtube.com/watch?v=w0JHMyGkcf8,00:00:30,00:10:30,00:10:15,00:10:30
podcast_levant_02__clip0000.wav,podcast_levant_02,0,podcast_levant,Levantine,https://www.youtube.com/watch?v=0ngmeMkX8FQ,00:00:30,00:10:30,00:00:30,00:00:45
podcast_levant_02__clip0001.wav,podcast_levant_02,1,podcast_levant,Levantine,https://www.youtube.com/watch?v=0ngmeMkX8FQ,00:00:30,00:10:30,00:00:45,00:01:00
podcast_levant_02__clip0002.wav,podcast_levant_02,2,podcast_levant,Levantine,https://www.youtube.com/watch?v=0ngmeMkX8FQ,00:00:30,00:10:30,00:01:00,00:01:15
podcast_levant_02__clip0003.wav,podcast_levant_02,3,podcast_levant,Levantine,https://www.youtube.com/watch?v=0ngmeMkX8FQ,00:00:30,00:10:30,00:01:15,00:01:30
podcast_levant_02__clip0004.wav,podcast_levant_02,4,podcast_levant,Levantine,https://www.youtube.com/watch?v=0ngmeMkX8FQ,00:00:30,00:10:30,00:01:30,00:01:45
podcast_levant_02__clip0005.wav,podcast_levant_02,5,podcast_levant,Levantine,https://www.youtube.com/watch?v=0ngmeMkX8FQ,00:00:30,00:10:30,00:01:45,00:02:00
podcast_levant_02__clip0006.wav,podcast_levant_02,6,podcast_levant,Levantine,https://www.youtube.com/watch?v=0ngmeMkX8FQ,00:00:30,00:10:30,00:02:00,00:02:15
podcast_levant_02__clip0007.wav,podcast_levant_02,7,podcast_levant,Levantine,https://www.youtube.com/watch?v=0ngmeMkX8FQ,00:00:30,00:10:30,00:02:15,00:02:30
podcast_levant_02__clip0008.wav,podcast_levant_02,8,podcast_levant,Levantine,https://www.youtube.com/watch?v=0ngmeMkX8FQ,00:00:30,00:10:30,00:02:30,00:02:45
podcast_levant_02__clip0009.wav,podcast_levant_02,9,podcast_levant,Levantine,https://www.youtube.com/watch?v=0ngmeMkX8FQ,00:00:30,00:10:30,00:02:45,00:03:00
podcast_levant_02__clip0010.wav,podcast_levant_02,10,podcast_levant,Levantine,https://www.youtube.com/watch?v=0ngmeMkX8FQ,00:00:30,00:10:30,00:03:00,00:03:15
podcast_levant_02__clip0011.wav,podcast_levant_02,11,podcast_levant,Levantine,https://www.youtube.com/watch?v=0ngmeMkX8FQ,00:00:30,00:10:30,00:03:15,00:03:30
podcast_levant_02__clip0012.wav,podcast_levant_02,12,podcast_levant,Levantine,https://www.youtube.com/watch?v=0ngmeMkX8FQ,00:00:30,00:10:30,00:03:30,00:03:45
podcast_levant_02__clip0013.wav,podcast_levant_02,13,podcast_levant,Levantine,https://www.youtube.com/watch?v=0ngmeMkX8FQ,00:00:30,00:10:30,00:03:45,00:04:00
podcast_levant_02__clip0014.wav,podcast_levant_02,14,podcast_levant,Levantine,https://www.youtube.com/watch?v=0ngmeMkX8FQ,00:00:30,00:10:30,00:04:00,00:04:15
podcast_levant_02__clip0015.wav,podcast_levant_02,15,podcast_levant,Levantine,https://www.youtube.com/watch?v=0ngmeMkX8FQ,00:00:30,00:10:30,00:04:15,00:04:30
podcast_levant_02__clip0016.wav,podcast_levant_02,16,podcast_levant,Levantine,https://www.youtube.com/watch?v=0ngmeMkX8FQ,00:00:30,00:10:30,00:04:30,00:04:45
podcast_levant_02__clip0017.wav,podcast_levant_02,17,podcast_levant,Levantine,https://www.youtube.com/watch?v=0ngmeMkX8FQ,00:00:30,00:10:30,00:04:45,00:05:00
podcast_levant_02__clip0018.wav,podcast_levant_02,18,podcast_levant,Levantine,https://www.youtube.com/watch?v=0ngmeMkX8FQ,00:00:30,00:10:30,00:05:00,00:05:15
podcast_levant_02__clip0019.wav,podcast_levant_02,19,podcast_levant,Levantine,https://www.youtube.com/watch?v=0ngmeMkX8FQ,00:00:30,00:10:30,00:05:15,00:05:30
podcast_levant_02__clip0020.wav,podcast_levant_02,20,podcast_levant,Levantine,https://www.youtube.com/watch?v=0ngmeMkX8FQ,00:00:30,00:10:30,00:05:30,00:05:45
podcast_levant_02__clip0021.wav,podcast_levant_02,21,podcast_levant,Levantine,https://www.youtube.com/watch?v=0ngmeMkX8FQ,00:00:30,00:10:30,00:05:45,00:06:00
podcast_levant_02__clip0022.wav,podcast_levant_02,22,podcast_levant,Levantine,https://www.youtube.com/watch?v=0ngmeMkX8FQ,00:00:30,00:10:30,00:06:00,00:06:15
podcast_levant_02__clip0023.wav,podcast_levant_02,23,podcast_levant,Levantine,https://www.youtube.com/watch?v=0ngmeMkX8FQ,00:00:30,00:10:30,00:06:15,00:06:30
podcast_levant_02__clip0024.wav,podcast_levant_02,24,podcast_levant,Levantine,https://www.youtube.com/watch?v=0ngmeMkX8FQ,00:00:30,00:10:30,00:06:30,00:06:45
podcast_levant_02__clip0025.wav,podcast_levant_02,25,podcast_levant,Levantine,https://www.youtube.com/watch?v=0ngmeMkX8FQ,00:00:30,00:10:30,00:06:45,00:07:00
podcast_levant_02__clip0026.wav,podcast_levant_02,26,podcast_levant,Levantine,https://www.youtube.com/watch?v=0ngmeMkX8FQ,00:00:30,00:10:30,00:07:00,00:07:15
podcast_levant_02__clip0027.wav,podcast_levant_02,27,podcast_levant,Levantine,https://www.youtube.com/watch?v=0ngmeMkX8FQ,00:00:30,00:10:30,00:07:15,00:07:30
podcast_levant_02__clip0028.wav,podcast_levant_02,28,podcast_levant,Levantine,https://www.youtube.com/watch?v=0ngmeMkX8FQ,00:00:30,00:10:30,00:07:30,00:07:45
podcast_levant_02__clip0029.wav,podcast_levant_02,29,podcast_levant,Levantine,https://www.youtube.com/watch?v=0ngmeMkX8FQ,00:00:30,00:10:30,00:07:45,00:08:00
podcast_levant_02__clip0030.wav,podcast_levant_02,30,podcast_levant,Levantine,https://www.youtube.com/watch?v=0ngmeMkX8FQ,00:00:30,00:10:30,00:08:00,00:08:15
podcast_levant_02__clip0031.wav,podcast_levant_02,31,podcast_levant,Levantine,https://www.youtube.com/watch?v=0ngmeMkX8FQ,00:00:30,00:10:30,00:08:15,00:08:30
podcast_levant_02__clip0032.wav,podcast_levant_02,32,podcast_levant,Levantine,https://www.youtube.com/watch?v=0ngmeMkX8FQ,00:00:30,00:10:30,00:08:30,00:08:45
podcast_levant_02__clip0033.wav,podcast_levant_02,33,podcast_levant,Levantine,https://www.youtube.com/watch?v=0ngmeMkX8FQ,00:00:30,00:10:30,00:08:45,00:09:00
podcast_levant_02__clip0034.wav,podcast_levant_02,34,podcast_levant,Levantine,https://www.youtube.com/watch?v=0ngmeMkX8FQ,00:00:30,00:10:30,00:09:00,00:09:15
podcast_levant_02__clip0035.wav,podcast_levant_02,35,podcast_levant,Levantine,https://www.youtube.com/watch?v=0ngmeMkX8FQ,00:00:30,00:10:30,00:09:15,00:09:30
podcast_levant_02__clip0036.wav,podcast_levant_02,36,podcast_levant,Levantine,https://www.youtube.com/watch?v=0ngmeMkX8FQ,00:00:30,00:10:30,00:09:30,00:09:45
podcast_levant_02__clip0037.wav,podcast_levant_02,37,podcast_levant,Levantine,https://www.youtube.com/watch?v=0ngmeMkX8FQ,00:00:30,00:10:30,00:09:45,00:10:00
podcast_levant_02__clip0038.wav,podcast_levant_02,38,podcast_levant,Levantine,https://www.youtube.com/watch?v=0ngmeMkX8FQ,00:00:30,00:10:30,00:10:00,00:10:15
podcast_levant_02__clip0039.wav,podcast_levant_02,39,podcast_levant,Levantine,https://www.youtube.com/watch?v=0ngmeMkX8FQ,00:00:30,00:10:30,00:10:15,00:10:30
podcast_maghrebi_02__clip0000.wav,podcast_maghrebi_02,0,podcast_maghrebi,Moroccan,https://www.youtube.com/watch?v=fXukCc1aA6g,00:00:30,00:10:30,00:00:30,00:00:45
podcast_maghrebi_02__clip0001.wav,podcast_maghrebi_02,1,podcast_maghrebi,Moroccan,https://www.youtube.com/watch?v=fXukCc1aA6g,00:00:30,00:10:30,00:00:45,00:01:00
podcast_maghrebi_02__clip0002.wav,podcast_maghrebi_02,2,podcast_maghrebi,Moroccan,https://www.youtube.com/watch?v=fXukCc1aA6g,00:00:30,00:10:30,00:01:00,00:01:15
podcast_maghrebi_02__clip0003.wav,podcast_maghrebi_02,3,podcast_maghrebi,Moroccan,https://www.youtube.com/watch?v=fXukCc1aA6g,00:00:30,00:10:30,00:01:15,00:01:30
podcast_maghrebi_02__clip0004.wav,podcast_maghrebi_02,4,podcast_maghrebi,Moroccan,https://www.youtube.com/watch?v=fXukCc1aA6g,00:00:30,00:10:30,00:01:30,00:01:45
podcast_maghrebi_02__clip0005.wav,podcast_maghrebi_02,5,podcast_maghrebi,Moroccan,https://www.youtube.com/watch?v=fXukCc1aA6g,00:00:30,00:10:30,00:01:45,00:02:00
podcast_maghrebi_02__clip0006.wav,podcast_maghrebi_02,6,podcast_maghrebi,Moroccan,https://www.youtube.com/watch?v=fXukCc1aA6g,00:00:30,00:10:30,00:02:00,00:02:15
podcast_maghrebi_02__clip0007.wav,podcast_maghrebi_02,7,podcast_maghrebi,Moroccan,https://www.youtube.com/watch?v=fXukCc1aA6g,00:00:30,00:10:30,00:02:15,00:02:30
podcast_maghrebi_02__clip0008.wav,podcast_maghrebi_02,8,podcast_maghrebi,Moroccan,https://www.youtube.com/watch?v=fXukCc1aA6g,00:00:30,00:10:30,00:02:30,00:02:45
podcast_maghrebi_02__clip0009.wav,podcast_maghrebi_02,9,podcast_maghrebi,Moroccan,https://www.youtube.com/watch?v=fXukCc1aA6g,00:00:30,00:10:30,00:02:45,00:03:00
podcast_maghrebi_02__clip0010.wav,podcast_maghrebi_02,10,podcast_maghrebi,Moroccan,https://www.youtube.com/watch?v=fXukCc1aA6g,00:00:30,00:10:30,00:03:00,00:03:15
podcast_maghrebi_02__clip0011.wav,podcast_maghrebi_02,11,podcast_maghrebi,Moroccan,https://www.youtube.com/watch?v=fXukCc1aA6g,00:00:30,00:10:30,00:03:15,00:03:30
podcast_maghrebi_02__clip0012.wav,podcast_maghrebi_02,12,podcast_maghrebi,Moroccan,https://www.youtube.com/watch?v=fXukCc1aA6g,00:00:30,00:10:30,00:03:30,00:03:45
podcast_maghrebi_02__clip0013.wav,podcast_maghrebi_02,13,podcast_maghrebi,Moroccan,https://www.youtube.com/watch?v=fXukCc1aA6g,00:00:30,00:10:30,00:03:45,00:04:00
podcast_maghrebi_02__clip0014.wav,podcast_maghrebi_02,14,podcast_maghrebi,Moroccan,https://www.youtube.com/watch?v=fXukCc1aA6g,00:00:30,00:10:30,00:04:00,00:04:15
podcast_maghrebi_02__clip0015.wav,podcast_maghrebi_02,15,podcast_maghrebi,Moroccan,https://www.youtube.com/watch?v=fXukCc1aA6g,00:00:30,00:10:30,00:04:15,00:04:30
podcast_maghrebi_02__clip0016.wav,podcast_maghrebi_02,16,podcast_maghrebi,Moroccan,https://www.youtube.com/watch?v=fXukCc1aA6g,00:00:30,00:10:30,00:04:30,00:04:45
podcast_maghrebi_02__clip0017.wav,podcast_maghrebi_02,17,podcast_maghrebi,Moroccan,https://www.youtube.com/watch?v=fXukCc1aA6g,00:00:30,00:10:30,00:04:45,00:05:00
podcast_maghrebi_02__clip0018.wav,podcast_maghrebi_02,18,podcast_maghrebi,Moroccan,https://www.youtube.com/watch?v=fXukCc1aA6g,00:00:30,00:10:30,00:05:00,00:05:15
podcast_maghrebi_02__clip0019.wav,podcast_maghrebi_02,19,podcast_maghrebi,Moroccan,https://www.youtube.com/watch?v=fXukCc1aA6g,00:00:30,00:10:30,00:05:15,00:05:30
podcast_maghrebi_02__clip0020.wav,podcast_maghrebi_02,20,podcast_maghrebi,Moroccan,https://www.youtube.com/watch?v=fXukCc1aA6g,00:00:30,00:10:30,00:05:30,00:05:45
podcast_maghrebi_02__clip0021.wav,podcast_maghrebi_02,21,podcast_maghrebi,Moroccan,https://www.youtube.com/watch?v=fXukCc1aA6g,00:00:30,00:10:30,00:05:45,00:06:00
podcast_maghrebi_02__clip0022.wav,podcast_maghrebi_02,22,podcast_maghrebi,Moroccan,https://www.youtube.com/watch?v=fXukCc1aA6g,00:00:30,00:10:30,00:06:00,00:06:15
podcast_maghrebi_02__clip0023.wav,podcast_maghrebi_02,23,podcast_maghrebi,Moroccan,https://www.youtube.com/watch?v=fXukCc1aA6g,00:00:30,00:10:30,00:06:15,00:06:30
podcast_maghrebi_02__clip0024.wav,podcast_maghrebi_02,24,podcast_maghrebi,Moroccan,https://www.youtube.com/watch?v=fXukCc1aA6g,00:00:30,00:10:30,00:06:30,00:06:45
podcast_maghrebi_02__clip0025.wav,podcast_maghrebi_02,25,podcast_maghrebi,Moroccan,https://www.youtube.com/watch?v=fXukCc1aA6g,00:00:30,00:10:30,00:06:45,00:07:00
podcast_maghrebi_02__clip0026.wav,podcast_maghrebi_02,26,podcast_maghrebi,Moroccan,https://www.youtube.com/watch?v=fXukCc1aA6g,00:00:30,00:10:30,00:07:00,00:07:15
podcast_maghrebi_02__clip0027.wav,podcast_maghrebi_02,27,podcast_maghrebi,Moroccan,https://www.youtube.com/watch?v=fXukCc1aA6g,00:00:30,00:10:30,00:07:15,00:07:30
podcast_maghrebi_02__clip0028.wav,podcast_maghrebi_02,28,podcast_maghrebi,Moroccan,https://www.youtube.com/watch?v=fXukCc1aA6g,00:00:30,00:10:30,00:07:30,00:07:45
podcast_maghrebi_02__clip0029.wav,podcast_maghrebi_02,29,podcast_maghrebi,Moroccan,https://www.youtube.com/watch?v=fXukCc1aA6g,00:00:30,00:10:30,00:07:45,00:08:00
podcast_maghrebi_02__clip0030.wav,podcast_maghrebi_02,30,podcast_maghrebi,Moroccan,https://www.youtube.com/watch?v=fXukCc1aA6g,00:00:30,00:10:30,00:08:00,00:08:15
podcast_maghrebi_02__clip0031.wav,podcast_maghrebi_02,31,podcast_maghrebi,Moroccan,https://www.youtube.com/watch?v=fXukCc1aA6g,00:00:30,00:10:30,00:08:15,00:08:30
podcast_maghrebi_02__clip0032.wav,podcast_maghrebi_02,32,podcast_maghrebi,Moroccan,https://www.youtube.com/watch?v=fXukCc1aA6g,00:00:30,00:10:30,00:08:30,00:08:45
podcast_maghrebi_02__clip0033.wav,podcast_maghrebi_02,33,podcast_maghrebi,Moroccan,https://www.youtube.com/watch?v=fXukCc1aA6g,00:00:30,00:10:30,00:08:45,00:09:00
podcast_maghrebi_02__clip0034.wav,podcast_maghrebi_02,34,podcast_maghrebi,Moroccan,https://www.youtube.com/watch?v=fXukCc1aA6g,00:00:30,00:10:30,00:09:00,00:09:15
podcast_maghrebi_02__clip0035.wav,podcast_maghrebi_02,35,podcast_maghrebi,Moroccan,https://www.youtube.com/watch?v=fXukCc1aA6g,00:00:30,00:10:30,00:09:15,00:09:30
podcast_maghrebi_02__clip0036.wav,podcast_maghrebi_02,36,podcast_maghrebi,Moroccan,https://www.youtube.com/watch?v=fXukCc1aA6g,00:00:30,00:10:30,00:09:30,00:09:45
podcast_maghrebi_02__clip0037.wav,podcast_maghrebi_02,37,podcast_maghrebi,Moroccan,https://www.youtube.com/watch?v=fXukCc1aA6g,00:00:30,00:10:30,00:09:45,00:10:00
podcast_maghrebi_02__clip0038.wav,podcast_maghrebi_02,38,podcast_maghrebi,Moroccan,https://www.youtube.com/watch?v=fXukCc1aA6g,00:00:30,00:10:30,00:10:00,00:10:15
podcast_maghrebi_02__clip0039.wav,podcast_maghrebi_02,39,podcast_maghrebi,Moroccan,https://www.youtube.com/watch?v=fXukCc1aA6g,00:00:30,00:10:30,00:10:15,00:10:30
street_morocco_01__clip0000.wav,street_morocco_01,0,street_interview,Moroccan,https://www.youtube.com/watch?v=k9-vYG6I18o,00:00:30,00:10:30,00:00:30,00:00:45
street_morocco_01__clip0001.wav,street_morocco_01,1,street_interview,Moroccan,https://www.youtube.com/watch?v=k9-vYG6I18o,00:00:30,00:10:30,00:00:45,00:01:00
street_morocco_01__clip0002.wav,street_morocco_01,2,street_interview,Moroccan,https://www.youtube.com/watch?v=k9-vYG6I18o,00:00:30,00:10:30,00:01:00,00:01:15
street_morocco_01__clip0003.wav,street_morocco_01,3,street_interview,Moroccan,https://www.youtube.com/watch?v=k9-vYG6I18o,00:00:30,00:10:30,00:01:15,00:01:30
street_morocco_01__clip0004.wav,street_morocco_01,4,street_interview,Moroccan,https://www.youtube.com/watch?v=k9-vYG6I18o,00:00:30,00:10:30,00:01:30,00:01:45
street_morocco_01__clip0005.wav,street_morocco_01,5,street_interview,Moroccan,https://www.youtube.com/watch?v=k9-vYG6I18o,00:00:30,00:10:30,00:01:45,00:02:00
street_morocco_01__clip0006.wav,street_morocco_01,6,street_interview,Moroccan,https://www.youtube.com/watch?v=k9-vYG6I18o,00:00:30,00:10:30,00:02:00,00:02:15
street_morocco_01__clip0007.wav,street_morocco_01,7,street_interview,Moroccan,https://www.youtube.com/watch?v=k9-vYG6I18o,00:00:30,00:10:30,00:02:15,00:02:30
street_morocco_01__clip0008.wav,street_morocco_01,8,street_interview,Moroccan,https://www.youtube.com/watch?v=k9-vYG6I18o,00:00:30,00:10:30,00:02:30,00:02:45
street_morocco_01__clip0009.wav,street_morocco_01,9,street_interview,Moroccan,https://www.youtube.com/watch?v=k9-vYG6I18o,00:00:30,00:10:30,00:02:45,00:03:00
street_morocco_01__clip0010.wav,street_morocco_01,10,street_interview,Moroccan,https://www.youtube.com/watch?v=k9-vYG6I18o,00:00:30,00:10:30,00:03:00,00:03:15
street_morocco_01__clip0011.wav,street_morocco_01,11,street_interview,Moroccan,https://www.youtube.com/watch?v=k9-vYG6I18o,00:00:30,00:10:30,00:03:15,00:03:30
street_morocco_01__clip0012.wav,street_morocco_01,12,street_interview,Moroccan,https://www.youtube.com/watch?v=k9-vYG6I18o,00:00:30,00:10:30,00:03:30,00:03:45
street_morocco_01__clip0013.wav,street_morocco_01,13,street_interview,Moroccan,https://www.youtube.com/watch?v=k9-vYG6I18o,00:00:30,00:10:30,00:03:45,00:04:00
street_morocco_01__clip0014.wav,street_morocco_01,14,street_interview,Moroccan,https://www.youtube.com/watch?v=k9-vYG6I18o,00:00:30,00:10:30,00:04:00,00:04:15
street_morocco_02__clip0000.wav,street_morocco_02,0,street_interview,Moroccan,https://www.youtube.com/watch?v=ZoEmKRuIE_4,00:00:30,00:10:30,00:00:30,00:00:45
street_morocco_02__clip0001.wav,street_morocco_02,1,street_interview,Moroccan,https://www.youtube.com/watch?v=ZoEmKRuIE_4,00:00:30,00:10:30,00:00:45,00:01:00
street_morocco_02__clip0002.wav,street_morocco_02,2,street_interview,Moroccan,https://www.youtube.com/watch?v=ZoEmKRuIE_4,00:00:30,00:10:30,00:01:00,00:01:15
street_morocco_02__clip0003.wav,street_morocco_02,3,street_interview,Moroccan,https://www.youtube.com/watch?v=ZoEmKRuIE_4,00:00:30,00:10:30,00:01:15,00:01:30
street_morocco_02__clip0004.wav,street_morocco_02,4,street_interview,Moroccan,https://www.youtube.com/watch?v=ZoEmKRuIE_4,00:00:30,00:10:30,00:01:30,00:01:45
street_morocco_02__clip0005.wav,street_morocco_02,5,street_interview,Moroccan,https://www.youtube.com/watch?v=ZoEmKRuIE_4,00:00:30,00:10:30,00:01:45,00:02:00
street_morocco_02__clip0006.wav,street_morocco_02,6,street_interview,Moroccan,https://www.youtube.com/watch?v=ZoEmKRuIE_4,00:00:30,00:10:30,00:02:00,00:02:15
street_morocco_02__clip0007.wav,street_morocco_02,7,street_interview,Moroccan,https://www.youtube.com/watch?v=ZoEmKRuIE_4,00:00:30,00:10:30,00:02:15,00:02:30
street_morocco_02__clip0008.wav,street_morocco_02,8,street_interview,Moroccan,https://www.youtube.com/watch?v=ZoEmKRuIE_4,00:00:30,00:10:30,00:02:30,00:02:45
street_morocco_02__clip0009.wav,street_morocco_02,9,street_interview,Moroccan,https://www.youtube.com/watch?v=ZoEmKRuIE_4,00:00:30,00:10:30,00:02:45,00:03:00
street_morocco_02__clip0010.wav,street_morocco_02,10,street_interview,Moroccan,https://www.youtube.com/watch?v=ZoEmKRuIE_4,00:00:30,00:10:30,00:03:00,00:03:15
street_morocco_02__clip0011.wav,street_morocco_02,11,street_interview,Moroccan,https://www.youtube.com/watch?v=ZoEmKRuIE_4,00:00:30,00:10:30,00:03:15,00:03:30
street_morocco_02__clip0012.wav,street_morocco_02,12,street_interview,Moroccan,https://www.youtube.com/watch?v=ZoEmKRuIE_4,00:00:30,00:10:30,00:03:30,00:03:45
street_morocco_02__clip0013.wav,street_morocco_02,13,street_interview,Moroccan,https://www.youtube.com/watch?v=ZoEmKRuIE_4,00:00:30,00:10:30,00:03:45,00:04:00
street_morocco_02__clip0014.wav,street_morocco_02,14,street_interview,Moroccan,https://www.youtube.com/watch?v=ZoEmKRuIE_4,00:00:30,00:10:30,00:04:00,00:04:15
street_morocco_02__clip0015.wav,street_morocco_02,15,street_interview,Moroccan,https://www.youtube.com/watch?v=ZoEmKRuIE_4,00:00:30,00:10:30,00:04:15,00:04:30
street_morocco_02__clip0016.wav,street_morocco_02,16,street_interview,Moroccan,https://www.youtube.com/watch?v=ZoEmKRuIE_4,00:00:30,00:10:30,00:04:30,00:04:45
street_morocco_02__clip0017.wav,street_morocco_02,17,street_interview,Moroccan,https://www.youtube.com/watch?v=ZoEmKRuIE_4,00:00:30,00:10:30,00:04:45,00:05:00
street_morocco_02__clip0018.wav,street_morocco_02,18,street_interview,Moroccan,https://www.youtube.com/watch?v=ZoEmKRuIE_4,00:00:30,00:10:30,00:05:00,00:05:15
street_morocco_02__clip0019.wav,street_morocco_02,19,street_interview,Moroccan,https://www.youtube.com/watch?v=ZoEmKRuIE_4,00:00:30,00:10:30,00:05:15,00:05:30
street_morocco_02__clip0020.wav,street_morocco_02,20,street_interview,Moroccan,https://www.youtube.com/watch?v=ZoEmKRuIE_4,00:00:30,00:10:30,00:05:30,00:05:45
street_morocco_02__clip0021.wav,street_morocco_02,21,street_interview,Moroccan,https://www.youtube.com/watch?v=ZoEmKRuIE_4,00:00:30,00:10:30,00:05:45,00:06:00
street_morocco_02__clip0022.wav,street_morocco_02,22,street_interview,Moroccan,https://www.youtube.com/watch?v=ZoEmKRuIE_4,00:00:30,00:10:30,00:06:00,00:06:15
street_morocco_02__clip0023.wav,street_morocco_02,23,street_interview,Moroccan,https://www.youtube.com/watch?v=ZoEmKRuIE_4,00:00:30,00:10:30,00:06:15,00:06:30
street_morocco_02__clip0024.wav,street_morocco_02,24,street_interview,Moroccan,https://www.youtube.com/watch?v=ZoEmKRuIE_4,00:00:30,00:10:30,00:06:30,00:06:45
street_morocco_02__clip0025.wav,street_morocco_02,25,street_interview,Moroccan,https://www.youtube.com/watch?v=ZoEmKRuIE_4,00:00:30,00:10:30,00:06:45,00:07:00
street_morocco_02__clip0026.wav,street_morocco_02,26,street_interview,Moroccan,https://www.youtube.com/watch?v=ZoEmKRuIE_4,00:00:30,00:10:30,00:07:00,00:07:15
street_morocco_02__clip0027.wav,street_morocco_02,27,street_interview,Moroccan,https://www.youtube.com/watch?v=ZoEmKRuIE_4,00:00:30,00:10:30,00:07:15,00:07:30
street_morocco_02__clip0028.wav,street_morocco_02,28,street_interview,Moroccan,https://www.youtube.com/watch?v=ZoEmKRuIE_4,00:00:30,00:10:30,00:07:30,00:07:45
street_morocco_02__clip0029.wav,street_morocco_02,29,street_interview,Moroccan,https://www.youtube.com/watch?v=ZoEmKRuIE_4,00:00:30,00:10:30,00:07:45,00:08:00
street_morocco_02__clip0030.wav,street_morocco_02,30,street_interview,Moroccan,https://www.youtube.com/watch?v=ZoEmKRuIE_4,00:00:30,00:10:30,00:08:00,00:08:15
street_morocco_02__clip0031.wav,street_morocco_02,31,street_interview,Moroccan,https://www.youtube.com/watch?v=ZoEmKRuIE_4,00:00:30,00:10:30,00:08:15,00:08:30
street_morocco_02__clip0032.wav,street_morocco_02,32,street_interview,Moroccan,https://www.youtube.com/watch?v=ZoEmKRuIE_4,00:00:30,00:10:30,00:08:30,00:08:45
street_morocco_02__clip0033.wav,street_morocco_02,33,street_interview,Moroccan,https://www.youtube.com/watch?v=ZoEmKRuIE_4,00:00:30,00:10:30,00:08:45,00:09:00
street_morocco_02__clip0034.wav,street_morocco_02,34,street_interview,Moroccan,https://www.youtube.com/watch?v=ZoEmKRuIE_4,00:00:30,00:10:30,00:09:00,00:09:15
street_morocco_02__clip0035.wav,street_morocco_02,35,street_interview,Moroccan,https://www.youtube.com/watch?v=ZoEmKRuIE_4,00:00:30,00:10:30,00:09:15,00:09:30
street_egypt_02__clip0000.wav,street_egypt_02,0,street_interview,Egyptian,https://www.youtube.com/watch?v=BNB9NzTt6aI,00:00:30,00:10:30,00:00:30,00:00:45
street_egypt_02__clip0001.wav,street_egypt_02,1,street_interview,Egyptian,https://www.youtube.com/watch?v=BNB9NzTt6aI,00:00:30,00:10:30,00:00:45,00:01:00
street_egypt_02__clip0002.wav,street_egypt_02,2,street_interview,Egyptian,https://www.youtube.com/watch?v=BNB9NzTt6aI,00:00:30,00:10:30,00:01:00,00:01:15
street_egypt_02__clip0003.wav,street_egypt_02,3,street_interview,Egyptian,https://www.youtube.com/watch?v=BNB9NzTt6aI,00:00:30,00:10:30,00:01:15,00:01:30
street_egypt_02__clip0004.wav,street_egypt_02,4,street_interview,Egyptian,https://www.youtube.com/watch?v=BNB9NzTt6aI,00:00:30,00:10:30,00:01:30,00:01:45
street_egypt_02__clip0005.wav,street_egypt_02,5,street_interview,Egyptian,https://www.youtube.com/watch?v=BNB9NzTt6aI,00:00:30,00:10:30,00:01:45,00:02:00
street_egypt_02__clip0006.wav,street_egypt_02,6,street_interview,Egyptian,https://www.youtube.com/watch?v=BNB9NzTt6aI,00:00:30,00:10:30,00:02:00,00:02:15
street_egypt_02__clip0007.wav,street_egypt_02,7,street_interview,Egyptian,https://www.youtube.com/watch?v=BNB9NzTt6aI,00:00:30,00:10:30,00:02:15,00:02:30
street_egypt_02__clip0008.wav,street_egypt_02,8,street_interview,Egyptian,https://www.youtube.com/watch?v=BNB9NzTt6aI,00:00:30,00:10:30,00:02:30,00:02:45
street_egypt_02__clip0009.wav,street_egypt_02,9,street_interview,Egyptian,https://www.youtube.com/watch?v=BNB9NzTt6aI,00:00:30,00:10:30,00:02:45,00:03:00
street_egypt_02__clip0010.wav,street_egypt_02,10,street_interview,Egyptian,https://www.youtube.com/watch?v=BNB9NzTt6aI,00:00:30,00:10:30,00:03:00,00:03:15
street_egypt_02__clip0011.wav,street_egypt_02,11,street_interview,Egyptian,https://www.youtube.com/watch?v=BNB9NzTt6aI,00:00:30,00:10:30,00:03:15,00:03:30
street_egypt_02__clip0012.wav,street_egypt_02,12,street_interview,Egyptian,https://www.youtube.com/watch?v=BNB9NzTt6aI,00:00:30,00:10:30,00:03:30,00:03:45
street_egypt_02__clip0013.wav,street_egypt_02,13,street_interview,Egyptian,https://www.youtube.com/watch?v=BNB9NzTt6aI,00:00:30,00:10:30,00:03:45,00:04:00
street_egypt_02__clip0014.wav,street_egypt_02,14,street_interview,Egyptian,https://www.youtube.com/watch?v=BNB9NzTt6aI,00:00:30,00:10:30,00:04:00,00:04:15
street_egypt_02__clip0015.wav,street_egypt_02,15,street_interview,Egyptian,https://www.youtube.com/watch?v=BNB9NzTt6aI,00:00:30,00:10:30,00:04:15,00:04:30
street_egypt_02__clip0016.wav,street_egypt_02,16,street_interview,Egyptian,https://www.youtube.com/watch?v=BNB9NzTt6aI,00:00:30,00:10:30,00:04:30,00:04:45
street_egypt_02__clip0017.wav,street_egypt_02,17,street_interview,Egyptian,https://www.youtube.com/watch?v=BNB9NzTt6aI,00:00:30,00:10:30,00:04:45,00:05:00
street_egypt_02__clip0018.wav,street_egypt_02,18,street_interview,Egyptian,https://www.youtube.com/watch?v=BNB9NzTt6aI,00:00:30,00:10:30,00:05:00,00:05:15
street_egypt_02__clip0019.wav,street_egypt_02,19,street_interview,Egyptian,https://www.youtube.com/watch?v=BNB9NzTt6aI,00:00:30,00:10:30,00:05:15,00:05:30
street_egypt_02__clip0020.wav,street_egypt_02,20,street_interview,Egyptian,https://www.youtube.com/watch?v=BNB9NzTt6aI,00:00:30,00:10:30,00:05:30,00:05:45
street_egypt_02__clip0021.wav,street_egypt_02,21,street_interview,Egyptian,https://www.youtube.com/watch?v=BNB9NzTt6aI,00:00:30,00:10:30,00:05:45,00:06:00
street_egypt_02__clip0022.wav,street_egypt_02,22,street_interview,Egyptian,https://www.youtube.com/watch?v=BNB9NzTt6aI,00:00:30,00:10:30,00:06:00,00:06:15
street_egypt_02__clip0023.wav,street_egypt_02,23,street_interview,Egyptian,https://www.youtube.com/watch?v=BNB9NzTt6aI,00:00:30,00:10:30,00:06:15,00:06:30
street_egypt_02__clip0024.wav,street_egypt_02,24,street_interview,Egyptian,https://www.youtube.com/watch?v=BNB9NzTt6aI,00:00:30,00:10:30,00:06:30,00:06:45
street_egypt_02__clip0025.wav,street_egypt_02,25,street_interview,Egyptian,https://www.youtube.com/watch?v=BNB9NzTt6aI,00:00:30,00:10:30,00:06:45,00:07:00
street_egypt_02__clip0026.wav,street_egypt_02,26,street_interview,Egyptian,https://www.youtube.com/watch?v=BNB9NzTt6aI,00:00:30,00:10:30,00:07:00,00:07:15
street_egypt_02__clip0027.wav,street_egypt_02,27,street_interview,Egyptian,https://www.youtube.com/watch?v=BNB9NzTt6aI,00:00:30,00:10:30,00:07:15,00:07:30
street_egypt_02__clip0028.wav,street_egypt_02,28,street_interview,Egyptian,https://www.youtube.com/watch?v=BNB9NzTt6aI,00:00:30,00:10:30,00:07:30,00:07:45
street_egypt_02__clip0029.wav,street_egypt_02,29,street_interview,Egyptian,https://www.youtube.com/watch?v=BNB9NzTt6aI,00:00:30,00:10:30,00:07:45,00:08:00
street_egypt_02__clip0030.wav,street_egypt_02,30,street_interview,Egyptian,https://www.youtube.com/watch?v=BNB9NzTt6aI,00:00:30,00:10:30,00:08:00,00:08:15
street_egypt_03__clip0000.wav,street_egypt_03,0,street_interview,Egyptian,https://www.youtube.com/watch?v=WwaZOTabYF4,00:00:30,00:10:30,00:00:30,00:00:45
street_egypt_03__clip0001.wav,street_egypt_03,1,street_interview,Egyptian,https://www.youtube.com/watch?v=WwaZOTabYF4,00:00:30,00:10:30,00:00:45,00:01:00
street_egypt_03__clip0002.wav,street_egypt_03,2,street_interview,Egyptian,https://www.youtube.com/watch?v=WwaZOTabYF4,00:00:30,00:10:30,00:01:00,00:01:15
street_egypt_03__clip0003.wav,street_egypt_03,3,street_interview,Egyptian,https://www.youtube.com/watch?v=WwaZOTabYF4,00:00:30,00:10:30,00:01:15,00:01:30
street_egypt_03__clip0004.wav,street_egypt_03,4,street_interview,Egyptian,https://www.youtube.com/watch?v=WwaZOTabYF4,00:00:30,00:10:30,00:01:30,00:01:45
street_egypt_03__clip0005.wav,street_egypt_03,5,street_interview,Egyptian,https://www.youtube.com/watch?v=WwaZOTabYF4,00:00:30,00:10:30,00:01:45,00:02:00
street_egypt_03__clip0006.wav,street_egypt_03,6,street_interview,Egyptian,https://www.youtube.com/watch?v=WwaZOTabYF4,00:00:30,00:10:30,00:02:00,00:02:15
street_egypt_03__clip0007.wav,street_egypt_03,7,street_interview,Egyptian,https://www.youtube.com/watch?v=WwaZOTabYF4,00:00:30,00:10:30,00:02:15,00:02:30
street_egypt_03__clip0008.wav,street_egypt_03,8,street_interview,Egyptian,https://www.youtube.com/watch?v=WwaZOTabYF4,00:00:30,00:10:30,00:02:30,00:02:45
street_egypt_03__clip0009.wav,street_egypt_03,9,street_interview,Egyptian,https://www.youtube.com/watch?v=WwaZOTabYF4,00:00:30,00:10:30,00:02:45,00:03:00
street_egypt_03__clip0010.wav,street_egypt_03,10,street_interview,Egyptian,https://www.youtube.com/watch?v=WwaZOTabYF4,00:00:30,00:10:30,00:03:00,00:03:15
street_egypt_03__clip0011.wav,street_egypt_03,11,street_interview,Egyptian,https://www.youtube.com/watch?v=WwaZOTabYF4,00:00:30,00:10:30,00:03:15,00:03:30
street_egypt_03__clip0012.wav,street_egypt_03,12,street_interview,Egyptian,https://www.youtube.com/watch?v=WwaZOTabYF4,00:00:30,00:10:30,00:03:30,00:03:45
street_egypt_03__clip0013.wav,street_egypt_03,13,street_interview,Egyptian,https://www.youtube.com/watch?v=WwaZOTabYF4,00:00:30,00:10:30,00:03:45,00:04:00
street_egypt_03__clip0014.wav,street_egypt_03,14,street_interview,Egyptian,https://www.youtube.com/watch?v=WwaZOTabYF4,00:00:30,00:10:30,00:04:00,00:04:15
street_egypt_03__clip0015.wav,street_egypt_03,15,street_interview,Egyptian,https://www.youtube.com/watch?v=WwaZOTabYF4,00:00:30,00:10:30,00:04:15,00:04:30
street_egypt_03__clip0016.wav,street_egypt_03,16,street_interview,Egyptian,https://www.youtube.com/watch?v=WwaZOTabYF4,00:00:30,00:10:30,00:04:30,00:04:45
street_egypt_03__clip0017.wav,street_egypt_03,17,street_interview,Egyptian,https://www.youtube.com/watch?v=WwaZOTabYF4,00:00:30,00:10:30,00:04:45,00:05:00
street_egypt_03__clip0018.wav,street_egypt_03,18,street_interview,Egyptian,https://www.youtube.com/watch?v=WwaZOTabYF4,00:00:30,00:10:30,00:05:00,00:05:15
street_egypt_03__clip0019.wav,street_egypt_03,19,street_interview,Egyptian,https://www.youtube.com/watch?v=WwaZOTabYF4,00:00:30,00:10:30,00:05:15,00:05:30
street_egypt_03__clip0020.wav,street_egypt_03,20,street_interview,Egyptian,https://www.youtube.com/watch?v=WwaZOTabYF4,00:00:30,00:10:30,00:05:30,00:05:45
street_egypt_03__clip0021.wav,street_egypt_03,21,street_interview,Egyptian,https://www.youtube.com/watch?v=WwaZOTabYF4,00:00:30,00:10:30,00:05:45,00:06:00
street_egypt_03__clip0022.wav,street_egypt_03,22,street_interview,Egyptian,https://www.youtube.com/watch?v=WwaZOTabYF4,00:00:30,00:10:30,00:06:00,00:06:15
street_egypt_03__clip0023.wav,street_egypt_03,23,street_interview,Egyptian,https://www.youtube.com/watch?v=WwaZOTabYF4,00:00:30,00:10:30,00:06:15,00:06:30
street_egypt_03__clip0024.wav,street_egypt_03,24,street_interview,Egyptian,https://www.youtube.com/watch?v=WwaZOTabYF4,00:00:30,00:10:30,00:06:30,00:06:45
street_egypt_03__clip0025.wav,street_egypt_03,25,street_interview,Egyptian,https://www.youtube.com/watch?v=WwaZOTabYF4,00:00:30,00:10:30,00:06:45,00:07:00
street_egypt_03__clip0026.wav,street_egypt_03,26,street_interview,Egyptian,https://www.youtube.com/watch?v=WwaZOTabYF4,00:00:30,00:10:30,00:07:00,00:07:15
street_egypt_03__clip0027.wav,street_egypt_03,27,street_interview,Egyptian,https://www.youtube.com/watch?v=WwaZOTabYF4,00:00:30,00:10:30,00:07:15,00:07:30
street_egypt_03__clip0028.wav,street_egypt_03,28,street_interview,Egyptian,https://www.youtube.com/watch?v=WwaZOTabYF4,00:00:30,00:10:30,00:07:30,00:07:45
street_egypt_03__clip0029.wav,street_egypt_03,29,street_interview,Egyptian,https://www.youtube.com/watch?v=WwaZOTabYF4,00:00:30,00:10:30,00:07:45,00:08:00
street_egypt_03__clip0030.wav,street_egypt_03,30,street_interview,Egyptian,https://www.youtube.com/watch?v=WwaZOTabYF4,00:00:30,00:10:30,00:08:00,00:08:15
street_egypt_03__clip0031.wav,street_egypt_03,31,street_interview,Egyptian,https://www.youtube.com/watch?v=WwaZOTabYF4,00:00:30,00:10:30,00:08:15,00:08:30
street_egypt_03__clip0032.wav,street_egypt_03,32,street_interview,Egyptian,https://www.youtube.com/watch?v=WwaZOTabYF4,00:00:30,00:10:30,00:08:30,00:08:45
street_egypt_03__clip0033.wav,street_egypt_03,33,street_interview,Egyptian,https://www.youtube.com/watch?v=WwaZOTabYF4,00:00:30,00:10:30,00:08:45,00:09:00
street_egypt_03__clip0034.wav,street_egypt_03,34,street_interview,Egyptian,https://www.youtube.com/watch?v=WwaZOTabYF4,00:00:30,00:10:30,00:09:00,00:09:15
street_egypt_03__clip0035.wav,street_egypt_03,35,street_interview,Egyptian,https://www.youtube.com/watch?v=WwaZOTabYF4,00:00:30,00:10:30,00:09:15,00:09:30
street_jordan_02__clip0000.wav,street_jordan_02,0,street_interview,Jordanian,https://www.youtube.com/watch?v=jjD976SmVSA,00:00:30,00:10:30,00:00:30,00:00:45
street_jordan_02__clip0001.wav,street_jordan_02,1,street_interview,Jordanian,https://www.youtube.com/watch?v=jjD976SmVSA,00:00:30,00:10:30,00:00:45,00:01:00
street_jordan_02__clip0002.wav,street_jordan_02,2,street_interview,Jordanian,https://www.youtube.com/watch?v=jjD976SmVSA,00:00:30,00:10:30,00:01:00,00:01:15
street_jordan_02__clip0003.wav,street_jordan_02,3,street_interview,Jordanian,https://www.youtube.com/watch?v=jjD976SmVSA,00:00:30,00:10:30,00:01:15,00:01:30
street_jordan_02__clip0004.wav,street_jordan_02,4,street_interview,Jordanian,https://www.youtube.com/watch?v=jjD976SmVSA,00:00:30,00:10:30,00:01:30,00:01:45
street_jordan_02__clip0005.wav,street_jordan_02,5,street_interview,Jordanian,https://www.youtube.com/watch?v=jjD976SmVSA,00:00:30,00:10:30,00:01:45,00:02:00
street_jordan_02__clip0006.wav,street_jordan_02,6,street_interview,Jordanian,https://www.youtube.com/watch?v=jjD976SmVSA,00:00:30,00:10:30,00:02:00,00:02:15
street_jordan_02__clip0007.wav,street_jordan_02,7,street_interview,Jordanian,https://www.youtube.com/watch?v=jjD976SmVSA,00:00:30,00:10:30,00:02:15,00:02:30
street_jordan_02__clip0008.wav,street_jordan_02,8,street_interview,Jordanian,https://www.youtube.com/watch?v=jjD976SmVSA,00:00:30,00:10:30,00:02:30,00:02:45
street_jordan_02__clip0009.wav,street_jordan_02,9,street_interview,Jordanian,https://www.youtube.com/watch?v=jjD976SmVSA,00:00:30,00:10:30,00:02:45,00:03:00
street_jordan_02__clip0010.wav,street_jordan_02,10,street_interview,Jordanian,https://www.youtube.com/watch?v=jjD976SmVSA,00:00:30,00:10:30,00:03:00,00:03:15
street_jordan_02__clip0011.wav,street_jordan_02,11,street_interview,Jordanian,https://www.youtube.com/watch?v=jjD976SmVSA,00:00:30,00:10:30,00:03:15,00:03:30
street_jordan_02__clip0012.wav,street_jordan_02,12,street_interview,Jordanian,https://www.youtube.com/watch?v=jjD976SmVSA,00:00:30,00:10:30,00:03:30,00:03:45
street_jordan_02__clip0013.wav,street_jordan_02,13,street_interview,Jordanian,https://www.youtube.com/watch?v=jjD976SmVSA,00:00:30,00:10:30,00:03:45,00:04:00
street_jordan_02__clip0014.wav,street_jordan_02,14,street_interview,Jordanian,https://www.youtube.com/watch?v=jjD976SmVSA,00:00:30,00:10:30,00:04:00,00:04:15
street_jordan_02__clip0015.wav,street_jordan_02,15,street_interview,Jordanian,https://www.youtube.com/watch?v=jjD976SmVSA,00:00:30,00:10:30,00:04:15,00:04:30
street_jordan_02__clip0016.wav,street_jordan_02,16,street_interview,Jordanian,https://www.youtube.com/watch?v=jjD976SmVSA,00:00:30,00:10:30,00:04:30,00:04:45
street_jordan_02__clip0017.wav,street_jordan_02,17,street_interview,Jordanian,https://www.youtube.com/watch?v=jjD976SmVSA,00:00:30,00:10:30,00:04:45,00:05:00
street_jordan_02__clip0018.wav,street_jordan_02,18,street_interview,Jordanian,https://www.youtube.com/watch?v=jjD976SmVSA,00:00:30,00:10:30,00:05:00,00:05:15
street_jordan_02__clip0019.wav,street_jordan_02,19,street_interview,Jordanian,https://www.youtube.com/watch?v=jjD976SmVSA,00:00:30,00:10:30,00:05:15,00:05:30
street_jordan_02__clip0020.wav,street_jordan_02,20,street_interview,Jordanian,https://www.youtube.com/watch?v=jjD976SmVSA,00:00:30,00:10:30,00:05:30,00:05:45
street_jordan_02__clip0021.wav,street_jordan_02,21,street_interview,Jordanian,https://www.youtube.com/watch?v=jjD976SmVSA,00:00:30,00:10:30,00:05:45,00:06:00
street_jordan_02__clip0022.wav,street_jordan_02,22,street_interview,Jordanian,https://www.youtube.com/watch?v=jjD976SmVSA,00:00:30,00:10:30,00:06:00,00:06:15
street_jordan_02__clip0023.wav,street_jordan_02,23,street_interview,Jordanian,https://www.youtube.com/watch?v=jjD976SmVSA,00:00:30,00:10:30,00:06:15,00:06:30
street_jordan_02__clip0024.wav,street_jordan_02,24,street_interview,Jordanian,https://www.youtube.com/watch?v=jjD976SmVSA,00:00:30,00:10:30,00:06:30,00:06:45
street_jordan_02__clip0025.wav,street_jordan_02,25,street_interview,Jordanian,https://www.youtube.com/watch?v=jjD976SmVSA,00:00:30,00:10:30,00:06:45,00:07:00
street_jordan_02__clip0026.wav,street_jordan_02,26,street_interview,Jordanian,https://www.youtube.com/watch?v=jjD976SmVSA,00:00:30,00:10:30,00:07:00,00:07:15
street_jordan_02__clip0027.wav,street_jordan_02,27,street_interview,Jordanian,https://www.youtube.com/watch?v=jjD976SmVSA,00:00:30,00:10:30,00:07:15,00:07:30
street_jordan_02__clip0028.wav,street_jordan_02,28,street_interview,Jordanian,https://www.youtube.com/watch?v=jjD976SmVSA,00:00:30,00:10:30,00:07:30,00:07:45
street_jordan_02__clip0029.wav,street_jordan_02,29,street_interview,Jordanian,https://www.youtube.com/watch?v=jjD976SmVSA,00:00:30,00:10:30,00:07:45,00:08:00
street_jordan_02__clip0030.wav,street_jordan_02,30,street_interview,Jordanian,https://www.youtube.com/watch?v=jjD976SmVSA,00:00:30,00:10:30,00:08:00,00:08:15
street_jordan_02__clip0031.wav,street_jordan_02,31,street_interview,Jordanian,https://www.youtube.com/watch?v=jjD976SmVSA,00:00:30,00:10:30,00:08:15,00:08:30
street_jordan_02__clip0032.wav,street_jordan_02,32,street_interview,Jordanian,https://www.youtube.com/watch?v=jjD976SmVSA,00:00:30,00:10:30,00:08:30,00:08:45
street_jordan_02__clip0033.wav,street_jordan_02,33,street_interview,Jordanian,https://www.youtube.com/watch?v=jjD976SmVSA,00:00:30,00:10:30,00:08:45,00:09:00
street_jordan_02__clip0034.wav,street_jordan_02,34,street_interview,Jordanian,https://www.youtube.com/watch?v=jjD976SmVSA,00:00:30,00:10:30,00:09:00,00:09:15
street_jordan_02__clip0035.wav,street_jordan_02,35,street_interview,Jordanian,https://www.youtube.com/watch?v=jjD976SmVSA,00:00:30,00:10:30,00:09:15,00:09:30
street_lebanon_01__clip0000.wav,street_lebanon_01,0,street_interview,Lebanese,https://www.youtube.com/watch?v=SDAXKba2DRs,00:00:30,00:10:30,00:00:30,00:00:45
street_lebanon_01__clip0001.wav,street_lebanon_01,1,street_interview,Lebanese,https://www.youtube.com/watch?v=SDAXKba2DRs,00:00:30,00:10:30,00:00:45,00:01:00
street_lebanon_01__clip0002.wav,street_lebanon_01,2,street_interview,Lebanese,https://www.youtube.com/watch?v=SDAXKba2DRs,00:00:30,00:10:30,00:01:00,00:01:15
street_lebanon_01__clip0003.wav,street_lebanon_01,3,street_interview,Lebanese,https://www.youtube.com/watch?v=SDAXKba2DRs,00:00:30,00:10:30,00:01:15,00:01:30
street_lebanon_01__clip0004.wav,street_lebanon_01,4,street_interview,Lebanese,https://www.youtube.com/watch?v=SDAXKba2DRs,00:00:30,00:10:30,00:01:30,00:01:45
street_lebanon_01__clip0005.wav,street_lebanon_01,5,street_interview,Lebanese,https://www.youtube.com/watch?v=SDAXKba2DRs,00:00:30,00:10:30,00:01:45,00:02:00
street_lebanon_01__clip0006.wav,street_lebanon_01,6,street_interview,Lebanese,https://www.youtube.com/watch?v=SDAXKba2DRs,00:00:30,00:10:30,00:02:00,00:02:15
street_lebanon_01__clip0007.wav,street_lebanon_01,7,street_interview,Lebanese,https://www.youtube.com/watch?v=SDAXKba2DRs,00:00:30,00:10:30,00:02:15,00:02:30
street_lebanon_01__clip0008.wav,street_lebanon_01,8,street_interview,Lebanese,https://www.youtube.com/watch?v=SDAXKba2DRs,00:00:30,00:10:30,00:02:30,00:02:45
street_lebanon_01__clip0009.wav,street_lebanon_01,9,street_interview,Lebanese,https://www.youtube.com/watch?v=SDAXKba2DRs,00:00:30,00:10:30,00:02:45,00:03:00
street_lebanon_01__clip0010.wav,street_lebanon_01,10,street_interview,Lebanese,https://www.youtube.com/watch?v=SDAXKba2DRs,00:00:30,00:10:30,00:03:00,00:03:15
street_lebanon_01__clip0011.wav,street_lebanon_01,11,street_interview,Lebanese,https://www.youtube.com/watch?v=SDAXKba2DRs,00:00:30,00:10:30,00:03:15,00:03:30
street_lebanon_01__clip0012.wav,street_lebanon_01,12,street_interview,Lebanese,https://www.youtube.com/watch?v=SDAXKba2DRs,00:00:30,00:10:30,00:03:30,00:03:45
street_lebanon_01__clip0013.wav,street_lebanon_01,13,street_interview,Lebanese,https://www.youtube.com/watch?v=SDAXKba2DRs,00:00:30,00:10:30,00:03:45,00:04:00
street_lebanon_01__clip0014.wav,street_lebanon_01,14,street_interview,Lebanese,https://www.youtube.com/watch?v=SDAXKba2DRs,00:00:30,00:10:30,00:04:00,00:04:15
street_lebanon_01__clip0015.wav,street_lebanon_01,15,street_interview,Lebanese,https://www.youtube.com/watch?v=SDAXKba2DRs,00:00:30,00:10:30,00:04:15,00:04:30
street_lebanon_01__clip0016.wav,street_lebanon_01,16,street_interview,Lebanese,https://www.youtube.com/watch?v=SDAXKba2DRs,00:00:30,00:10:30,00:04:30,00:04:45
street_lebanon_01__clip0017.wav,street_lebanon_01,17,street_interview,Lebanese,https://www.youtube.com/watch?v=SDAXKba2DRs,00:00:30,00:10:30,00:04:45,00:05:00
street_lebanon_01__clip0018.wav,street_lebanon_01,18,street_interview,Lebanese,https://www.youtube.com/watch?v=SDAXKba2DRs,00:00:30,00:10:30,00:05:00,00:05:15
street_lebanon_01__clip0019.wav,street_lebanon_01,19,street_interview,Lebanese,https://www.youtube.com/watch?v=SDAXKba2DRs,00:00:30,00:10:30,00:05:15,00:05:30
street_lebanon_01__clip0020.wav,street_lebanon_01,20,street_interview,Lebanese,https://www.youtube.com/watch?v=SDAXKba2DRs,00:00:30,00:10:30,00:05:30,00:05:45
street_lebanon_01__clip0021.wav,street_lebanon_01,21,street_interview,Lebanese,https://www.youtube.com/watch?v=SDAXKba2DRs,00:00:30,00:10:30,00:05:45,00:06:00
street_lebanon_01__clip0022.wav,street_lebanon_01,22,street_interview,Lebanese,https://www.youtube.com/watch?v=SDAXKba2DRs,00:00:30,00:10:30,00:06:00,00:06:15
street_lebanon_01__clip0023.wav,street_lebanon_01,23,street_interview,Lebanese,https://www.youtube.com/watch?v=SDAXKba2DRs,00:00:30,00:10:30,00:06:15,00:06:30
street_lebanon_01__clip0024.wav,street_lebanon_01,24,street_interview,Lebanese,https://www.youtube.com/watch?v=SDAXKba2DRs,00:00:30,00:10:30,00:06:30,00:06:45
street_lebanon_01__clip0025.wav,street_lebanon_01,25,street_interview,Lebanese,https://www.youtube.com/watch?v=SDAXKba2DRs,00:00:30,00:10:30,00:06:45,00:07:00
street_lebanon_01__clip0026.wav,street_lebanon_01,26,street_interview,Lebanese,https://www.youtube.com/watch?v=SDAXKba2DRs,00:00:30,00:10:30,00:07:00,00:07:15
street_lebanon_01__clip0027.wav,street_lebanon_01,27,street_interview,Lebanese,https://www.youtube.com/watch?v=SDAXKba2DRs,00:00:30,00:10:30,00:07:15,00:07:30
street_saudi_02__clip0000.wav,street_saudi_02,0,street_interview,Saudi,https://www.youtube.com/watch?v=0_O4hE7TQ9U,00:00:30,00:10:30,00:00:30,00:00:45
street_saudi_02__clip0001.wav,street_saudi_02,1,street_interview,Saudi,https://www.youtube.com/watch?v=0_O4hE7TQ9U,00:00:30,00:10:30,00:00:45,00:01:00
street_saudi_02__clip0002.wav,street_saudi_02,2,street_interview,Saudi,https://www.youtube.com/watch?v=0_O4hE7TQ9U,00:00:30,00:10:30,00:01:00,00:01:15
street_saudi_02__clip0003.wav,street_saudi_02,3,street_interview,Saudi,https://www.youtube.com/watch?v=0_O4hE7TQ9U,00:00:30,00:10:30,00:01:15,00:01:30
street_saudi_02__clip0004.wav,street_saudi_02,4,street_interview,Saudi,https://www.youtube.com/watch?v=0_O4hE7TQ9U,00:00:30,00:10:30,00:01:30,00:01:45
street_saudi_02__clip0005.wav,street_saudi_02,5,street_interview,Saudi,https://www.youtube.com/watch?v=0_O4hE7TQ9U,00:00:30,00:10:30,00:01:45,00:02:00
street_saudi_02__clip0006.wav,street_saudi_02,6,street_interview,Saudi,https://www.youtube.com/watch?v=0_O4hE7TQ9U,00:00:30,00:10:30,00:02:00,00:02:15
street_saudi_02__clip0007.wav,street_saudi_02,7,street_interview,Saudi,https://www.youtube.com/watch?v=0_O4hE7TQ9U,00:00:30,00:10:30,00:02:15,00:02:30
street_saudi_02__clip0008.wav,street_saudi_02,8,street_interview,Saudi,https://www.youtube.com/watch?v=0_O4hE7TQ9U,00:00:30,00:10:30,00:02:30,00:02:45
street_saudi_02__clip0009.wav,street_saudi_02,9,street_interview,Saudi,https://www.youtube.com/watch?v=0_O4hE7TQ9U,00:00:30,00:10:30,00:02:45,00:03:00
street_saudi_02__clip0010.wav,street_saudi_02,10,street_interview,Saudi,https://www.youtube.com/watch?v=0_O4hE7TQ9U,00:00:30,00:10:30,00:03:00,00:03:15
street_saudi_02__clip0011.wav,street_saudi_02,11,street_interview,Saudi,https://www.youtube.com/watch?v=0_O4hE7TQ9U,00:00:30,00:10:30,00:03:15,00:03:30
street_saudi_02__clip0012.wav,street_saudi_02,12,street_interview,Saudi,https://www.youtube.com/watch?v=0_O4hE7TQ9U,00:00:30,00:10:30,00:03:30,00:03:45
street_saudi_02__clip0013.wav,street_saudi_02,13,street_interview,Saudi,https://www.youtube.com/watch?v=0_O4hE7TQ9U,00:00:30,00:10:30,00:03:45,00:04:00
street_saudi_02__clip0014.wav,street_saudi_02,14,street_interview,Saudi,https://www.youtube.com/watch?v=0_O4hE7TQ9U,00:00:30,00:10:30,00:04:00,00:04:15
street_saudi_02__clip0015.wav,street_saudi_02,15,street_interview,Saudi,https://www.youtube.com/watch?v=0_O4hE7TQ9U,00:00:30,00:10:30,00:04:15,00:04:30
street_saudi_02__clip0016.wav,street_saudi_02,16,street_interview,Saudi,https://www.youtube.com/watch?v=0_O4hE7TQ9U,00:00:30,00:10:30,00:04:30,00:04:45
street_saudi_02__clip0017.wav,street_saudi_02,17,street_interview,Saudi,https://www.youtube.com/watch?v=0_O4hE7TQ9U,00:00:30,00:10:30,00:04:45,00:05:00
street_saudi_02__clip0018.wav,street_saudi_02,18,street_interview,Saudi,https://www.youtube.com/watch?v=0_O4hE7TQ9U,00:00:30,00:10:30,00:05:00,00:05:15
street_saudi_02__clip0019.wav,street_saudi_02,19,street_interview,Saudi,https://www.youtube.com/watch?v=0_O4hE7TQ9U,00:00:30,00:10:30,00:05:15,00:05:30
street_saudi_02__clip0020.wav,street_saudi_02,20,street_interview,Saudi,https://www.youtube.com/watch?v=0_O4hE7TQ9U,00:00:30,00:10:30,00:05:30,00:05:45
street_saudi_02__clip0021.wav,street_saudi_02,21,street_interview,Saudi,https://www.youtube.com/watch?v=0_O4hE7TQ9U,00:00:30,00:10:30,00:05:45,00:06:00
street_saudi_02__clip0022.wav,street_saudi_02,22,street_interview,Saudi,https://www.youtube.com/watch?v=0_O4hE7TQ9U,00:00:30,00:10:30,00:06:00,00:06:15
street_saudi_02__clip0023.wav,street_saudi_02,23,street_interview,Saudi,https://www.youtube.com/watch?v=0_O4hE7TQ9U,00:00:30,00:10:30,00:06:15,00:06:30
street_saudi_02__clip0024.wav,street_saudi_02,24,street_interview,Saudi,https://www.youtube.com/watch?v=0_O4hE7TQ9U,00:00:30,00:10:30,00:06:30,00:06:45
street_saudi_02__clip0025.wav,street_saudi_02,25,street_interview,Saudi,https://www.youtube.com/watch?v=0_O4hE7TQ9U,00:00:30,00:10:30,00:06:45,00:07:00
street_saudi_02__clip0026.wav,street_saudi_02,26,street_interview,Saudi,https://www.youtube.com/watch?v=0_O4hE7TQ9U,00:00:30,00:10:30,00:07:00,00:07:15
street_saudi_02__clip0027.wav,street_saudi_02,27,street_interview,Saudi,https://www.youtube.com/watch?v=0_O4hE7TQ9U,00:00:30,00:10:30,00:07:15,00:07:30
street_saudi_02__clip0028.wav,street_saudi_02,28,street_interview,Saudi,https://www.youtube.com/watch?v=0_O4hE7TQ9U,00:00:30,00:10:30,00:07:30,00:07:45
street_saudi_02__clip0029.wav,street_saudi_02,29,street_interview,Saudi,https://www.youtube.com/watch?v=0_O4hE7TQ9U,00:00:30,00:10:30,00:07:45,00:08:00
street_saudi_02__clip0030.wav,street_saudi_02,30,street_interview,Saudi,https://www.youtube.com/watch?v=0_O4hE7TQ9U,00:00:30,00:10:30,00:08:00,00:08:15
street_saudi_02__clip0031.wav,street_saudi_02,31,street_interview,Saudi,https://www.youtube.com/watch?v=0_O4hE7TQ9U,00:00:30,00:10:30,00:08:15,00:08:30
street_saudi_02__clip0032.wav,street_saudi_02,32,street_interview,Saudi,https://www.youtube.com/watch?v=0_O4hE7TQ9U,00:00:30,00:10:30,00:08:30,00:08:45
street_saudi_02__clip0033.wav,street_saudi_02,33,street_interview,Saudi,https://www.youtube.com/watch?v=0_O4hE7TQ9U,00:00:30,00:10:30,00:08:45,00:09:00
street_saudi_02__clip0034.wav,street_saudi_02,34,street_interview,Saudi,https://www.youtube.com/watch?v=0_O4hE7TQ9U,00:00:30,00:10:30,00:09:00,00:09:15
street_saudi_02__clip0035.wav,street_saudi_02,35,street_interview,Saudi,https://www.youtube.com/watch?v=0_O4hE7TQ9U,00:00:30,00:10:30,00:09:15,00:09:30
street_saudi_02__clip0036.wav,street_saudi_02,36,street_interview,Saudi,https://www.youtube.com/watch?v=0_O4hE7TQ9U,00:00:30,00:10:30,00:09:30,00:09:45
street_saudi_02__clip0037.wav,street_saudi_02,37,street_interview,Saudi,https://www.youtube.com/watch?v=0_O4hE7TQ9U,00:00:30,00:10:30,00:09:45,00:10:00
street_saudi_02__clip0038.wav,street_saudi_02,38,street_interview,Saudi,https://www.youtube.com/watch?v=0_O4hE7TQ9U,00:00:30,00:10:30,00:10:00,00:10:15
street_saudi_02__clip0039.wav,street_saudi_02,39,street_interview,Saudi,https://www.youtube.com/watch?v=0_O4hE7TQ9U,00:00:30,00:10:30,00:10:15,00:10:30
street_saudi_03__clip0000.wav,street_saudi_03,0,street_interview,Saudi,https://www.youtube.com/watch?v=LZRcR4PxJR4,00:00:30,00:10:30,00:00:30,00:00:45
street_saudi_03__clip0001.wav,street_saudi_03,1,street_interview,Saudi,https://www.youtube.com/watch?v=LZRcR4PxJR4,00:00:30,00:10:30,00:00:45,00:01:00
street_saudi_03__clip0002.wav,street_saudi_03,2,street_interview,Saudi,https://www.youtube.com/watch?v=LZRcR4PxJR4,00:00:30,00:10:30,00:01:00,00:01:15
street_saudi_03__clip0003.wav,street_saudi_03,3,street_interview,Saudi,https://www.youtube.com/watch?v=LZRcR4PxJR4,00:00:30,00:10:30,00:01:15,00:01:30
street_saudi_03__clip0004.wav,street_saudi_03,4,street_interview,Saudi,https://www.youtube.com/watch?v=LZRcR4PxJR4,00:00:30,00:10:30,00:01:30,00:01:45
street_saudi_03__clip0005.wav,street_saudi_03,5,street_interview,Saudi,https://www.youtube.com/watch?v=LZRcR4PxJR4,00:00:30,00:10:30,00:01:45,00:02:00
street_saudi_03__clip0006.wav,street_saudi_03,6,street_interview,Saudi,https://www.youtube.com/watch?v=LZRcR4PxJR4,00:00:30,00:10:30,00:02:00,00:02:15
street_saudi_03__clip0007.wav,street_saudi_03,7,street_interview,Saudi,https://www.youtube.com/watch?v=LZRcR4PxJR4,00:00:30,00:10:30,00:02:15,00:02:30
street_saudi_03__clip0008.wav,street_saudi_03,8,street_interview,Saudi,https://www.youtube.com/watch?v=LZRcR4PxJR4,00:00:30,00:10:30,00:02:30,00:02:45
street_saudi_03__clip0009.wav,street_saudi_03,9,street_interview,Saudi,https://www.youtube.com/watch?v=LZRcR4PxJR4,00:00:30,00:10:30,00:02:45,00:03:00
street_saudi_03__clip0010.wav,street_saudi_03,10,street_interview,Saudi,https://www.youtube.com/watch?v=LZRcR4PxJR4,00:00:30,00:10:30,00:03:00,00:03:15
street_saudi_03__clip0011.wav,street_saudi_03,11,street_interview,Saudi,https://www.youtube.com/watch?v=LZRcR4PxJR4,00:00:30,00:10:30,00:03:15,00:03:30
street_saudi_03__clip0012.wav,street_saudi_03,12,street_interview,Saudi,https://www.youtube.com/watch?v=LZRcR4PxJR4,00:00:30,00:10:30,00:03:30,00:03:45
street_saudi_03__clip0013.wav,street_saudi_03,13,street_interview,Saudi,https://www.youtube.com/watch?v=LZRcR4PxJR4,00:00:30,00:10:30,00:03:45,00:04:00
street_saudi_03__clip0014.wav,street_saudi_03,14,street_interview,Saudi,https://www.youtube.com/watch?v=LZRcR4PxJR4,00:00:30,00:10:30,00:04:00,00:04:15
street_saudi_03__clip0015.wav,street_saudi_03,15,street_interview,Saudi,https://www.youtube.com/watch?v=LZRcR4PxJR4,00:00:30,00:10:30,00:04:15,00:04:30
street_saudi_03__clip0016.wav,street_saudi_03,16,street_interview,Saudi,https://www.youtube.com/watch?v=LZRcR4PxJR4,00:00:30,00:10:30,00:04:30,00:04:45
street_saudi_03__clip0017.wav,street_saudi_03,17,street_interview,Saudi,https://www.youtube.com/watch?v=LZRcR4PxJR4,00:00:30,00:10:30,00:04:45,00:05:00
street_saudi_03__clip0018.wav,street_saudi_03,18,street_interview,Saudi,https://www.youtube.com/watch?v=LZRcR4PxJR4,00:00:30,00:10:30,00:05:00,00:05:15
street_saudi_03__clip0019.wav,street_saudi_03,19,street_interview,Saudi,https://www.youtube.com/watch?v=LZRcR4PxJR4,00:00:30,00:10:30,00:05:15,00:05:30
street_saudi_03__clip0020.wav,street_saudi_03,20,street_interview,Saudi,https://www.youtube.com/watch?v=LZRcR4PxJR4,00:00:30,00:10:30,00:05:30,00:05:45
street_saudi_03__clip0021.wav,street_saudi_03,21,street_interview,Saudi,https://www.youtube.com/watch?v=LZRcR4PxJR4,00:00:30,00:10:30,00:05:45,00:06:00
street_saudi_03__clip0022.wav,street_saudi_03,22,street_interview,Saudi,https://www.youtube.com/watch?v=LZRcR4PxJR4,00:00:30,00:10:30,00:06:00,00:06:15
street_saudi_03__clip0023.wav,street_saudi_03,23,street_interview,Saudi,https://www.youtube.com/watch?v=LZRcR4PxJR4,00:00:30,00:10:30,00:06:15,00:06:30
street_saudi_03__clip0024.wav,street_saudi_03,24,street_interview,Saudi,https://www.youtube.com/watch?v=LZRcR4PxJR4,00:00:30,00:10:30,00:06:30,00:06:45
street_saudi_03__clip0025.wav,street_saudi_03,25,street_interview,Saudi,https://www.youtube.com/watch?v=LZRcR4PxJR4,00:00:30,00:10:30,00:06:45,00:07:00
street_saudi_03__clip0026.wav,street_saudi_03,26,street_interview,Saudi,https://www.youtube.com/watch?v=LZRcR4PxJR4,00:00:30,00:10:30,00:07:00,00:07:15
street_saudi_03__clip0027.wav,street_saudi_03,27,street_interview,Saudi,https://www.youtube.com/watch?v=LZRcR4PxJR4,00:00:30,00:10:30,00:07:15,00:07:30
street_saudi_03__clip0028.wav,street_saudi_03,28,street_interview,Saudi,https://www.youtube.com/watch?v=LZRcR4PxJR4,00:00:30,00:10:30,00:07:30,00:07:45
street_saudi_03__clip0029.wav,street_saudi_03,29,street_interview,Saudi,https://www.youtube.com/watch?v=LZRcR4PxJR4,00:00:30,00:10:30,00:07:45,00:08:00
street_saudi_03__clip0030.wav,street_saudi_03,30,street_interview,Saudi,https://www.youtube.com/watch?v=LZRcR4PxJR4,00:00:30,00:10:30,00:08:00,00:08:15
